1.024496097564697266e+02,1.042831771373748779e+02,1.034050018787384033e+02,1.032109777927398824e+02,1.014940280914306641e+02,1.026999330520630025e+02
7.586381435394287109e-01,6.287999153137207031e-01,1.209612131118774414e+00,1.504603147506714089e+00,7.753078937530517578e-01,1.006115913391113281e+00
3.436889648437500000e-01,4.709391593933104914e-01,6.852381229400634766e-01,6.033890247344970703e-01,5.653369426727294922e-01,2.469701766967772882e-01
3.963441848754882812e-01,9.824769496917723499e-01,9.583499431610108532e-01,8.933968544006347656e-01,6.176760196685791016e-01,7.458889484405517578e-01
1.053087949752807617e+00,4.712898731231688898e-01,6.642382144927978516e-01,8.659811019897460938e-01,2.298071384429931086e-01,9.183118343353271484e-01
8.648779392242431641e-01,6.312360763549804688e-01,7.105138301849365234e-01,7.699050903320312500e-01,5.136659145355224609e-01,6.306610107421875000e-01
8.821880817413330078e-01,6.289422512054443359e-01,1.001472949981689675e+00,5.995130538940429688e-01,1.068968057632446289e+00,9.031798839569091797e-01
7.143578529357910156e-01,6.114819049835205078e-01,6.366851329803466797e-01,9.039518833160400391e-01,6.640079021453857422e-01,8.149030208587646484e-01
8.704659938812255859e-01,4.513530731201171875e-01,1.052392005920410156e+00,1.047678947448730469e+00,7.816808223724365234e-01,5.584771633148193359e-01
8.487100601196289062e-01,8.486959934234619141e-01,6.591179370880126953e-01,9.470798969268799938e-01,7.306370735168457031e-01,1.234524965286254883e+00
6.689529418945312500e-01,7.220900058746337891e-01,7.763957977294921875e-01,6.166551113128662109e-01,9.586551189422608532e-01,6.655430793762207031e-01
7.719752788543701172e-01,2.269456386566162109e-01,8.733842372894287109e-01,5.015130043029785156e-01,9.070041179656982422e-01,1.187671899795532227e+00
7.056276798248291016e-01,8.845031261444091797e-01,7.825369834899902344e-01,7.468130588531494141e-01,7.950029373168945312e-01,6.989932060241699219e-01
9.796361923217772327e-01,7.484772205352783203e-01,5.095710754394531250e-01,1.005376815795898438e+00,8.056690692901611328e-01,1.327810764312743919e+00
6.887609958648681641e-01,7.547919750213623047e-01,1.001544952392577903e+00,8.443651199340820312e-01,7.723629474639892578e-01,7.116150856018066406e-01
7.095150947570800781e-01,7.956237792968750000e-01,7.855639457702636719e-01,6.630461215972900391e-01,5.036199092864990234e-01,1.072003841400146484e+00
8.699729442596435547e-01,4.127559661865233820e-01,9.247639179229736328e-01,7.459769248962402344e-01,8.658330440521240234e-01,6.830341815948486328e-01
6.901588439941406250e-01,1.068712949752807617e+00,7.856061458587646484e-01,6.248459815979003906e-01,7.536108493804931641e-01,9.351129531860351562e-01
9.925460815429687500e-01,8.556091785430908203e-01,7.681820392608642578e-01,7.572469711303710938e-01,7.871952056884765625e-01,1.119029998779296875e+00
6.317501068115234375e-01,8.355951309204101562e-01,6.083257198333740234e-01,8.575780391693115234e-01,7.059388160705566406e-01,9.665369987487791859e-01
8.278677463531494141e-01,9.338769912719727673e-01,7.959830760955810547e-01,8.704881668090820312e-01,7.007911205291748047e-01,7.296798229217529297e-01
9.419720172882080078e-01,8.605248928070068359e-01,8.251972198486328125e-01,1.146343946456909180e+00,9.664690494537353516e-01,1.009972333908081055e+00
1.010452032089233398e+00,7.208189964294433594e-01,7.254426479339599609e-01,9.245638847351074219e-01,9.657750129699708141e-01,1.104751825332641602e+00
1.136166095733642578e+00,6.653800010681152344e-01,8.682971000671386719e-01,8.193531036376953125e-01,6.223349571228027344e-01,6.838569641113281250e-01
9.343960285186767578e-01,7.783110141754150391e-01,9.154222011566162109e-01,5.130827426910400391e-01,1.189615011215209961e+00,8.309690952301025391e-01
7.118408679962158203e-01,6.990311145782470703e-01,8.428428173065185547e-01,7.453770637512207031e-01,6.704740524291992188e-01,1.272304058074951172e+00
1.022886991500854492e+00,7.886216640472412109e-01,5.035970211029052734e-01,7.638180255889892578e-01,8.133139610290527344e-01,8.562366962432861328e-01
8.587613105773925781e-01,7.166342735290527344e-01,6.820681095123291016e-01,8.149800300598144531e-01,9.424569606781005859e-01,8.842492103576660156e-01
7.014868259429931641e-01,8.896770477294921875e-01,7.817568778991699219e-01,8.124251365661621094e-01,4.629170894622802734e-01,1.488509893417358398e+00
1.073442935943603516e+00,8.679568767547607422e-01,1.039759159088134766e+00,1.234192132949829102e+00,7.019038200378417969e-01,1.269845008850097656e+00
7.465720176696777344e-01,8.716599941253662109e-01,8.768157958984375000e-01,6.376667022705078125e-01,8.655552864074707031e-01,1.208294153213500977e+00
8.725910186767578125e-01,7.524130344390869141e-01,1.103272199630737305e+00,9.943013191223144531e-01,7.666196823120117188e-01,2.792829990386962891e+00
1.003344058990478294e+00,3.757679462432860773e-01,4.327869415283203125e-01,4.523117542266845148e-01,8.685262203216552734e-01,1.488260746002197266e+00
8.968830108642578125e-01,1.006195068359375000e+00,1.023128986358642578e+00,8.190279006958007812e-01,8.712298870086669922e-01,2.180330276489257812e+00
1.031210899353027122e+00,9.020059108734131970e-01,9.736909866333007812e-01,1.026399135589599609e+00,1.010913133621215820e+00,1.433174848556518555e+00
1.746897935867309570e+00,6.731350421905517578e-01,1.158056974411010742e+00,9.841580390930175781e-01,7.595489025115966797e-01,1.696521282196044922e+00
1.805459976196289062e+00,8.241581916809082031e-01,9.143180847167967640e-01,7.611029148101806641e-01,7.451200485229492188e-01,1.398405790328979492e+00
1.190652132034301758e+00,8.855028152465820312e-01,7.319958209991455078e-01,5.826978683471679688e-01,8.871648311614990234e-01,1.042951822280883789e+00
1.142548084259033203e+00,1.474580049514770508e+00,7.921280860900878906e-01,6.879370212554931641e-01,7.777600288391113281e-01,1.334902048110961914e+00
1.004580736160278320e+00,8.775799274444580078e-01,6.438729763031005859e-01,7.394969463348388672e-01,1.820182085037231223e+00,2.087148189544677734e+00
1.416689157485961914e+00,8.870420455932617188e-01,7.435152530670166016e-01,8.143961429595947266e-01,7.596797943115234375e-01,1.210350036621093750e+00
1.330028057098388894e+00,7.867019176483154297e-01,6.662127971649169922e-01,6.448440551757812500e-01,7.448792457580566406e-01,1.005269050598144309e+00
1.447885036468506081e+00,7.224760055541992188e-01,6.898448467254638672e-01,4.991650581359862726e-01,7.350800037384033203e-01,1.872872829437256081e+00
1.303636074066162109e+00,9.977531433105467640e-01,7.116229534149169922e-01,7.348217964172363281e-01,1.018788099288940430e+00,2.887283086776733398e+00
1.307524681091308594e+00,1.054131031036376953e+00,1.120620012283325195e+00,7.738521099090576172e-01,8.809158802032470703e-01,2.268169879913330078e+00
1.231960058212280495e+00,6.819770336151123047e-01,5.707001686096191406e-01,9.673328399658204235e-01,9.036307334899902344e-01,1.716312170028686301e+00
1.245921134948730469e+00,9.069807529449464001e-01,8.579308986663818359e-01,1.035270214080810325e+00,7.008850574493408203e-01,1.537536859512329102e+00
1.166756153106689675e+00,8.495101928710937500e-01,4.577391147613524836e-01,6.549928188323974609e-01,1.012642145156860352e+00,1.932275056838989258e+00
2.209645748138427734e+00,8.841059207916259766e-01,9.186539649963380016e-01,6.776201725006103516e-01,9.204070568084715687e-01,1.766192913055419922e+00
2.201993942260742188e+00,8.768448829650878906e-01,9.795451164245604359e-01,6.494250297546386719e-01,9.581170082092284046e-01,1.989819049835205078e+00
1.507830142974853516e+00,7.722721099853515625e-01,1.668988943099975586e+00,7.085990905761718750e-01,1.131826877593993919e+00,3.303400039672851562e+00
2.407174110412597656e+00,7.886710166931152344e-01,5.678629875183105469e-01,7.779588699340820312e-01,1.241752147674560325e+00,1.087064290046692072e+01
6.844969987869262695e+00,7.170560359954833984e-01,2.189454078674316406e+00,5.102438926696777344e-01,5.829188823699951172e-01,2.092015027999877930e+00
1.725415945053100586e+00,7.657339572906494141e-01,2.496382951736450195e+00,7.667989730834960938e-01,9.170880317687988281e-01,1.747315883636474609e+00
2.601366996765136719e+00,1.198089122772216797e+00,1.950797080993652344e+00,6.516931056976318359e-01,7.489459514617919922e-01,1.897353172302246094e+00
3.007928133010864258e+00,8.463606834411621094e-01,1.982842922210693581e+00,7.072961330413818359e-01,7.915050983428955078e-01,1.359625816345214844e+00
2.586869716644287109e+00,9.118931293487547718e-01,1.522514820098876953e+00,6.761338710784912109e-01,5.966050624847412109e-01,1.880314111709594727e+00
2.099686145782470703e+00,7.103800773620605469e-01,2.427016258239746094e+00,5.384149551391601562e-01,7.784650325775146484e-01,1.426244258880615234e+00
2.387983083724975586e+00,6.881971359252929688e-01,1.412338972091674805e+00,9.416460990905761719e-01,7.616267204284667969e-01,2.421719789505004883e+00
2.585941076278686523e+00,8.143339157104492188e-01,1.087939023971557617e+00,8.701961040496826172e-01,5.657882690429687500e-01,3.299393892288208008e+00
2.303507804870605469e+00,1.729469776153564453e+00,1.165886878967285156e+00,7.108118534088134766e-01,1.020934820175170898e+00,3.199264049530029297e+00
2.366326808929443359e+00,1.157677173614501953e+00,1.363972902297973633e+00,1.679769039154052734e+00,1.878057003021240012e+00,2.227308988571166992e+00
1.763170003890991211e+00,1.140810012817382812e+00,1.740941047668457031e+00,8.960640430450439453e-01,1.014727830886840820e+00,1.714055061340332031e+00
2.620001077651977539e+00,9.909150600433349609e-01,1.643756151199340820e+00,6.154561042785644531e-01,8.596341609954833984e-01,1.057902097702026367e+00
3.296160936355590820e+00,1.396237850189208984e+00,1.061769962310791016e+00,1.010920763015747070e+00,8.938279151916503906e-01,2.114923954010009766e+00
3.491250038146972656e+00,1.234773874282836914e+00,1.294059991836548074e+00,8.656620979309082031e-01,7.151732444763183594e-01,1.823387861251831055e+00
3.800646066665649414e+00,1.152178287506103516e+00,1.148453950881958008e+00,4.283068180084227961e-01,1.143215894699096902e+00,3.683979034423828125e+00
2.926909923553466797e+00,1.307283878326416016e+00,2.173578023910522461e+00,1.007677316665649414e+00,8.935089111328125000e-01,2.346961975097655806e+00
3.332929134368896484e+00,9.857130050659179688e-01,8.481869697570800781e-01,6.065437793731689453e-01,7.582662105560302734e-01,3.373983144760131836e+00
2.298260927200317383e+00,2.033886909484863281e+00,1.211637020111083984e+00,8.875000476837158203e-01,8.123068809509277344e-01,3.721790075302124023e+00
2.321834087371826172e+00,1.671404123306274414e+00,8.766689300537109375e-01,4.933850765228270929e-01,8.903141021728515625e-01,5.632545948028564453e+00
2.500364065170288086e+00,1.278541088104248047e+00,1.034641265869140625e+00,8.354988098144531250e-01,1.017102718353271706e+00,3.313909769058227539e+00
1.553408861160278320e+00,1.209473848342895508e+00,2.241491794586181641e+00,7.211599349975585938e-01,6.426770687103271484e-01,3.318564176559447798e+00
2.025123119354248047e+00,1.895617008209228294e+00,7.598979949951171875e+00,6.368861198425292969e-01,8.664460182189941406e-01,2.272320985794067383e+00
1.813346862792968750e+00,1.192714214324951172e+00,3.731011152267456055e+00,7.499420642852783203e-01,1.100280046463012695e+00,3.329314947128295898e+00
3.784625053405761719e+00,1.665992736816406250e+00,2.612692832946777344e+00,6.198630332946777344e-01,1.505102872848510742e+00,2.112861156463623047e+00
3.507563114166260210e+00,1.704845190048217773e+00,3.755727052688598189e+00,5.248749256134033203e-01,1.465570211410522461e+00,2.484284877777099609e+00
2.142177104949951172e+00,1.390698909759521706e+00,2.793771982192993164e+00,7.063381671905517578e-01,1.164124011993408203e+00,3.557177066802978516e+00
7.251937627792358398e+00,1.666735887527465820e+00,3.350522994995117188e+00,9.840278625488280140e-01,1.192511081695556641e+00,3.215291976928710938e+00
4.496651172637939453e+00,1.060415029525756836e+00,1.403132224082946777e+01,6.961550712585449219e-01,6.856508255004882812e-01,4.117444992065429688e+00
2.274430036544799805e+00,1.696092844009399414e+00,1.491253614425659180e+00,7.430269718170166016e-01,1.036137104034423828e+00,2.654909849166870117e+00
1.856356859207153098e+00,1.746698379516601562e+00,5.712461471557617188e-01,8.784909248352050781e-01,7.045030593872070312e-01,3.580695152282714844e+00
1.026689052581787109e+00,1.397546768188476562e+00,3.104115962982177734e+00,7.659251689910888672e-01,6.657147407531738281e-01,3.088650941848754883e+00
1.223127126693725586e+00,2.289286136627197266e+00,1.914870023727416992e+00,6.787588596343994141e-01,5.479731559753417969e-01,4.497950077056884766e+00
2.768952846527099609e+00,1.360072851181030495e+00,2.258305072784423828e+00,1.126842975616455078e+00,8.326439857482910156e-01,2.470933914184570312e+00
2.274568080902099609e+00,2.386350154876708984e+00,2.135076045989990234e+00,3.936190605163574219e-01,7.395281791687011719e-01,1.657024693489074707e+01
1.934041976928710938e+00,1.726650953292846902e+00,1.904199838638305664e+00,7.584249973297119141e-01,6.293609142303466797e-01,1.407624697685241522e+01
1.759413003921508789e+00,1.721318006515502930e+00,9.645869731903076172e-01,4.990069866180419922e-01,5.970888137817382812e-01,1.430019998550415039e+01
1.950886011123657227e+00,2.389675140380859375e+00,1.684432983398437500e+00,8.167738914489746094e-01,1.030089139938354492e+00,1.227258706092834473e+01
1.779002904891967773e+00,1.873858690261840820e+00,6.753886222839355469e+00,4.788641929626464844e-01,4.268038272857666016e-01,3.261433124542236328e+00
1.530090093612670898e+00,5.434942245483398438e+00,2.334677696228027344e+00,6.118509769439697266e-01,1.654331684112547995e-01,3.137673854827880859e+00
1.851688861846924050e+00,1.904325962066650391e+00,2.964777231216430664e+00,7.761828899383544922e-01,9.431819915771484375e-01,1.938904047012329102e+00
1.581496000289916992e+00,8.249399662017822266e-01,3.133061885833739790e+00,6.960270404815673828e-01,4.151828289031981867e-01,4.954997062683105469e+00
2.088876008987426758e+00,1.386230945587158203e+00,3.445384979248046875e+00,6.577990055084228516e-01,1.059890985488891602e+00,3.126358032226562500e+00
1.304684162139892578e+00,2.707891941070556641e+00,3.885153055191040039e+00,1.225861072540283203e+00,6.469302177429199219e-01,6.222499895095825195e+01
1.503309011459350586e+00,1.732075214385986328e+00,4.591834068298339844e+00,6.641459465026855469e-01,6.969318389892578125e-01,5.995457720756530762e+01
1.495031118392944336e+00,1.225550651550292969e+00,2.984145879745483398e+00,6.426038742065429688e-01,9.124321937561036266e-01,1.335056781768798828e+00
1.673550844192504883e+00,7.197140216827392578e+00,5.990603208541870117e+00,6.814301013946533203e-01,7.358107566833496094e-01,1.757075071334838867e+00
1.085671186447143555e+00,2.203701972961425781e+00,5.385276794433593750e+00,1.266365051269531250e+00,8.522071838378906250e-01,1.416280031204223633e+00
1.327281951904296875e+00,1.899189949035644309e+00,2.088402986526489258e+00,9.859449863433837891e-01,6.719129085540771484e-01,1.627898693084716797e+00
1.547564983367919922e+00,6.591487884521484375e+00,2.320646047592163086e+00,1.042335033416748047e+00,5.003380775451660156e-01,1.527910232543945090e+00
1.161748886108398438e+00,1.364969968795776367e+00,1.958280086517333984e+00,7.490818500518798828e-01,6.070649623870849609e-01,1.599519968032836914e+00
1.440849065780639648e+00,2.483149051666260210e+00,1.340666055679321289e+00,9.892389774322509766e-01,5.974121093750000000e-01,1.231583118438720703e+00
1.436136960983276367e+00,1.325240135192871094e+00,1.044360876083374023e+00,6.361920833587646484e-01,9.247169494628906250e-01,1.751992940902709961e+00
1.372351884841918945e+00,1.262162923812866211e+00,2.502337217330932617e+00,9.805228710174560547e-01,4.808070659637451172e-01,5.561824083328247070e+00
1.413175106048583984e+00,2.277204990386962891e+00,9.476096630096435547e-01,1.752355098724365234e+00,1.006103992462158203e+00,3.883874893188477007e+00
1.254724025726318359e+00,2.523571968078613281e+00,3.305363178253173828e+00,9.276440143585203968e-01,5.764658451080322266e-01,6.816143989562988281e+00
1.209421873092651367e+00,4.982872009277343750e+00,3.341569900512694757e-01,9.333560466766356312e-01,5.313570499420166016e-01,1.869344949722290039e+00
1.002351045608520508e+00,2.182351112365722656e+00,1.076851129531860352e+00,5.578038692474365234e-01,8.300819396972656250e-01,3.376911878585814986e+00
1.558495998382568359e+00,2.668169021606445312e+00,1.539051055908203125e+00,8.407890796661376953e-01,8.204960823059082031e-01,3.574831247329711914e+00
8.760578632354736328e-01,1.675209045410156250e+00,1.442056894302368164e+00,1.120202064514160156e+00,1.135325908660888894e+00,1.581526041030883789e+00
1.823073148727416992e+00,2.203003883361816406e+00,1.095298051834106445e+00,7.827591896057128906e-01,1.316301107406616211e+00,2.934627771377563477e+00
1.506880998611450195e+00,1.017833948135375977e+00,2.143429994583129883e+00,1.057437896728515625e+00,8.356008529663085938e-01,1.762309074401855691e+00
1.190854072570800781e+00,2.207229137420654297e+00,1.182079792022705078e+00,9.405529499053956188e-01,9.672200679779051624e-01,1.393988847732543945e+00
1.124840974807739258e+00,2.041410207748413086e+00,8.684091567993164062e-01,9.531898498535156250e-01,9.255590438842772327e-01,1.119537115097045898e+00
1.228293895721435547e+00,1.731955766677856445e+00,1.697945833206176758e+00,7.892920970916748047e-01,1.664365053176880105e+00,3.451132082939147949e+01
1.333712100982666016e+00,1.944020032882690430e+00,2.711723089218139648e+00,6.808729171752929688e-01,1.165541887283325195e+00,1.356060266494750977e+00
1.185386896133422852e+00,2.254940986633300781e+00,1.718677997589111106e+00,1.564860105514526367e+00,8.107650279998779297e-01,8.430575847625732422e+00
4.818032026290893555e+00,1.777933120727539062e+00,1.871739149093627930e+00,1.009591102600097656e+00,8.503069877624511719e-01,1.616810083389282227e+00
1.893928050994873047e+00,1.897386789321899192e+00,4.622123718261718750e+00,1.088640928268432617e+00,7.332360744476318359e-01,9.237120151519776501e-01
1.387130022048950195e+00,2.498252153396606445e+00,2.207617998123168945e+00,8.337140083312988281e-01,6.464569568634033203e-01,8.277640342712402344e-01
1.245820045471191406e+00,1.175128936767577903e+00,2.617952108383178711e+00,7.172958850860595703e-01,5.639672279357910156e-01,1.650469064712524414e+00
1.725988864898681641e+00,1.569971084594726562e+00,3.638465809822082520e+01,6.577589511871337891e-01,1.383557796478271706e+00,1.224074840545654297e+00
6.904950141906738281e-01,1.546038866043090820e+00,7.551373958587646484e+00,1.126573085784912109e+00,7.095091342926025391e-01,2.258170127868652344e+00
1.560782194137573242e+00,1.388659238815307617e+00,2.169827938079833984e+00,1.897825002670288086e+00,8.711099624633789062e-01,1.199339866638183594e+00
4.447059631347656250e-01,3.117315769195556641e+00,2.174233913421630859e+00,1.363425970077514648e+00,6.599516868591308594e-01,1.020781040191650391e+00
1.347267866134643555e+00,1.908892154693603516e+00,1.435474157333374023e+00,1.038318872451782227e+00,8.394632339477539062e-01,1.535367250442504883e+00
2.007085084915161133e+00,4.130220651626586914e+00,2.038592100143432617e+00,5.135180950164794922e-01,7.312099933624267578e-01,1.481086969375610352e+00
2.257508993148803711e+00,1.799271345138549805e+00,1.013136863708496094e+00,7.325859069824218750e-01,3.414740562438964844e-01,7.898707389831542969e-01
2.091826915740966797e+00,1.320275783538818359e+00,1.532601118087768555e+00,5.962390899658203125e-01,5.706818103790283203e-01,4.422406196594238281e+00
1.606742143630981445e+00,1.583031177520751953e+00,9.049978256225585938e-01,8.237090110778808594e-01,9.035031795501707874e-01,2.143325805664062500e+00
1.652224063873291016e+00,1.943629741668701172e+00,1.272215127944946289e+00,6.793830394744873047e-01,4.871749877929686945e-01,1.848690986633300781e+00
5.852715969085693359e-01,1.299052000045776367e+00,1.499310016632080078e+00,7.569007873535156250e-01,9.340119361877440296e-01,1.799143314361572488e+00
6.388692855834960938e-01,1.353116273880004883e+00,1.576351881027221680e+00,9.161581993103028454e-01,5.473260879516601562e-01,1.554314613342285156e+00
5.717520713806152344e-01,1.364413976669311523e+00,8.447160720825195312e-01,4.425082206726074219e-01,7.048797607421875000e-01,5.743782281875610352e+00
1.067493915557861106e+00,9.600780010223387562e-01,1.261970043182373047e+00,9.251928329467772327e-01,5.950043201446533203e-01,2.133678674697875977e+00
1.465168952941894309e+00,1.078860759735107422e+00,2.593771934509277344e+00,8.843438625335693359e-01,7.666449546813964844e-01,8.130978107452392578e+00
2.291429042816162109e+00,2.266547203063964844e+00,7.781598567962646484e-01,7.426030635833740234e-01,7.142939567565917969e-01,7.684902191162109375e+00
9.924159049987791859e-01,2.458549022674560547e+00,3.691068172454833984e+00,4.114170074462890070e-01,4.307930469512938898e-01,2.024627923965454102e+00
1.224132061004638894e+00,1.564976930618285911e+00,1.507367849349975586e+00,1.062019109725951926e+00,5.681028366088867188e-01,5.345427036285400391e+00
1.862576961517333984e+00,3.094939947128295898e+00,1.536234140396118164e+00,6.573131084442138672e-01,8.184649944305419922e-01,1.152048826217651367e+00
1.349852085113525391e+00,2.226260185241699219e+00,1.247247934341430886e+00,7.116317749023437500e-01,9.102771282196043812e-01,6.762840747833251953e-01
1.260143995285034180e+00,2.029477834701538086e+00,2.724313974380493164e+00,1.113458871841430886e+00,8.411898612976074219e-01,9.595839977264404297e-01
8.975789546966552734e-01,1.871096134185791016e+00,3.231686115264892578e+00,1.042428255081176758e+00,4.750039577484130859e-01,1.330630064010619895e+00
1.184272766113281250e+00,2.633200883865356445e+00,1.093749046325683594e+00,1.099324941635131836e+00,1.057205915451049805e+00,1.364232778549194336e+00
9.672660827636719860e-01,1.644247055053710938e+00,9.289857864379884589e+00,7.439248561859130859e-01,1.154664278030395508e+00,7.442293167114257812e-01
8.089179992675781250e-01,1.487281799316406250e+00,1.342996835708618164e+00,6.927859783172607422e-01,8.290688991546630859e-01,5.712759494781494141e-01
8.912141323089599609e-01,1.238021135330200195e+00,4.191935062408447266e+00,5.360591411590576172e-01,9.174439907073975720e-01,8.223228454589843750e-01
8.362491130828857422e-01,1.010052919387817383e+00,1.852952003479003906e+00,5.502820014953613281e-01,9.822940826416015625e-01,5.404102802276611328e-01
7.107300758361816406e-01,1.116508245468139648e+00,2.212304115295410156e+00,7.548968791961669922e-01,4.039618968963623047e-01,4.030835866928100586e+00
1.433286905288696289e+00,1.150957822799682617e+00,2.079823970794677734e+00,2.758252620697020929e-01,7.194910049438476562e-01,8.318679332733154297e-01
1.568109989166259766e+00,1.364269971847534180e+00,1.179411888122558594e+00,7.388799190521240234e-01,6.668128967285156250e-01,5.283110141754150391e-01
1.178331851959228294e+00,8.286800384521484375e-01,9.891750812530517578e-01,7.444601058959960938e-01,7.495632171630859375e-01,5.451419353485107422e-01
2.156821012496947798e+00,9.610180854797364391e-01,7.134461402893066406e-01,6.245067119598388672e-01,6.203849315643310547e-01,7.479791641235351562e-01
6.378660202026367188e-01,1.569198846817016602e+00,1.819898843765258789e+00,6.834492683410644531e-01,7.440400123596191406e-01,9.962189197540284313e-01
1.270941019058227539e+00,1.973886251449584961e+00,2.019685268402099609e+00,7.818679809570312500e-01,4.733679294586181086e-01,1.182518005371093750e+00
8.889961242675781250e-01,1.731859922409057617e+00,9.369935989379883923e-01,7.527668476104736328e-01,6.685471534729003906e-01,7.807011604309082031e-01
1.035258769989013672e+00,1.466331958770751953e+00,7.760572433471679688e-01,6.445660591125488281e-01,6.915278434753417969e-01,1.370923757553100586e+00
1.619897127151489258e+00,1.353289842605590820e+00,5.970230102539062500e-01,8.030521869659423828e-01,6.757562160491943359e-01,1.191745996475219505e+00
1.401799917221069114e+00,1.147739171981811523e+00,8.682780265808105469e-01,5.896477699279785156e-01,2.621450901031494141e+00,8.013601303100585938e-01
1.113947153091430886e+00,1.269852876663208008e+00,1.237416982650756836e+00,4.759659767150878906e-01,9.317147731781005859e-01,7.868828773498535156e-01
1.528769016265869141e+00,1.324074983596801758e+00,9.481759071350097656e-01,1.314095973968506081e+00,6.695702075958251953e-01,8.482022285461425781e-01
2.198609828948974609e+00,1.361697196960449219e+00,1.563588857650756836e+00,7.027730941772460938e-01,7.221910953521728516e-01,6.804988384246826172e-01
1.538482904434204102e+00,1.033205986022949219e+00,1.504112243652343750e+00,7.978069782257080078e-01,9.901509284973144531e-01,1.221389055252075195e+00
1.395941257476806641e+00,1.616736888885498047e+00,1.272110939025878906e+00,1.345710039138793945e+00,8.493747711181640625e-01,5.607268810272216797e-01
9.055860042572020374e-01,1.297664165496826172e+00,9.930238723754883923e-01,3.857178688049315851e-01,6.372652053833007812e-01,8.412089347839355469e-01
1.392006874084472878e+00,2.833113908767700195e+00,9.568850994110108532e-01,1.173686027526855691e+00,6.372067928314208984e-01,7.432940006256103516e-01
1.272459983825683594e+00,2.132978916168212891e+00,6.870272159576416016e-01,4.822421073913574219e-01,7.044632434844970703e-01,1.184318065643310325e+00
1.170243978500366211e+00,1.396775007247924805e+00,2.896124839782714844e+00,6.070311069488525391e-01,8.428089618682861328e-01,5.665090084075927734e-01
1.811099052429199219e+00,1.282891988754272461e+00,5.654997825622558594e-01,1.070962905883789062e+00,1.093890905380249023e+00,9.500830173492431641e-01
1.296577930450439675e+00,1.423251152038574219e+00,1.412943124771118164e+00,9.871590137481689453e-01,9.190280437469482422e-01,1.108250141143798828e+00
1.291048049926757812e+00,1.019954919815063699e+00,1.285758972167968750e+00,9.320049285888671875e-01,1.429349899291992188e+00,1.164031028747558594e+00
1.502722024917602317e+00,3.039393901824951172e+00,1.145601034164428711e+00,2.940064907073974609e+00,1.380870103836059570e+00,5.163688659667968750e-01
1.910732984542846902e+00,1.100114107131958008e+00,9.287009239196776234e-01,1.226856946945190430e+00,1.207139968872070312e+00,1.050997972488403098e+00
2.349211215972900391e+00,2.981307983398437500e+00,1.358412027359008789e+00,8.813331127166748047e-01,9.385211467742919922e-01,8.273322582244873047e-01
1.242846012115478294e+00,2.391952991485595703e+00,1.628796100616455078e+00,1.052425861358642578e+00,1.028834819793701172e+00,5.439721822738647461e+00
1.460351943969726562e+00,1.327109098434448242e+00,1.015625000000000000e+00,8.248560428619384766e-01,1.080625057220458984e+00,1.132807970046997070e+00
1.437272787094116211e+00,1.026957750320434570e+00,8.620049953460693359e-01,1.050894260406493919e+00,7.299189567565917969e-01,6.665809154510498047e-01
1.612365961074829102e+00,1.572360992431640625e+00,8.839991092681884766e-01,6.294007301330566406e-01,1.451821088790893555e+00,2.606327056884765625e+00
1.005839109420776367e+00,1.052537202835083008e+00,1.306429862976074219e+00,6.935250759124755859e-01,7.923929691314697266e-01,1.048973798751831055e+00
1.062232017517089844e+00,2.208121061325073242e+00,1.176017999649048074e+00,9.364309310913085938e-01,1.038578033447265625e+00,6.805522441864013672e-01
1.408329963684082031e+00,1.943063020706176758e+00,7.759389877319335938e-01,8.854260444641113281e-01,9.306690692901612438e-01,1.019677877426147683e+00
1.565429925918579102e+00,1.256247758865356445e+00,1.070605039596557617e+00,1.241365909576416016e+00,8.223617076873779297e-01,1.041463136672973633e+00
1.460876941680908203e+00,5.089733123779296875e+00,8.125169277191162109e-01,9.335780143737791859e-01,4.549653530120849054e-01,7.328388690948486328e-01
1.305789947509765625e+00,1.590327024459838867e+00,4.120912551879882812e-01,1.149617195129394309e+00,1.118818759918212891e+00,1.581014156341552734e+00
1.645458221435546875e+00,1.689620018005371094e+00,8.945958614349365234e-01,8.311297893524169922e-01,8.638699054718017578e-01,6.214559078216552734e-01
1.514249086380004883e+00,1.284188985824584961e+00,1.871675968170166016e+00,8.136441707611083984e-01,7.672450542449951172e-01,4.855740070343017023e-01
1.715084075927734375e+00,1.679825067520141602e+00,5.879571437835693359e-01,1.204455137252807617e+00,5.715250968933105469e-01,7.700929641723632812e-01
1.024660825729369895e+00,1.327494859695434570e+00,2.002399587631225586e+01,7.036800384521484375e-01,7.834880352020263672e-01,6.817600727081298828e-01
8.561239242553710938e-01,1.081745862960815430e+00,1.263740777969360352e+00,1.290425777435302734e+00,8.629908561706542969e-01,1.870165109634399192e+00
1.237437009811401367e+00,1.141652107238769531e+00,1.065068244934082031e+00,7.904760837554931641e-01,8.928840160369873047e-01,7.666690349578857422e-01
7.997579574584960938e-01,1.389414072036743164e+00,1.139645814895630105e+00,8.460128307342529297e-01,1.015680074691772461e+00,5.765607357025146484e-01
8.760251998901367188e-01,1.590668916702270508e+00,2.268137216567993164e+00,1.398741006851196289e+00,6.076471805572509766e-01,7.631220817565917969e-01
4.601180553436278742e-01,1.121695041656493919e+00,1.136129140853881836e+00,1.647774219512939675e+00,1.360026836395263672e+00,6.083829402923583984e-01
2.774968147277832031e-01,1.074702978134155273e+00,7.276549339294433594e-01,5.361030101776123047e-01,9.225459098815917969e-01,7.120339870452880859e-01
4.631910324096679132e-01,1.407034158706665039e+00,7.268049716949462891e-01,1.241659879684448242e+00,7.185919284820556641e-01,5.360140800476074219e-01
6.892468929290771484e-01,1.180005788803100586e+00,8.775699138641357422e-01,5.372540950775146484e-01,5.778863430023193359e-01,4.865479469299315851e-01
8.304340839385986328e-01,1.317508220672607422e+00,7.334358692169189453e-01,1.010268926620483398e+00,5.545268058776855469e-01,4.372169971466063898e-01
5.869429111480712891e-01,2.167187929153442383e+00,8.821330070495605469e-01,8.914680480957031250e-01,6.662249565124511719e-01,4.812290668487548828e-01
6.560792922973632812e-01,9.953429698944091797e-01,9.946010112762452282e-01,9.535710811614990234e-01,7.213001251220703125e-01,5.490109920501708984e-01
1.257584810256958008e+00,1.362347126007080078e+00,7.144372463226318359e-01,6.000537872314453125e-01,6.808109283447265625e-01,3.532271385192871094e-01
6.353640556335449219e-01,1.431249856948852317e+00,1.306424617767333984e+00,8.091831207275390625e-01,9.014639854431152344e-01,8.317618370056152344e-01
1.136931180953979492e+00,1.705950021743774414e+00,1.092460155487060325e+00,8.789510726928710938e-01,1.320380926132201926e+00,4.585509300231933039e-01
7.751266956329345703e-01,1.465117931365966797e+00,1.171030998229980469e+00,5.086798667907714844e-01,5.856640338897705078e-01,8.995661735534667969e-01
8.283600807189941406e-01,1.170729875564575195e+00,1.242985963821411133e+00,1.211256980895996094e+00,6.942279338836669922e-01,5.627529621124267578e-01
7.379109859466552734e-01,1.464550256729125977e+00,1.432109117507934570e+00,6.642141342163085938e-01,5.118901729583740234e-01,5.163350105285644531e-01
7.672190666198730469e-01,2.321429014205932617e+00,1.783749103546142578e+00,7.062058448791503906e-01,8.911309242248535156e-01,6.073780059814453125e-01
6.311690807342529297e-01,1.375161886215209961e+00,2.390392780303955078e+00,7.488820552825927734e-01,6.082041263580322266e-01,6.924479007720947266e-01
1.122171878814697266e+00,1.241909027099609375e+00,5.525000095367431641e-01,1.390956878662109375e+00,8.075478076934814453e-01,7.439579963684082031e-01
6.953909397125244141e-01,1.044877052307128906e+00,4.783790111541748047e-01,7.436161041259765625e-01,7.574882507324218750e-01,8.977630138397216797e-01
7.237272262573242188e-01,3.310214042663574219e+00,3.705120086669921875e-01,7.663018703460693359e-01,5.395078659057617188e-01,1.078366994857788086e+00
9.123237133026124157e-01,1.736192703247070312e+00,7.914140224456787109e-01,9.502520561218261719e-01,7.095317840576171875e-01,6.183860301971435547e-01
7.085590362548828125e-01,1.286476135253906250e+00,6.393840312957763672e-01,5.228450298309326172e-01,6.657271385192871094e-01,9.802300930023192249e-01
7.991139888763427734e-01,1.615087032318115234e+00,7.469520568847656250e-01,1.002099037170410156e+00,5.536949634552001953e-01,7.026758193969726562e-01
6.649191379547119141e-01,1.441483020782470703e+00,6.528539657592773438e-01,6.981568336486816406e-01,5.230979919433593750e-01,6.054201126098632812e-01
9.995458126068116345e-01,1.283336877822875977e+00,8.247509002685546875e-01,6.885781288146972656e-01,7.931780815124511719e-01,7.366929054260253906e-01
1.428769111633300781e+00,1.773034095764160156e+00,7.236709594726562500e-01,7.119820117950439453e-01,7.323169708251953125e-01,8.424010276794433594e-01
4.816050529479979914e-01,1.658684968948364480e+00,9.118809700012208141e-01,4.218790531158447266e-01,7.756359577178955078e-01,1.507012844085693359e+00
9.146399497985839844e-01,9.585941219329833984e+01,2.146195411682128906e+00,6.048200130462646484e-01,7.107050418853759766e-01,6.519680023193359375e-01
6.154580116271972656e-01,9.293429851531982422e-01,1.888959884643554910e+00,7.560970783233642578e-01,1.309620141983032227e+00,6.591751575469970703e-01
7.225270271301269531e-01,6.991717815399169922e-01,1.378897905349731445e+00,5.493118762969970703e-01,5.639228820800781250e-01,4.560589790344237726e-01
1.013964891433715820e+00,7.608060836791992188e-01,1.429815053939819114e+00,1.044306993484497070e+00,7.726962566375732422e-01,7.668321132659912109e-01
7.428328990936279297e-01,1.080415010452270508e+00,2.295860052108764648e+00,6.201879978179931641e-01,6.054458618164062500e-01,7.939009666442871094e-01
2.509094238281250000e+00,8.904578685760498047e-01,6.415929794311523438e+00,4.764211177825927734e-01,6.433651447296142578e-01,4.155690670013427734e-01
9.982059001922608532e-01,1.485827207565307617e+00,1.881467103958130105e+00,7.165560722351074219e-01,5.943427085876464844e-01,6.304869651794433594e-01
8.705360889434814453e-01,5.543370246887207031e-01,1.851164817810058372e+00,2.282294034957885742e+00,8.186781406402587891e-01,9.444339275360108532e-01
7.142930030822753906e-01,8.383247852325439453e-01,2.255000114440917969e+00,1.024031877517700195e+00,7.309939861297607422e-01,1.208381891250610352e+00
7.188651561737060547e-01,7.445251941680908203e-01,2.283745050430297852e+00,5.656998157501220703e-01,1.017804861068725586e+00,7.440481185913085938e-01
2.767779827117919922e-01,8.576719760894775391e-01,2.320506811141968218e+00,8.675360679626464844e-01,4.803578853607177734e-01,6.653990745544433594e-01
1.565437793731689675e+00,4.330358505249022882e-01,2.508732318878173828e+00,6.750481128692626953e-01,7.709691524505615234e-01,8.587789535522460938e-01
9.341771602630616345e-01,5.913212299346923828e-01,3.051783800125122070e+00,9.431769847869871937e-01,6.461598873138427734e-01,7.494649887084960938e-01
1.173827648162841797e+00,7.321579456329345703e-01,1.658319950103759766e+00,1.479300022125243919e+00,6.359441280364990234e-01,4.674019813537597101e-01
6.366930007934570312e-01,6.146209239959716797e-01,2.755035161972045898e+00,3.884048461914061945e-01,7.973709106445312500e-01,4.456009864807128906e-01
9.886190891265868030e-01,9.331037998199464001e-01,3.306195974349975586e+00,7.542490959167480469e-01,7.808749675750732422e-01,2.076911926269530972e-01
5.947420597076416016e-01,4.835062026977539062e-01,2.683881998062133789e+00,8.208940029144287109e-01,8.828990459442138672e-01,4.939818382263183039e-01
5.711779594421386719e-01,8.184280395507812500e-01,7.795396089553833008e+00,2.705482959747314453e+00,5.716242790222167969e-01,2.482712268829344870e-01
4.722580909729003906e-01,6.972339153289794922e-01,2.065429925918579102e+00,1.253007173538208008e+00,8.922119140625000000e-01,9.859566688537597656e-01
7.145400047302246094e-01,5.803868770599365234e-01,2.554925918579101562e+00,7.247848510742187500e-01,6.407618522644042969e-01,2.172119617462157926e-01
6.422789096832275391e-01,9.025371074676513672e-01,3.226066827774047852e+00,2.644877910614013672e+00,7.316470146179199219e-01,3.203411102294921875e-01
4.877221584320067804e-01,5.868899822235107422e-01,4.894954204559326172e+00,7.211029529571533203e-01,3.566989898681640070e-01,3.619329929351806086e-01
7.647120952606201172e-01,5.422360897064208984e-01,2.874711990356445312e+00,2.652988195419311523e+00,3.795825958251953125e+00,3.030760288238524836e-01
8.766918182373046875e-01,4.125919342041015070e-01,3.056173086166381836e+00,3.556139469146727961e-01,1.118654012680053711e+00,2.865200042724608820e-01
2.465157985687255859e+00,7.607290744781494141e-01,1.543607950210571289e+00,7.577228546142578125e-01,3.231168031692504883e+00,3.018839359283447266e-01
9.624350070953368030e-01,8.790478706359863281e-01,2.762487173080444336e+00,2.202976942062377930e+00,1.162115097045898438e+00,6.283540725708007812e-01
6.978669166564941406e-01,7.879118919372558594e-01,2.873009920120239258e+00,7.192971706390380859e-01,6.614770889282226562e-01,3.035819530487059992e-01
6.580901145935058594e-01,5.453760623931884766e-01,2.769116878509521484e+00,3.411431074142456055e+00,7.910196781158447266e-01,3.845200538635253906e-01
2.542221069335937500e+00,8.387072086334228516e-01,3.810457944869995117e+00,2.598485946655273438e+00,8.106622695922851562e-01,2.855920791625976007e-01
6.353940963745117188e-01,7.515158653259277344e-01,1.990437030792236328e+00,6.833679676055908203e-01,2.319437980651855469e+00,4.172427654266356867e-01
7.637429237365722656e-01,6.998810768127441406e-01,2.071223020553588867e+00,5.750632286071777344e-01,2.091438770294188898e-01,2.712633609771727961e-01
2.590765714645385742e+00,8.033740520477294922e-01,1.115016937255859375e+00,2.653567790985107422e+00,8.423709869384765625e-01,2.908349037170410156e-01
8.379850387573242188e-01,7.315771579742431641e-01,2.896465063095092773e+00,6.553640365600585938e-01,2.670803070068359375e+00,2.475299835205078125e-01
8.102662563323974609e-01,5.229637622833251953e-01,2.921083927154541016e+00,6.954348087310791016e-01,1.099302053451538086e+00,3.812820911407470148e-01
6.499938964843750000e-01,3.656148910522460938e-01,2.156209230422973633e+00,5.011839866638183594e-01,1.209825038909912109e+00,2.375879287719726007e-01
5.590121746063232422e-01,6.325042247772216797e-01,1.351632833480834961e+00,4.845371246337890070e-01,9.605219364166259766e-01,4.157760143280028742e-01
1.294532775878906250e+00,5.611379146575927734e-01,3.000795841217041016e+00,6.778409481048583984e-01,9.602661132812500000e-01,3.035578727722167969e-01
1.018298149108886719e+00,6.404111385345458984e-01,1.178309202194214089e+00,7.704131603240966797e-01,7.570219039916992188e-01,3.316960334777832031e-01
4.325399398803710938e-01,3.662509918212890070e-01,1.018653869628906250e+00,8.912491798400878906e-01,2.483190059661865234e+00,2.731337547302246094e-01
2.618870973587036133e+00,5.584559440612792969e-01,5.836191177368164062e-01,7.701928615570068359e-01,2.474644899368286133e+00,5.450470447540283203e-01
5.852479934692382812e-01,2.882347106933593750e-01,4.902920722961425781e-01,8.644998073577880859e-01,8.394029140472412109e-01,4.891061782836914062e-01
5.936241149902343750e-01,9.727742671966551624e-01,1.096284878253936768e+02,1.540235996246337891e+00,6.526589393615722656e-01,3.138010501861572266e-01
5.579401016235351562e+00,4.196858406066893976e-01,4.696121215820311945e-01,1.284511089324951172e+00,3.021671772003173828e-01,3.502609729766845148e-01
9.244349002838135876e-01,8.131182193756103516e-01,3.110830783843994141e-01,1.011126995086669922e+00,6.179578304290771484e-01,2.724568843841552734e-01
6.308100223541259766e-01,9.425759315490723766e-01,3.276777267456054132e-01,1.116896152496337891e+00,4.404993057250976007e-01,3.110580444335936945e-01
9.238798618316650391e-01,1.052606821060180886e+00,3.514401912689208984e-01,9.077188968658448376e-01,8.427519798278808594e-01,3.303768634796142023e-01
2.629165172576904297e+00,9.390070438385009766e-01,3.138298988342285156e-01,6.750807762145996094e-01,5.221018791198730469e-01,2.813072204589843750e-01
8.804409503936767578e-01,8.151350021362304688e-01,4.920189380645751953e-01,9.578013420104980469e-01,6.375141143798828125e-01,3.666298389434813898e-01
7.618439197540283203e-01,8.368430137634277344e-01,4.354581832885742188e-01,6.187069416046142578e-01,5.429198741912841797e-01,3.333060741424559992e-01
1.180550098419189675e+00,8.384749889373779297e-01,4.047007560729979914e-01,7.757697105407714844e-01,9.433779716491700329e-01,2.100291252136229914e-01
1.016437053680419922e+00,8.411850929260253906e-01,4.527311325073242188e-01,9.008803367614746094e-01,1.400565862655639648e+00,2.854559421539306086e-01
9.340689182281494141e-01,1.464192867279052734e+00,2.408871650695799949e-01,1.062413930892944336e+00,8.840079307556152344e-01,4.756090641021727961e-01
6.155951023101806641e-01,7.811241149902343750e-01,4.490947723388671875e-01,7.578969001770019531e-01,8.690762519836425781e-01,2.461230754852294922e-01
7.528789043426513672e-01,9.495289325714112438e-01,4.747791290283203125e-01,7.868859767913818359e-01,5.866358280181884766e-01,4.159417152404785156e-01
1.619770050048827903e+00,8.936810493469238281e-01,3.083589076995849054e-01,9.489929676055908203e-01,6.457829475402832031e-01,3.133401870727539062e-01
4.879310131072998047e-01,9.228379726409912109e-01,3.015601634979248047e-01,1.325453042984008789e+00,6.575570106506347656e-01,2.182209491729736051e-01
9.015266895294189453e-01,8.497219085693359375e-01,4.781808853149414062e-01,8.224918842315673828e-01,7.708821296691894531e-01,5.317327976226806641e-01
5.642862319946289062e-01,9.226770401000975452e-01,4.707388877868651789e-01,6.013791561126708984e-01,6.278269290924072266e-01,2.594580650329589844e-01
2.230841875076293945e+00,6.691849231719970703e-01,3.149800300598143976e-01,4.789991378784179132e-01,4.416310787200927734e-01,7.947380542755126953e-01
1.736651182174682617e+00,9.194953441619871937e-01,4.776670932769774836e-01,5.428628921508789062e-01,6.933648586273193359e-01,2.585570812225341797e-01
8.853099346160888672e-01,1.267251968383789062e+00,5.384190082550048828e-01,5.405550003051757812e-01,7.666842937469482422e-01,3.229420185089110773e-01
8.066139221191406250e-01,5.856418609619140625e-01,2.426471710205078125e-01,7.048170566558837891e-01,4.939589500427246094e-01,3.925838470458983820e-01
1.040376186370849609e+00,4.050611019134521484e+00,4.005897045135498047e-01,8.809499740600585938e-01,1.067255020141601562e+00,3.648440837860106867e-01
8.038568496704101562e-01,1.142822980880737305e+00,3.758282661437987726e-01,7.696199417114257812e-01,6.415648460388183594e-01,3.369810581207274836e-01
3.931229114532470148e-01,7.043921947479248047e-01,2.895066738128662109e-01,4.886369705200194757e-01,6.204130649566650391e-01,3.526639938354492188e-01
5.103349685668945312e-01,1.092023611068725586e+00,2.288503646850585938e-01,7.460360527038574219e-01,7.206089496612548828e-01,2.317919731140135886e-01
3.671569824218750000e-01,1.008849143981933594e+00,4.001038074493408203e-01,5.904259681701660156e-01,6.249461174011230469e-01,2.984900474548339844e-01
6.804502010345458984e-01,9.471771717071532093e-01,2.186228036880493164e+00,7.990350723266601562e-01,7.117099761962890625e-01,2.340857982635498047e-01
6.884667873382568359e-01,1.137346029281616211e+00,2.509360313415526789e-01,1.029260873794555664e+00,7.889468669891357422e-01,2.535281181335449219e-01
5.804080963134765625e-01,7.842087745666503906e-01,2.506089210510253906e-01,5.764880180358886719e-01,1.044445037841796875e+00,4.020779132843017023e-01
3.651080131530761164e-01,1.082661151885986328e+00,3.912701606750487726e-01,7.518939971923828125e-01,1.504831075668334961e+00,1.822330951690672995e-01
4.636170864105224054e-01,2.108396053314208984e+00,3.182058334350585938e-01,6.034009456634521484e-01,5.398468971252441406e-01,2.961370944976806086e-01
4.948489665985106867e-01,9.283418655395507812e-01,4.535510540008544922e-01,7.543542385101318359e-01,9.162020683288574219e-01,2.449889183044433039e-01
8.138949871063232422e-01,6.379239559173583984e-01,2.581558227539061945e-01,7.790648937225341797e-01,2.541329860687255859e-01,2.089519500732421875e-01
5.856461524963378906e-01,6.578419208526611328e-01,4.810111522674559992e-01,8.618500232696533203e-01,7.739341259002685547e-01,2.440140247344969870e-01
9.534308910369871937e-01,4.843509197235106867e-01,3.872210979461669922e-01,5.717639923095703125e-01,8.844778537750244141e-01,3.064579963684082031e-01
9.442939758300780140e-01,6.669752597808837891e-01,3.398768901824951172e-01,5.775837898254394531e-01,4.666659832000731867e-01,4.076571464538574219e-01
3.684411048889160156e-01,9.008820056915284313e-01,2.127401828765868863e-01,6.596002578735351562e-01,6.448001861572265625e-01,2.044377326965332031e-01
3.595368862152099054e-01,7.853057384490966797e-01,3.948657512664794922e-01,7.031009197235107422e-01,4.033188819885253906e-01,3.393101692199707031e-01
4.777400493621826172e-01,6.668391227722167969e-01,4.124841690063476007e-01,1.077695846557617188e+00,5.880341529846191406e-01,2.538201808929442804e-01
3.423011302947998047e-01,8.065578937530517578e-01,4.021298885345458984e-01,7.341251373291015625e-01,8.259589672088623047e-01,3.153038024902343750e-01
1.861366748809814453e+00,5.064351558685302734e-01,4.295501708984375000e-01,5.630190372467041016e-01,7.022278308868408203e-01,2.686579227447509766e-01
1.003315210342407227e+00,8.046619892120361328e-01,3.125767707824707031e-01,9.665420055389404297e-01,1.041381835937500000e+00,3.544561862945556086e-01
1.869787931442260742e+00,8.785610198974609375e-01,4.608070850372313898e-01,1.121477842330932617e+00,5.123660564422607422e-01,3.387477397918701172e-01
4.371247291564940851e-01,9.012310504913330078e-01,3.436968326568602961e-01,9.700801372528076172e-01,6.884071826934814453e-01,2.382011413574217917e-01
6.871433258056640625e-01,1.024928092956542969e+00,5.148692131042480469e-01,9.586720466613769531e-01,9.541528224945068359e-01,4.997508525848388117e-01
3.272349834442138117e-01,1.071413993835449219e+00,4.183237552642822266e-01,6.505007743835449219e-01,7.671091556549072266e-01,2.995431423187255859e-01
4.700918197631835938e-01,1.452685832977294922e+00,3.671081066131591797e-01,1.115258216857910156e+00,6.371128559112548828e-01,5.033831596374511719e-01
5.877411365509033203e-01,5.453159809112548828e-01,4.639060497283934992e-01,1.040512084960937500e+00,3.922660350799559992e-01,5.521867275238037109e-01
3.138220310211181086e-01,6.518700122833251953e-01,3.286962509155272882e-01,5.222280025482177734e-01,4.953410625457763117e-01,4.250211715698242188e-01
5.487380027770996094e-01,5.502920150756835938e-01,3.165969848632811945e-01,7.860789299011230469e-01,6.588971614837646484e-01,3.687570095062255859e-01
5.385229587554931641e-01,4.185998439788817804e-01,2.223396301269530972e-01,9.899499416351318359e-01,7.045638561248779297e-01,3.529570102691649836e-01
2.329099178314208984e-01,3.872203826904296875e-01,4.477431774139403742e-01,7.917509078979492188e-01,1.000036954879760742e+00,4.705488681793212891e-01
3.529059886932373047e-01,2.657506465911865234e-01,3.426690101623535156e-01,6.490540504455566406e-01,7.461240291595458984e-01,4.481911659240722101e-01
4.242839813232421875e-01,5.723321437835693359e-01,3.011398315429686945e-01,1.289231061935424805e+00,7.377760410308837891e-01,5.815579891204833984e-01
6.289939880371093750e-01,5.344870090484619141e-01,5.021641254425048828e-01,7.984778881072998047e-01,9.068491458892822266e-01,5.431568622589111328e-01
4.942631721496582031e-01,7.611279487609863281e-01,3.568491935729979914e-01,6.294012069702148438e-01,8.148469924926757812e-01,4.600911140441893976e-01
3.505940437316893976e-01,8.040361404418945312e-01,3.264739513397216797e-01,7.089416980743408203e-01,5.197119712829589844e-01,5.547957420349121094e-01
5.436270236968994141e-01,3.297629356384276789e-01,3.521678447723388117e-01,9.036011695861816406e-01,6.054039001464843750e-01,5.032742023468017578e-01
5.631518363952636719e-01,7.153019905090332031e-01,4.650921821594237726e-01,6.680138111114501953e-01,7.938559055328369141e-01,8.105509281158447266e-01
5.976009368896484375e-01,4.903030395507811945e-01,5.144197940826416016e-01,7.014091014862060547e-01,5.142850875854492188e-01,4.975061416625976007e-01
1.182530164718627930e+00,6.436440944671630859e-01,3.460669517517089844e-01,4.008030891418457031e-01,9.388937950134276234e-01,6.939198970794677734e-01
4.702539443969726007e-01,4.707319736480712891e-01,2.792642116546630859e-01,3.821918964385985773e-01,7.557871341705322266e-01,4.243450164794921875e-01
2.857429981231688898e-01,4.741587638854979914e-01,3.179607391357421875e-01,7.811210155487060547e-01,1.636340856552124023e+00,3.203474044799804688e+00
2.437629699707030972e-01,3.604230880737304132e-01,3.940382003784179132e-01,1.068602085113525391e+00,1.054184198379516602e+00,2.378947734832763117e-01
4.118340015411376953e-01,3.216149806976317804e-01,2.682201862335205078e-01,1.017267942428588867e+00,1.613564014434814453e+00,3.112812042236328125e-01
4.792518615722656250e-01,5.976600646972656250e-01,6.450657844543457031e-01,8.686039447784423828e-01,8.911721706390380859e-01,3.477771282196044922e-01
2.162716388702392578e+00,5.224099159240722656e-01,1.140152931213378906e+00,7.457032203674316406e-01,4.063916206359862726e-01,5.871489048004150391e-01
3.229806423187255859e-01,4.887840747833251953e-01,3.717710971832274836e-01,9.939799308776855469e-01,8.483741283416748047e-01,7.340838909149169922e-01
2.899050712585449219e-01,6.054379940032958984e-01,2.559969425201416016e-01,7.837369441986083984e-01,8.412301540374755859e-01,4.693140983581542969e-01
2.143771648406981867e-01,5.268499851226806641e-01,3.557620048522949219e-01,7.790391445159912109e-01,5.995278358459472656e-01,9.993290901184082031e-01
2.551939487457274836e-01,3.534729480743408203e-01,4.084970951080322266e-01,7.097640037536621094e-01,7.387399673461914062e-01,8.292138576507568359e-01
5.675020217895507812e-01,5.977981090545654297e-01,4.148070812225341797e-01,6.934087276458740234e-01,7.827761173248291016e-01,1.073315143585205078e+00
3.279628753662108820e-01,4.655420780181884766e-01,3.945727348327636164e-01,7.613680362701416016e-01,6.222269535064697266e-01,7.774229049682617188e-01
5.123760700225830078e-01,4.639418125152587891e-01,3.496749401092528742e-01,3.550112247467041016e-01,6.573960781097412109e-01,4.942691326141356867e-01
2.784178256988524836e-01,5.196499824523925781e-01,2.003581523895263117e-01,6.988048553466796875e-01,3.961470127105712891e-01,5.349187850952148438e-01
3.957831859588623047e-01,7.034299373626708984e-01,4.564418792724608820e-01,8.855140209197998047e-01,7.806940078735351562e-01,4.258890151977539062e-01
4.275209903717041016e-01,6.708431243896484375e-01,2.000231742858885886e-01,7.087931632995605469e-01,9.129438400268555798e-01,1.164142131805419922e+00
1.720829010009765070e-01,4.194750785827636164e-01,1.975879669189453125e-01,1.134470939636230469e+00,7.497651576995849609e-01,5.188150405883789062e-01
2.458021640777587891e-01,4.143700599670410156e-01,3.353431224822998047e-01,1.244296789169311523e+00,4.997279644012451172e-01,3.983309268951416016e-01
2.906429767608642023e-01,6.662468910217285156e-01,2.759919166564940851e-01,7.043461799621582031e-01,6.561210155487060547e-01,4.251067638397216797e-01
2.639739513397216797e-01,6.503589153289794922e-01,2.248761653900145929e-01,8.470180034637451172e-01,4.732768535614013117e-01,3.515782356262207031e-01
2.368400096893309992e-01,5.275621414184570312e-01,5.175240039825439453e-01,8.724868297576904297e-01,5.605471134185791016e-01,8.961567878723144531e-01
2.865169048309326172e-01,3.064517974853515070e-01,8.317837715148925781e-01,8.534400463104248047e-01,7.856011390686035156e-01,1.142856121063232422e+00
3.249590396881102961e-01,5.261251926422119141e-01,4.202840328216552734e-01,7.038929462432861328e-01,6.866588592529296875e-01,2.994589805603026789e-01
3.384897708892822266e-01,4.295129776000976007e-01,4.820079803466796875e-01,6.466779708862304688e-01,5.318949222564697266e-01,5.377249717712402344e-01
7.101092338562011719e-01,2.285389900207518976e-01,8.733592033386230469e-01,1.056810140609741211e+00,4.772231578826903742e-01,7.154901027679443359e-01
1.965539455413818082e-01,5.089230537414550781e-01,3.875098228454589844e-01,5.891599655151367188e-01,8.623960018157958984e-01,7.162029743194580078e-01
1.662328243255614957e-01,4.502019882202147882e-01,4.172549247741699219e-01,5.047509670257568359e-01,7.430057525634765625e-01,3.755960464477539062e-01
1.876342296600340964e-01,7.465538978576660156e-01,5.028080940246582031e-01,5.378890037536621094e-01,6.283552646636962891e-01,5.049710273742675781e-01
2.430698871612547995e-01,4.136428833007811945e-01,2.581729888916015070e-01,4.454221725463867188e-01,6.325538158416748047e-01,5.764987468719482422e-01
2.197871208190917969e-01,4.594252109527587891e-01,3.943760395050048828e-01,8.541028499603271484e-01,4.521191120147705078e-01,5.985832214355468750e-01
4.740869998931884766e-01,3.641440868377684992e-01,3.049359321594237726e-01,4.657390117645263117e-01,4.129059314727783203e-01,4.037899971008300781e-01
3.339619636535643976e-01,4.257538318634033203e-01,4.281408786773681086e-01,5.682389736175537109e-01,6.672799587249755859e-01,4.239170551300048828e-01
4.091591835021972101e-01,5.848510265350341797e-01,4.524459838867186945e-01,3.495612144470214844e-01,5.830240249633789062e-01,8.665449619293212891e-01
2.500810623168944757e-01,4.874038696289061945e-01,3.493711948394774836e-01,1.175111770629882812e+00,1.058664083480834961e+00,7.961220741271972656e-01
3.476538658142089844e-01,2.731072902679442804e-01,1.989598274230957031e-01,1.110968112945556641e+00,8.074789047241210938e-01,3.989908695220947266e-01
3.817088603973388117e-01,5.599648952484130859e-01,4.349780082702636164e-01,7.919359207153320312e-01,7.011990547180175781e-01,5.045750141143798828e-01
4.699332714080809992e-01,5.949990749359130859e-01,9.191339015960692249e-01,7.235841751098632812e-01,7.326369285583496094e-01,5.128428936004638672e-01
3.348088264465332031e-01,6.772308349609375000e-01,5.169034004211425781e-01,6.397387981414794922e-01,7.194802761077880859e-01,5.099761486053466797e-01
3.216938972473143976e-01,8.407979011535644531e-01,5.381028652191162109e-01,8.254971504211425781e-01,6.576497554779052734e-01,3.508920669555664062e-01
5.339920520782470703e-01,7.782621383666992188e-01,3.783919811248778742e-01,3.815968036651610773e-01,4.330592155456542969e-01,8.071048259735107422e-01
4.970672130584716797e-01,6.520659923553466797e-01,4.392518997192382812e-01,1.210004091262817383e+00,7.158546447753906250e-01,4.592001438140869141e-01
7.570018768310546875e-01,5.290460586547851562e-01,3.733539581298828125e-01,7.286891937255859375e-01,4.344491958618164062e-01,3.756809234619140070e-01
5.045709609985351562e-01,3.669009208679199219e-01,2.701082229614257812e-01,8.684597015380859375e-01,4.976890087127684992e-01,5.549819469451904297e-01
2.597610950469970148e-01,3.251750469207763117e-01,4.635477066040039062e-01,6.983442306518554688e-01,7.720680236816406250e-01,4.251201152801513117e-01
4.659438133239746094e-01,2.926409244537352961e-01,9.762341976165771484e-01,1.014304876327514648e+00,6.190741062164306641e-01,5.093529224395751953e-01
7.555470466613769531e-01,6.508650779724121094e-01,2.928729057312011164e-01,6.462731361389160156e-01,2.769017219543457031e-01,6.547949314117431641e-01
5.964410305023193359e-01,4.378221035003662109e-01,2.854759693145751953e-01,6.678459644317626953e-01,4.400839805603026789e-01,6.136162281036376953e-01
4.539721012115477961e-01,5.513286590576171875e-01,5.529730319976806641e-01,6.835048198699951172e-01,5.646021366119384766e-01,4.449887275695800781e-01
4.956688880920410156e-01,3.744292259216308039e-01,1.451763153076172097e+00,7.551882266998291016e-01,5.997591018676757812e-01,5.938162803649902344e-01
3.819432258605957031e-01,4.962120056152343750e-01,3.475048542022705078e-01,1.005030870437622070e+00,5.407660007476806641e-01,4.913368225097656250e-01
4.414918422698974054e-01,5.150227546691894531e-01,3.991799354553222101e-01,5.465741157531738281e-01,3.713798522949218750e-01,5.823419094085693359e-01
3.330698013305664062e-01,3.942682743072509766e-01,3.204562664031981867e-01,5.550427436828613281e-01,6.338388919830322266e-01,2.735540866851806086e-01
5.198991298675537109e-01,5.713510513305664062e-01,2.578077316284179132e-01,5.504751205444335938e-01,5.625619888305664062e-01,5.414030551910400391e-01
2.868759632110595148e-01,5.314018726348876953e-01,3.559119701385498047e-01,6.101429462432861328e-01,8.763573169708251953e-01,6.367368698120117188e-01
4.397120475769042969e-01,5.804710388183593750e-01,4.654080867767333984e-01,5.821921825408935547e-01,6.408660411834716797e-01,6.990411281585693359e-01
2.717559337615966797e-01,4.085280895233153742e-01,4.221858978271483820e-01,5.313348770141601562e-01,1.072519779205322488e+00,6.361038684844970703e-01
3.541860580444335938e-01,5.320529937744140625e-01,4.129903316497802734e-01,8.497350215911865234e-01,1.004813194274902344e+00,5.072140693664550781e-01
1.304603099822998047e+00,4.409778118133544922e-01,4.319469928741455078e-01,5.650918483734130859e-01,5.086939334869384766e-01,4.887549877166748047e-01
1.974930763244628906e-01,2.436830997467041016e-01,3.968708515167235773e-01,7.496340274810791016e-01,5.599780082702636719e-01,3.226401805877684992e-01
8.224859237670898438e-01,3.351600170135498047e-01,3.626060485839843750e-01,8.483200073242187500e-01,5.168840885162353516e-01,5.445499420166015625e-01
4.756128787994384766e-01,5.490040779113769531e-01,3.276128768920897882e-01,7.024300098419189453e-01,5.015878677368164062e-01,7.059259414672851562e-01
2.037210464477539062e-01,5.360248088836669922e-01,3.062770366668701172e-01,1.011739253997802734e+00,8.034110069274902344e-01,6.649529933929443359e-01
5.060060024261474609e-01,4.082779884338378906e-01,2.914521694183349054e-01,5.381798744201660156e-01,1.154198884963989258e+00,2.639219760894774836e-01
2.722229957580565851e-01,3.920512199401854914e-01,1.842570304870604914e-01,9.275748729705810547e-01,4.844479560852050781e-01,4.219019412994384766e-01
4.233860969543457031e-01,4.971508979797362726e-01,4.764358997344970148e-01,8.229551315307617188e-01,7.514700889587402344e-01,5.092470645904541016e-01
2.209649085998534879e-01,6.090741157531738281e-01,4.656960964202880859e-01,7.168200016021728516e-01,7.639398574829101562e-01,4.221570491790770929e-01
5.392899513244628906e-01,4.042828083038330078e-01,5.129950046539306641e-01,5.068290233612060547e-01,1.157086133956909180e+00,5.565528869628906250e-01
3.571259975433349054e-01,7.149841785430908203e-01,3.544447422027587891e-01,9.258089065551757812e-01,1.663620948791503906e+00,4.164531230926513117e-01
5.499629974365234375e-01,3.107299804687500000e-01,4.008622169494628906e-01,1.079607009887695090e+00,8.305401802062988281e-01,4.151151180267333984e-01
6.337511539459228516e-01,5.563168525695800781e-01,3.611526489257811945e-01,7.525501251220703125e-01,7.815668582916259766e-01,4.216718673706054132e-01
3.127160072326660156e-01,2.791800498962401789e-01,3.275892734527587891e-01,6.371688842773437500e-01,6.209681034088134766e-01,4.099409580230712891e-01
3.214128017425537109e-01,3.007638454437255859e-01,3.523488044738768976e-01,6.790630817413330078e-01,3.889341354370117188e-01,4.110698699951171875e-01
5.028212070465087891e-01,4.615280628204345148e-01,4.089763164520263117e-01,6.664719581604003906e-01,8.783397674560546875e-01,5.056509971618652344e-01
5.269527435302734375e-01,6.992080211639404297e-01,1.439353704452514648e+00,6.593577861785888672e-01,8.415229320526123047e-01,1.437792062759399414e+00
2.801349163055419922e-01,3.914899826049804132e-01,2.549951076507567804e-01,6.474010944366455078e-01,9.762022495269776501e-01,5.130081176757812500e-01
4.552531242370604914e-01,5.722281932830810547e-01,4.478070735931395929e-01,6.264512538909912109e-01,6.399128437042236328e-01,4.350168704986572266e-01
4.135100841522216797e-01,3.256938457489013117e-01,4.818439483642578125e-01,4.533329010009765070e-01,7.341241836547851562e-01,8.396511077880859375e-01
3.927659988403319757e-01,7.651050090789794922e-01,5.217349529266357422e-01,3.730309009552001953e-01,6.169178485870361328e-01,4.700229167938231867e-01
5.978560447692871094e-01,4.600539207458496094e-01,5.126662254333496094e-01,5.187380313873291016e-01,8.084011077880859375e-01,5.795609951019287109e-01
5.792407989501953125e-01,3.695223331451416016e-01,3.649489879608153742e-01,3.996829986572265070e-01,6.967170238494873047e-01,3.241882324218750000e-01
4.477293491363524836e-01,4.235646724700927734e-01,1.914668083190917969e-01,5.025770664215087891e-01,2.496187686920166016e-01,3.920226097106933039e-01
5.482087135314941406e-01,2.842950820922851007e-01,3.259820938110351007e-01,7.400829792022705078e-01,7.205560207366943359e-01,5.178344249725341797e-01
4.649300575256347101e-01,3.206510543823242188e-01,1.405808925628662109e-01,5.969500541687011719e-01,4.205760955810546875e-01,4.657647609710692804e-01
5.138518810272216797e-01,3.070957660675048828e-01,2.034180164337157926e-01,2.206888198852539062e-01,9.274690151214599609e-01,3.740711212158203125e-01
6.493299007415771484e-01,4.751543998718261164e-01,2.969191074371337891e-01,4.996290206909179132e-01,6.971268653869628906e-01,3.103189468383789062e-01
6.476402282714843750e-01,4.846117496490477961e-01,1.216080188751220009e-01,6.366331577301025391e-01,7.829411029815673828e-01,4.398469924926757812e-01
5.113577842712402344e-01,4.088740348815917969e-01,1.769519090652465820e+00,3.746559619903563898e-01,5.967879295349121094e-01,4.559319019317626953e-01
6.694540977478027344e-01,3.210442066192626953e-01,3.927547931671142023e-01,4.530858993530272882e-01,1.002804994583130105e+00,2.924211025238037109e-01
3.644931316375731867e-01,4.937818050384520929e-01,3.590841293334960938e-01,8.298211097717285156e-01,6.409499645233154297e-01,3.565258979797362726e-01
5.271399021148681641e-01,3.229100704193115234e-01,3.349468708038330078e-01,6.751489639282226562e-01,6.041681766510009766e-01,4.118969440460205078e-01
3.056240081787108820e-01,7.280120849609375000e-01,3.090889453887938898e-01,7.327260971069335938e-01,7.075629234313964844e-01,1.989486217498779297e+00
2.311420440673828125e-01,9.977228641510009766e-01,4.056720733642578125e-01,6.352179050445556641e-01,5.451521873474121094e-01,4.632959365844726007e-01
4.580061435699462891e-01,5.589780807495117188e-01,4.454190731048583984e-01,6.647119522094726562e-01,5.473358631134033203e-01,2.901818752288817804e-01
3.472938537597656250e-01,3.682959079742431086e-01,3.243427276611328125e-01,5.572378635406494141e-01,4.688420295715332031e-01,2.796311378479003906e-01
2.110559940338133933e-01,4.041059017181395929e-01,4.091000556945800781e-01,4.698712825775145929e-01,3.712298870086669922e-01,3.990149497985839844e-01
3.341879844665526789e-01,2.752771377563476007e-01,4.374542236328125000e-01,3.924736976623535156e-01,6.962769031524658203e-01,4.241619110107421875e-01
6.245181560516357422e-01,3.592708110809326172e-01,5.950279235839843750e-01,8.694632053375244141e-01,5.860302448272705078e-01,3.747789859771727961e-01
4.156889915466308039e-01,3.851792812347412109e-01,5.178380012512207031e-01,6.368718147277832031e-01,5.864448547363281250e-01,4.257509708404541016e-01
4.904229640960692804e-01,3.214950561523436945e-01,1.157108068466186301e+00,4.684891700744628906e-01,5.155680179595947266e-01,6.399390697479248047e-01
6.085369586944580078e-01,7.478086948394775391e-01,1.197233915328979492e+00,7.557690143585205078e-01,6.233808994293212891e-01,4.929821491241455078e-01
3.282890319824218750e-01,3.853130340576171875e-01,2.874200344085692804e-01,7.785949707031250000e-01,3.556659221649169922e-01,5.982589721679687500e-01
4.600281715393065851e-01,6.865892410278320312e-01,4.461920261383056086e-01,3.784871101379393976e-01,5.167541503906250000e-01,4.445128440856933039e-01
5.604648590087890625e-01,5.448498725891113281e-01,4.311957359313964844e-01,5.700080394744873047e-01,5.972700119018554688e-01,7.180759906768798828e-01
5.418639183044433594e-01,2.734301090240477961e-01,6.507294178009033203e-01,8.364708423614501953e-01,5.877971649169921875e-01,4.049770832061767023e-01
2.117860317230224054e-01,5.530428886413574219e-01,4.814836978912352961e-01,7.055590152740478516e-01,1.579938650131225586e+00,4.145841598510742188e-01
5.174100399017333984e-01,2.947151660919188898e-01,4.016559123992919922e-01,7.744269371032714844e-01,3.453092575073242188e-01,3.797638416290283203e-01
5.901949405670166016e-01,4.004497528076171875e-01,2.927880287170410156e-01,5.606238842010498047e-01,4.053459167480468750e-01,4.145150184631347101e-01
4.928128719329833984e-01,5.899860858917236328e-01,5.500690937042236328e-01,5.625469684600830078e-01,5.466370582580566406e-01,4.535648822784423828e-01
4.924139976501464844e-01,4.958581924438476007e-01,1.855189800262450894e-01,4.797081947326660156e-01,1.712989807128905972e-01,3.478901386260985773e-01
5.077240467071533203e-01,4.113867282867431086e-01,4.891490936279296875e-01,5.051710605621337891e-01,5.479669570922851562e-01,4.740979671478270929e-01
4.811940193176268976e-01,3.098392486572265070e-01,4.148669242858886164e-01,6.499559879302978516e-01,6.764018535614013672e-01,5.700180530548095703e-01
7.654268741607666016e-01,7.489068508148193359e-01,4.664540290832518976e-01,5.019128322601318359e-01,6.180889606475830078e-01,5.722031593322753906e-01
6.805722713470458984e-01,2.782099246978759766e-01,2.812981605529785156e-01,6.020500659942626953e-01,5.387701988220214844e-01,5.301566123962402344e-01
4.112498760223388117e-01,4.962239265441893976e-01,4.494278430938720148e-01,7.360131740570068359e-01,7.061951160430908203e-01,6.151282787322998047e-01
8.210868835449218750e-01,6.848549842834472656e-01,2.820670604705809992e-01,6.899719238281250000e-01,5.471038818359375000e-01,6.271190643310546875e-01
5.707201957702636719e-01,2.745280265808104914e-01,3.626008033752440851e-01,5.174980163574218750e-01,2.352759838104248047e-01,6.629559993743896484e-01
4.279758930206298828e-01,4.325518608093261164e-01,5.167973041534423828e-01,6.821861267089843750e-01,4.024529457092285156e-01,4.904408454895018976e-01
6.014759540557861328e-01,4.016304016113281250e-01,2.329528331756590964e-01,5.958199501037597656e-01,5.440289974212646484e-01,6.884500980377197266e-01
6.142070293426513672e-01,4.490928649902343750e-01,4.059791564941406250e-01,5.853497982025146484e-01,4.857752323150634766e-01,5.587449073791503906e-01
4.905500411987304132e-01,2.937839031219481867e-01,2.462868690490722101e-01,5.610160827636718750e-01,6.838960647583007812e-01,4.711799621582031250e-01
1.501382827758789062e+00,3.139801025390625000e-01,2.929420471191406250e-01,4.837379455566406250e-01,6.701838970184326172e-01,6.378831863403320312e-01
2.618811130523681086e-01,3.639099597930908203e-01,3.269419670104979914e-01,5.327129364013671875e-01,6.412339210510253906e-01,7.138228416442871094e-01
7.850160598754882812e-01,3.618619441986083984e-01,8.055229187011718750e-01,4.270410537719726007e-01,6.010119915008544922e-01,7.169859409332275391e-01
5.743539333343505859e-01,4.846918582916259766e-01,3.992192745208740234e-01,2.542288303375244141e-01,5.823829174041748047e-01,5.209190845489501953e-01
4.413402080535888117e-01,6.874601840972900391e-01,4.719429016113281250e-01,3.280420303344726007e-01,2.785160541534423828e-01,5.292921066284179688e-01
4.061768054962158203e-01,6.905610561370849609e-01,3.256409168243408203e-01,3.625020980834960938e-01,5.251660346984863281e-01,3.242888450622558039e-01
1.063146114349365234e+00,5.260491371154785156e-01,4.426360130310058039e-01,6.302840709686279297e-01,4.821939468383789062e-01,6.007380485534667969e-01
9.969990253448486328e-01,4.652767181396483820e-01,3.865468502044677734e-01,4.860060214996337891e-01,2.321221828460693082e-01,5.046448707580566406e-01
3.420200347900390070e-01,5.859861373901367188e-01,5.714461803436279297e-01,5.411050319671630859e-01,3.893198966979979914e-01,9.423720836639404297e-01
1.638727188110351007e-01,5.251779556274414062e-01,1.578421831130981445e+00,3.910892009735106867e-01,8.826999664306640625e-01,4.273710250854492188e-01
1.927843093872070035e-01,6.016559600830078125e-01,3.998939990997313898e-01,9.473347663879395641e-01,5.014510154724121094e-01,5.577139854431152344e-01
1.758098602294921875e-01,5.397219657897949219e-01,3.294651508331298828e-01,6.152358055114746094e-01,6.079058647155761719e-01,2.918431758880615234e-01
3.230481147766112726e-01,9.218239784240723766e-01,6.190857887268066406e-01,7.224662303924560547e-01,7.475099563598632812e-01,2.564988136291503906e-01
1.863589286804198941e-01,5.078799724578857422e-01,1.204784154891967773e+00,5.581259727478027344e-01,5.217561721801757812e-01,3.055312633514403742e-01
5.712788105010986328e-01,3.813433647155761164e-01,3.720619678497313898e-01,9.811310768127440296e-01,6.662480831146240234e-01,2.819368839263916016e-01
6.156432628631591797e-01,4.986298084259033203e-01,4.100260734558104914e-01,5.646719932556152344e-01,4.611937999725341797e-01,4.438760280609130859e-01
4.428427219390869141e-01,5.508139133453369141e-01,5.849997997283935547e-01,7.014660835266113281e-01,6.697359085083007812e-01,8.987519741058349609e-01
2.556653022766112726e-01,3.011100292205809992e-01,2.938539981842041016e-01,4.862108230590819757e-01,3.512303829193115234e-01,4.863488674163817804e-01
3.475017547607421875e-01,4.736959934234619141e-01,3.380222320556640070e-01,7.553069591522216797e-01,5.695638656616210938e-01,2.919101715087890070e-01
5.944230556488037109e-01,5.309810638427734375e-01,2.638750076293944757e-01,6.179959774017333984e-01,5.318789482116699219e-01,3.393008708953856867e-01
4.063961505889892023e-01,5.490679740905761719e-01,3.789489269256591797e-01,4.593081474304199219e-01,5.907487869262695312e-01,4.329938888549804132e-01
4.873819351196289062e-01,7.103950977325439453e-01,2.813980579376220148e-01,4.295878410339354914e-01,5.730941295623779297e-01,4.023170471191406250e-01
4.211521148681640070e-01,2.879588603973388117e-01,3.738610744476317804e-01,5.155210494995117188e-01,6.497530937194824219e-01,6.545841693878173828e-01
6.559827327728271484e-01,5.727729797363281250e-01,5.007328987121582031e-01,6.868159770965576172e-01,5.488569736480712891e-01,8.079030513763427734e-01
8.185620307922363281e-01,5.323290824890136719e-01,5.328688621520996094e-01,5.434451103210449219e-01,5.122148990631103516e-01,4.760317802429199219e-01
5.627331733703613281e-01,2.990610599517822266e-01,2.888669967651367188e-01,6.700110435485839844e-01,2.856011390686035156e-01,4.967520236968994141e-01
9.353747367858887829e-01,5.449659824371337891e-01,4.644339084625244141e-01,6.796958446502685547e-01,2.271840572357176902e-01,4.451420307159423828e-01
3.770062923431395929e-01,2.515408992767333984e-01,2.445020675659179132e-01,6.456489562988281250e-01,3.763358592987059992e-01,4.052448272705078125e-01
1.029309749603271706e+00,3.364620208740233820e-01,4.758272171020507812e-01,5.035800933837890625e-01,3.598430156707763117e-01,5.096352100372314453e-01
3.472621440887451172e-01,5.392420291900634766e-01,2.630767822265625000e-01,7.591319084167480469e-01,2.678730487823485773e-01,7.724359035491943359e-01
5.248620510101318359e-01,3.623979091644287109e-01,3.057231903076171875e-01,4.970512390136718750e-01,3.712079524993895929e-01,1.219505071640014648e+00
3.643980026245117188e-01,3.354640007019042969e-01,2.491328716278075894e-01,7.641270160675048828e-01,6.162559986114501953e-01,9.502470493316650391e-01
3.857738971710205078e-01,3.192880153656005859e-01,6.431400775909423828e-01,5.144407749176025391e-01,3.764832019805908203e-01,5.408051013946533203e-01
3.504571914672851007e-01,3.837289810180664062e-01,3.526170253753662109e-01,1.821609973907470703e+00,5.071706771850585938e-01,7.336609363555908203e-01
4.255340099334716797e-01,3.772950172424315851e-01,4.225800037384033203e-01,2.030889034271239790e+00,5.006451606750488281e-01,7.243778705596923828e-01
6.255857944488525391e-01,4.749090671539306086e-01,3.569760322570800781e-01,7.644710540771484375e-01,5.565209388732910156e-01,4.096059799194335938e-01
4.510190486907958984e-01,5.496990680694580078e-01,3.958830833435058039e-01,8.478019237518310547e-01,4.623169898986815851e-01,4.409952163696289062e-01
1.426260471343993863e-01,2.526457309722899836e-01,4.656996726989746094e-01,4.536502361297606867e-01,7.398490905761718750e-01,3.496718406677246094e-01
4.016220569610595148e-01,5.408771038055419922e-01,2.508893013000487726e-01,7.337038516998291016e-01,3.405659198760985773e-01,5.027639865875244141e-01
2.843718528747558039e-01,3.362960815429686945e-01,4.991469383239746094e-01,5.360450744628906250e-01,7.683770656585693359e-01,4.692602157592772882e-01
3.806469440460205078e-01,5.790381431579589844e-01,4.485898017883300781e-01,2.900209426879882812e-01,6.734130382537841797e-01,4.261627197265625000e-01
1.403856277465820312e+00,2.667977809906005859e-01,7.394802570343017578e-01,2.356190681457518976e-01,6.010527610778808594e-01,3.601911067962645929e-01
8.046116828918457031e-01,3.010590076446533203e-01,4.810600280761718750e-01,6.437749862670898438e-01,6.959202289581298828e-01,4.810049533843994141e-01
3.897180557250976007e-01,2.357730865478515070e-01,4.087488651275634766e-01,5.896458625793457031e-01,4.490129947662352961e-01,5.260159969329833984e-01
4.109642505645751953e-01,4.289610385894774836e-01,3.662910461425781250e-01,3.977890014648436945e-01,4.362370967864990234e-01,5.211138725280761719e-01
3.098158836364746094e-01,2.732777595520018976e-01,4.223349094390869141e-01,3.032460212707518976e-01,6.662678718566894531e-01,5.187251567840576172e-01
6.856799125671386719e-01,4.288082122802733820e-01,5.017459392547607422e-01,4.050199985504149836e-01,6.065659523010253906e-01,4.752609729766845148e-01
4.772009849548339844e-01,3.188691139221190851e-01,6.179180145263671875e-01,5.429041385650634766e-01,6.208741664886474609e-01,7.318320274353027344e-01
6.108391284942626953e-01,4.043438434600830078e-01,5.842270851135253906e-01,3.716940879821776789e-01,2.722318172454833984e-01,3.208949565887451172e-01
4.472899436950683039e-01,4.781000614166259766e-01,4.557089805603026789e-01,3.671948909759520929e-01,6.267399787902832031e-01,4.760909080505371094e-01
5.289287567138671875e-01,2.603857517242431086e-01,5.222589969635009766e-01,7.866511344909667969e-01,5.225200653076171875e-01,3.536210060119628906e-01
6.055252552032470703e-01,5.331823825836181641e-01,5.109610557556152344e-01,7.122037410736083984e-01,6.324009895324707031e-01,6.065850257873535156e-01
4.952039718627929132e-01,2.706959247589110773e-01,7.918720245361328125e-01,4.842469692230224054e-01,4.700100421905517023e-01,4.942378997802733820e-01
3.330969810485839844e-01,4.453978538513183039e-01,3.707139492034912109e-01,7.911200523376464844e-01,4.841890335083007812e-01,5.232281684875488281e-01
1.055830955505371094e+00,6.522598266601562500e-01,6.742389202117919922e-01,7.898278236389160156e-01,4.960379600524901789e-01,2.866859436035156250e-01
8.188090324401855469e-01,4.904341697692871094e-01,3.004362583160399836e-01,4.030902385711669922e-01,7.783899307250976562e-01,5.146639347076416016e-01
3.574659824371337891e-01,4.375221729278563898e-01,6.048488616943359375e-01,2.996518611907958984e-01,6.025960445404052734e-01,7.733640670776367188e-01
5.083990097045898438e-01,1.035188913345336914e+00,4.225380420684813898e-01,3.017101287841796875e-01,3.782191276550292969e-01,3.022861480712890070e-01
5.943109989166259766e-01,5.578358173370361328e-01,5.882458686828613281e-01,2.992990016937255859e-01,5.106008052825927734e-01,2.744979858398436945e-01
5.492672920227050781e-01,5.107402801513671875e-01,1.508087158203125000e+00,5.270669460296630859e-01,6.292130947113037109e-01,2.888708114624022882e-01
2.572326660156250000e-01,3.776049613952636164e-01,3.567378520965576172e-01,4.570648670196533203e-01,3.391809463500976007e-01,2.687969207763671875e-01
