6.666666666666714036e-01,4.000000000000000000e+00,1.333333333333328596e+00,4.000000000000000000e+00,2.666666666666657193e+00,6.666666666666714036e-01
3.866666666666667140e+01,3.766666666666667140e+01,3.700000000000000000e+01,3.966666666666666430e+01,3.966666666666666430e+01,3.366666666666667140e+01
5.066666666666666430e+01,4.822222222222222143e+01,4.644444444444444287e+01,4.888888888888889284e+01,5.133333333333332860e+01,4.399999999999999289e+01
5.400000000000000000e+01,5.083333333333333570e+01,4.883333333333332860e+01,5.050000000000000000e+01,5.283333333333332860e+01,4.750000000000000000e+01
5.306666666666666998e+01,5.186666666666666714e+01,5.013333333333333286e+01,5.039999999999999858e+01,5.493333333333333712e+01,4.920000000000000284e+01
5.322222222222222143e+01,5.244444444444444287e+01,5.077777777777777857e+01,5.088888888888888573e+01,5.588888888888888573e+01,5.066666666666666430e+01
5.257142857142856940e+01,5.438095238095237960e+01,5.047619047619047450e+01,5.133333333333332860e+01,5.561904761904762040e+01,5.228571428571428470e+01
5.341666666666667140e+01,5.491666666666667140e+01,5.058333333333333570e+01,5.200000000000000000e+01,5.641666666666666430e+01,5.350000000000000000e+01
5.333333333333333570e+01,5.488888888888888573e+01,5.118518518518518334e+01,5.200000000000000000e+01,5.651851851851851904e+01,5.429629629629629761e+01
5.386666666666666714e+01,5.486666666666666714e+01,5.139999999999999858e+01,5.173333333333333428e+01,5.593333333333333712e+01,5.526666666666666572e+01
5.436363636363636687e+01,5.484848484848485128e+01,5.187878787878788245e+01,5.200000000000000000e+01,5.630303030303030454e+01,5.648484848484847731e+01
5.538888888888888573e+01,5.500000000000000000e+01,5.205555555555555713e+01,5.188888888888889284e+01,5.616666666666666430e+01,5.733333333333332860e+01
5.497435897435897090e+01,5.528205128205128460e+01,5.246153846153845990e+01,5.220512820512821150e+01,5.610256410256410220e+01,5.825641025641025550e+01
5.428571428571428470e+01,5.523809523809523370e+01,5.257142857142856940e+01,5.176190476190476630e+01,5.595238095238096321e+01,5.847619047619047450e+01
5.422222222222222143e+01,5.484444444444444855e+01,5.297777777777778141e+01,5.191111111111111143e+01,5.595555555555554861e+01,5.906666666666666998e+01
5.379166666666666430e+01,5.445833333333332860e+01,5.308333333333333570e+01,5.220833333333333570e+01,5.633333333333333570e+01,5.920833333333333570e+01
5.380392156862745168e+01,5.470588235294117396e+01,5.325490196078430927e+01,5.258823529411764497e+01,5.666666666666666430e+01,5.917647058823528994e+01
5.429629629629629761e+01,5.470370370370370239e+01,5.340740740740741188e+01,5.292592592592591672e+01,5.688888888888888573e+01,5.851851851851851904e+01
5.368421052631578760e+01,5.428070175438596578e+01,5.361403508771929438e+01,5.273684210526315752e+01,5.677192982456141124e+01,5.828070175438596578e+01
5.346666666666666856e+01,5.403333333333333144e+01,5.376666666666666572e+01,5.256666666666666998e+01,5.646666666666666856e+01,5.843333333333333002e+01
5.326984126984126533e+01,5.368253968253967656e+01,5.374603174603174693e+01,5.228571428571428470e+01,5.631746031746032344e+01,5.857142857142856940e+01
5.284848484848485128e+01,5.369696969696969546e+01,5.369696969696969546e+01,5.178787878787878896e+01,5.566666666666666430e+01,5.866666666666666430e+01
5.266666666666666430e+01,5.362318840579710155e+01,5.353623188405796895e+01,5.153623188405796895e+01,5.539130434782608603e+01,5.872463768115942173e+01
5.219444444444444287e+01,5.366666666666667140e+01,5.330555555555555713e+01,5.127777777777777857e+01,5.522222222222222143e+01,5.877777777777777857e+01
5.205333333333333456e+01,5.359999999999999432e+01,5.314666666666666117e+01,5.157333333333333059e+01,5.498666666666666458e+01,5.890666666666666629e+01
5.187179487179488291e+01,5.369230769230769340e+01,5.302564102564102200e+01,5.148717948717948190e+01,5.482051282051281760e+01,5.879487179487178850e+01
5.182716049382716506e+01,5.360493827160494362e+01,5.323456790123456983e+01,5.148148148148148096e+01,5.479012345679012697e+01,5.861728395061728492e+01
5.173809523809524080e+01,5.352380952380952550e+01,5.342857142857143060e+01,5.135714285714285410e+01,5.469047619047618980e+01,5.866666666666666430e+01
5.163218390804597391e+01,5.335632183908046500e+01,5.328735632183907711e+01,5.098850574712643891e+01,5.496551724137930961e+01,5.864367816091953500e+01
5.177777777777777857e+01,5.331111111111111001e+01,5.331111111111111001e+01,5.088888888888888573e+01,5.500000000000000000e+01,5.866666666666666430e+01
5.172043010752688019e+01,5.331182795698924792e+01,5.320430107526881613e+01,5.075268817204300831e+01,5.473118279569892053e+01,5.862365591397849585e+01
5.177083333333333570e+01,5.325000000000000000e+01,5.304166666666666430e+01,5.072916666666666430e+01,5.470833333333332860e+01,5.847916666666666430e+01
5.177777777777777857e+01,5.337373737373737015e+01,5.307070707070706561e+01,5.072727272727272663e+01,5.448484848484847731e+01,5.840404040404040131e+01
5.186274509803921262e+01,5.341176470588235503e+01,5.286274509803921262e+01,5.084313725490196134e+01,5.449019607843137436e+01,5.825490196078430927e+01
5.207619047619048303e+01,5.339047619047618554e+01,5.272380952380952124e+01,5.076190476190476630e+01,5.434285714285714164e+01,5.819047619047618980e+01
5.231481481481481666e+01,5.344444444444444287e+01,5.253703703703703809e+01,5.088888888888888573e+01,5.429629629629629761e+01,5.827777777777777857e+01
5.254054054054054035e+01,5.345945945945945965e+01,5.250450450450451001e+01,5.102702702702702453e+01,5.423423423423424339e+01,5.843243243243243512e+01
5.268421052631578760e+01,5.329824561403508909e+01,5.231578947368421240e+01,5.121052631578947256e+01,5.421052631578947256e+01,5.856140350877193157e+01
5.288888888888889284e+01,5.336752136752136977e+01,5.229059829059828957e+01,5.124786324786324343e+01,5.434188034188034067e+01,5.870085470085469836e+01
5.311666666666666714e+01,5.350000000000000000e+01,5.263333333333333286e+01,5.136666666666666714e+01,5.411666666666666714e+01,5.873333333333333428e+01
5.328455284552845228e+01,5.333333333333333570e+01,5.261788617886178798e+01,5.149593495934959009e+01,5.403252032520325088e+01,5.873170731707317316e+01
5.341269841269841123e+01,5.328571428571428470e+01,5.249206349206348676e+01,5.160317460317460103e+01,5.392063492063491736e+01,5.885714285714286120e+01
5.362790697674418539e+01,5.328682170542635532e+01,5.272868217054263340e+01,5.182945736434108852e+01,5.368992248062015449e+01,5.883720930232558288e+01
5.369696969696969546e+01,5.337878787878788245e+01,5.278787878787878896e+01,5.207575757575757791e+01,5.356060606060605522e+01,5.881818181818182012e+01
5.379259259259259096e+01,5.314074074074073906e+01,5.285925925925926094e+01,5.210370370370370097e+01,5.337777777777777999e+01,5.869629629629629619e+01
5.398550724637681242e+01,5.307246376811593791e+01,5.298550724637681242e+01,5.191304347826086740e+01,5.323188405797101552e+01,5.882608695652174191e+01
5.414184397163119655e+01,5.295035460992907872e+01,5.309219858156028238e+01,5.184397163120568308e+01,5.314893617021277095e+01,5.897872340425531945e+01
5.433333333333333570e+01,5.298611111111111427e+01,5.320833333333333570e+01,5.172222222222222854e+01,5.286111111111110716e+01,5.893055555555555713e+01
5.455782312925169464e+01,5.303401360544217624e+01,5.334693877551020336e+01,5.179591836734693544e+01,5.272108843537414913e+01,5.895238095238094900e+01
5.489333333333333087e+01,5.310666666666666913e+01,5.341333333333333400e+01,5.174666666666666970e+01,5.252000000000000313e+01,5.889333333333333087e+01
5.520261437908497015e+01,5.326797385620915293e+01,5.351633986928104036e+01,5.188235294117647101e+01,5.209150326797385588e+01,5.905882352941176094e+01
5.544871794871794890e+01,5.333333333333333570e+01,5.366666666666667140e+01,5.189743589743589780e+01,5.189743589743589780e+01,5.921794871794871540e+01
5.566037735849055679e+01,5.342138364779874138e+01,5.367295597484276470e+01,5.200000000000000000e+01,5.183647798742138235e+01,5.927044025157232454e+01
5.592592592592591672e+01,5.359259259259259522e+01,5.367901234567901270e+01,5.198765432098765160e+01,5.176543209876543727e+01,5.937037037037036669e+01
5.603636363636363171e+01,5.362424242424242493e+01,5.386666666666666714e+01,5.197575757575757649e+01,5.180606060606060481e+01,5.943030303030302974e+01
5.613095238095237960e+01,5.370238095238094900e+01,5.400000000000000000e+01,5.196428571428571530e+01,5.173809523809524080e+01,5.948809523809524080e+01
5.640935672514618915e+01,5.380116959064328341e+01,5.410526315789473983e+01,5.203508771929824661e+01,5.183625730994152292e+01,5.953216374269005939e+01
5.656321839080460023e+01,5.401149425287356820e+01,5.417241379310344485e+01,5.209195402298851008e+01,5.181609195402298695e+01,5.958620689655172242e+01
5.663276836158191685e+01,5.409039548022598609e+01,5.424858757062146708e+01,5.210169491525423524e+01,5.179661016949152241e+01,5.957062146892655363e+01
5.677777777777777857e+01,5.426666666666666572e+01,5.434444444444444855e+01,5.211111111111111427e+01,5.182222222222222285e+01,5.966666666666667140e+01
5.685245901639343913e+01,5.444808743169398468e+01,5.430601092896175430e+01,5.215300546448087005e+01,5.173770491803278304e+01,5.971584699453551792e+01
5.694623655913978411e+01,5.463440860215053618e+01,5.433333333333333570e+01,5.210752688172043179e+01,5.169892473118279241e+01,5.987096774193548043e+01
5.713227513227513299e+01,5.469841269841269593e+01,5.437037037037036669e+01,5.212698412698412653e+01,5.158730158730158877e+01,5.991534391534391801e+01
5.713541666666666430e+01,5.471875000000000000e+01,5.438541666666667140e+01,5.218750000000000000e+01,5.155208333333332860e+01,6.008333333333333570e+01
5.723076923076922640e+01,5.472820512820512562e+01,5.450256410256410788e+01,5.224615384615384528e+01,5.155897435897436054e+01,6.024615384615384528e+01
5.734343434343433898e+01,5.466666666666667140e+01,5.455555555555555713e+01,5.225252525252525260e+01,5.157575757575757791e+01,6.034343434343434609e+01
5.751243781094527208e+01,5.459701492537313072e+01,5.465671641791045232e+01,5.223880597014925797e+01,5.144278606965173850e+01,6.034825870646766077e+01
5.763725490196078027e+01,5.454901960784313530e+01,5.461764705882352899e+01,5.225490196078430927e+01,5.140196078431372939e+01,6.033333333333333570e+01
5.771014492753623415e+01,5.451207729468598728e+01,5.465700483091787731e+01,5.222222222222222143e+01,5.132367149758454161e+01,6.030917874396134692e+01
5.777142857142857224e+01,5.451428571428571246e+01,5.477142857142857224e+01,5.218095238095238386e+01,5.139047619047619264e+01,6.045714285714286262e+01
5.781220657276995212e+01,5.445070422535211208e+01,5.497652582159624757e+01,5.214084507042253591e+01,5.142723004694835964e+01,6.049765258215962405e+01
5.794444444444444287e+01,5.437962962962962621e+01,5.515740740740740478e+01,5.210185185185184764e+01,5.152777777777777857e+01,6.062037037037036669e+01
5.813698630136986623e+01,5.433789954337899530e+01,5.527853881278538495e+01,5.211872146118722071e+01,5.172602739726027465e+01,6.065753424657533799e+01
5.826126126126126081e+01,5.418918918918919303e+01,5.539639639639639768e+01,5.197297297297297547e+01,5.178378378378378244e+01,6.075675675675675791e+01
5.838222222222222513e+01,5.409777777777777885e+01,5.559111111111111114e+01,5.188444444444444059e+01,5.189333333333333798e+01,6.078222222222222371e+01
5.852631578947368496e+01,5.401754385964912331e+01,5.573684210526315752e+01,5.188596491228069851e+01,5.194736842105263008e+01,6.074561403508771917e+01
5.855411255411254956e+01,5.400000000000000000e+01,5.591341991341991502e+01,5.186147186147186261e+01,5.207792207792208217e+01,6.078787878787878185e+01
5.864102564102564230e+01,5.399145299145299504e+01,5.605128205128205110e+01,5.188888888888889284e+01,5.222222222222222143e+01,6.080341880341880056e+01
5.873417721518987378e+01,5.394092827004219259e+01,5.616877637130801304e+01,5.181434599156118281e+01,5.229535864978902993e+01,6.084388185654007941e+01
5.883333333333332860e+01,5.379999999999999716e+01,5.631666666666666288e+01,5.177499999999999858e+01,5.240000000000000568e+01,6.090833333333333144e+01
5.897119341563786321e+01,5.378600823045267276e+01,5.639506172839506348e+01,5.176131687242798307e+01,5.241152263374485898e+01,6.101234567901234840e+01
5.907317073170732158e+01,5.372357723577236044e+01,5.649593495934959009e+01,5.169105691056910246e+01,5.247154471544715193e+01,6.104878048780488342e+01
5.912449799196787126e+01,5.360642570281125074e+01,5.644176706827309431e+01,5.171887550200803219e+01,5.256224899598393563e+01,6.102811244979919536e+01
5.923809523809524080e+01,5.357142857142856940e+01,5.649206349206349387e+01,5.161904761904762040e+01,5.270634920634920917e+01,6.107142857142856940e+01
5.923137254901960347e+01,5.345882352941176663e+01,5.658039215686274304e+01,5.164705882352941302e+01,5.279215686274510233e+01,6.110588235294117965e+01
5.924806201550386930e+01,5.331007751937984551e+01,5.666666666666666430e+01,5.169767441860464885e+01,5.279844961240310397e+01,6.115503875968992276e+01
5.925670498084291182e+01,5.315708812260535865e+01,5.665134099616857810e+01,5.173946360153256308e+01,5.285823754789272044e+01,6.123371647509578253e+01
5.922727272727272663e+01,5.321212121212121104e+01,5.675757575757575779e+01,5.187121212121212466e+01,5.296969696969696884e+01,6.131818181818181301e+01
5.929588014981273858e+01,5.307116104868913453e+01,5.677153558052434335e+01,5.188764044943820153e+01,5.300374531835205971e+01,6.128089887640449263e+01
5.937777777777777999e+01,5.298518518518518761e+01,5.682222222222222285e+01,5.195555555555554861e+01,5.314814814814815236e+01,6.124444444444444713e+01
5.948717948717948900e+01,5.284981684981684680e+01,5.684249084249084660e+01,5.205128205128205110e+01,5.327472527472527730e+01,6.133333333333333570e+01
5.964492753623188293e+01,5.278260869565217206e+01,5.684057971014492949e+01,5.218115942028985899e+01,5.336231884057971087e+01,6.139130434782608603e+01
5.979211469534050138e+01,5.276702508960573823e+01,5.685304659498207513e+01,5.225806451612903203e+01,5.349103942652329380e+01,6.146236559139784816e+01
5.992907801418439817e+01,5.269503546099290503e+01,5.683687943262410869e+01,5.236170212765957643e+01,5.364539007092198375e+01,6.160283687943262976e+01
6.000701754385964648e+01,5.268070175438597147e+01,5.691929824561403706e+01,5.244210526315789878e+01,5.375438596491228083e+01,6.161403508771930149e+01
6.012500000000000000e+01,5.263194444444444287e+01,5.701388888888888573e+01,5.259722222222222143e+01,5.386111111111110716e+01,6.165972222222222143e+01
6.022680412371133940e+01,5.256357388316151003e+01,5.710652920962198920e+01,5.263917525773195649e+01,5.395876288659793829e+01,6.166323024054982938e+01
6.031972789115646094e+01,5.253061224489795933e+01,5.722448979591836604e+01,5.275510204081632537e+01,5.408163265306122014e+01,6.162585034013605423e+01
6.037037037037036669e+01,5.242424242424242209e+01,5.733333333333332860e+01,5.286868686868687206e+01,5.418181818181817988e+01,6.159595959595959869e+01
6.041333333333333400e+01,5.233333333333332860e+01,5.740666666666666629e+01,5.294666666666666544e+01,5.420666666666666345e+01,6.157333333333333769e+01
6.051485148514851176e+01,5.232343234323432313e+01,5.747854785478547512e+01,5.302310231023102460e+01,5.432343234323432313e+01,6.163036303630363477e+01
6.057516339869280841e+01,5.228758169934639710e+01,5.762091503267973991e+01,5.313071895424836555e+01,5.447712418300653781e+01,6.167320261437908613e+01
6.064724919093850986e+01,5.217475728155339709e+01,5.780582524271844136e+01,5.323624595469256349e+01,5.457605177993527690e+01,6.170226537216829144e+01
6.072435897435897090e+01,5.214743589743589780e+01,5.799358974358974450e+01,5.329487179487178850e+01,5.457692307692308020e+01,6.165384615384615330e+01
6.079999999999999716e+01,5.217142857142857082e+01,5.811428571428571388e+01,5.340952380952381162e+01,5.469206349206348960e+01,6.170158730158730265e+01
6.091194968553458722e+01,5.219496855345911968e+01,5.830188679245282657e+01,5.347798742138365213e+01,5.477358490566037830e+01,6.169182389937106592e+01
6.099065420560747697e+01,5.216199376947040633e+01,5.848598130841121900e+01,5.358255451713395701e+01,5.484735202492211670e+01,6.171962616822430192e+01
6.106790123456789843e+01,5.214814814814815236e+01,5.869135802469136109e+01,5.367283950617283494e+01,5.494444444444444287e+01,6.171604938271605079e+01
6.114373088685015034e+01,5.201223241590214030e+01,5.891131498470947747e+01,5.378593272171253403e+01,5.500305810397553330e+01,6.170030581039755191e+01
6.125454545454545752e+01,5.200000000000000000e+01,5.909090909090908639e+01,5.389090909090909065e+01,5.501212121212121531e+01,6.162424242424242493e+01
6.141141141141140736e+01,5.196996996996997353e+01,5.922522522522522337e+01,5.400000000000000000e+01,5.502702702702702453e+01,6.160360360360360232e+01
6.151785714285713880e+01,5.194642857142856940e+01,5.936904761904762040e+01,5.411904761904761330e+01,5.503571428571428470e+01,6.165476190476190510e+01
6.155752212389381128e+01,5.194690265486725878e+01,5.946312684365781820e+01,5.419469026548672730e+01,5.503834808259587419e+01,6.169911504424779025e+01
6.157309941520468044e+01,5.187134502923976953e+01,5.965497076023391543e+01,5.429824561403508909e+01,5.508771929824561653e+01,6.174269005847953196e+01
6.157101449275362626e+01,5.185507246376811707e+01,5.981449275362319185e+01,5.437681159420289845e+01,5.511304347826087024e+01,6.183188405797101694e+01
6.167241379310344485e+01,5.185057471264367734e+01,5.993103448275861922e+01,5.448850574712643891e+01,5.516091954022989086e+01,6.190229885057470938e+01
6.169230769230769340e+01,5.177777777777777857e+01,6.004558404558404305e+01,5.455840455840456116e+01,5.520797720797720842e+01,6.201709401709401703e+01
6.172316384180791005e+01,5.170056497175141175e+01,6.015254237288136352e+01,5.465536723163842225e+01,5.520338983050847759e+01,6.206779661016948779e+01
6.175910364145658349e+01,5.166386554621848148e+01,6.028571428571428470e+01,5.471708683473389101e+01,5.519887955182073114e+01,6.213445378151260456e+01
6.181111111111111001e+01,5.166111111111111143e+01,6.035000000000000142e+01,5.476111111111111285e+01,5.517777777777777715e+01,6.221666666666666146e+01
6.183471074380165078e+01,5.163085399449035862e+01,6.044628099173553437e+01,5.480991735537190124e+01,5.517355371900826810e+01,6.224242424242424221e+01
6.191256830601092531e+01,5.166120218579234802e+01,6.051366120218579425e+01,5.486338797814207169e+01,5.522950819672131217e+01,6.227322404371584952e+01
6.194037940379404006e+01,5.158265582655826620e+01,6.061788617886178798e+01,5.493224932249322734e+01,5.521951219512195053e+01,6.237940379403794111e+01
6.192473118279570343e+01,5.151075268817204744e+01,6.070430107526881613e+01,5.497311827956989561e+01,5.519892473118279952e+01,6.238172043010752787e+01
6.195733333333333093e+01,5.146666666666666856e+01,6.075733333333333519e+01,5.499199999999999733e+01,5.522133333333333383e+01,6.243200000000000216e+01
6.208994708994708844e+01,5.142328042328042415e+01,6.079365079365079083e+01,5.508994708994708844e+01,5.520105820105820271e+01,6.246560846560846159e+01
6.218372703412073577e+01,5.137007874015748143e+01,6.085039370078740006e+01,5.512335958005249381e+01,5.528608923884514326e+01,6.247769028871390873e+01
6.224479166666666430e+01,5.127083333333332860e+01,6.085937500000000000e+01,5.519270833333333570e+01,5.534375000000000000e+01,6.244791666666666430e+01
6.228940568475452011e+01,5.126098191214470745e+01,6.084754521963824203e+01,5.520930232558139750e+01,5.541085271317829353e+01,6.250645994832041197e+01
6.233333333333333570e+01,5.129743589743590348e+01,6.077435897435897516e+01,5.528205128205128460e+01,5.539487179487179702e+01,6.253333333333333854e+01
6.234605597964376500e+01,5.128753180661577460e+01,6.073791348600509110e+01,5.528753180661577460e+01,5.538931297709923740e+01,6.251399491094147720e+01
6.236868686868686495e+01,5.132828282828283051e+01,6.073232323232323182e+01,5.531818181818181301e+01,5.540909090909090651e+01,6.251010101010101039e+01
6.246115288220551065e+01,5.127819548872180633e+01,6.076691729323307811e+01,5.533333333333333570e+01,5.546365914786967721e+01,6.251127819548872111e+01
6.248258706467661483e+01,5.125870646766168903e+01,6.073631840796019787e+01,5.534328358208955478e+01,5.553731343283582333e+01,6.254228855721392932e+01
6.253827160493827364e+01,5.123456790123456983e+01,6.076049382716049507e+01,5.544197530864197887e+01,5.557530864197530462e+01,6.256296296296296333e+01
6.255882352941176805e+01,5.124019607843137436e+01,6.075980392156862564e+01,5.550000000000000000e+01,5.562254901960784537e+01,6.251470588235294201e+01
6.255961070559610704e+01,5.121654501216544730e+01,6.077372262773722866e+01,5.551824817518248523e+01,5.566909975669099708e+01,6.252068126520681091e+01
6.259903381642511988e+01,5.124154589371980961e+01,6.080676328502415373e+01,5.552657004830917487e+01,5.567149758454106490e+01,6.249758454106279970e+01
6.261390887290168195e+01,5.125179856115107668e+01,6.080575539568345533e+01,5.558752997601918366e+01,5.571223021582733992e+01,6.248920863309352569e+01
6.263333333333333286e+01,5.119523809523809632e+01,6.085714285714286120e+01,5.560476190476190794e+01,5.573809523809523370e+01,6.243333333333333712e+01
6.276595744680851396e+01,5.112529550827423463e+01,6.091252955082742204e+01,5.566903073286052006e+01,5.575886524822695378e+01,6.244917257683215439e+01
6.276995305164319205e+01,5.110798122065727966e+01,6.095774647887323994e+01,5.575117370892018442e+01,5.579342723004695159e+01,6.239436619718309629e+01
6.282051282051281760e+01,5.109090909090909349e+01,6.100699300699300665e+01,5.579953379953380477e+01,5.585081585081584876e+01,6.234498834498834441e+01
6.285648148148148096e+01,5.106018518518518334e+01,6.106944444444444287e+01,5.582870370370370239e+01,5.585185185185185475e+01,6.230555555555555003e+01
6.291494252873563653e+01,5.104827586206896228e+01,6.108505747126437058e+01,5.586666666666666714e+01,5.589885057471264673e+01,6.233563218390804650e+01
6.295890410958904226e+01,5.100913242009132631e+01,6.112785388127853992e+01,5.591780821917808453e+01,5.594063926940639675e+01,6.234703196347031451e+01
6.303854875283446546e+01,5.093877551020408134e+01,6.116553287981859910e+01,5.594104308390022595e+01,5.595464852607710071e+01,6.241269841269841123e+01
6.312162162162162105e+01,5.090990990990991349e+01,6.120720720720721175e+01,5.603153153153152743e+01,5.602252252252252163e+01,6.248198198198198128e+01
6.319015659955257291e+01,5.089038031319910971e+01,6.123489932885905773e+01,5.609843400447427086e+01,5.604921700223713543e+01,6.255033557046979809e+01
6.323555555555555685e+01,5.083555555555555827e+01,6.124444444444444713e+01,5.615111111111111342e+01,5.615111111111111342e+01,6.263555555555555543e+01
6.330242825607064105e+01,5.078145695364238321e+01,6.128918322295805154e+01,5.620309050772626591e+01,5.617660044150110110e+01,6.271523178807947119e+01
6.335526315789473983e+01,5.076754385964912331e+01,6.134210526315789025e+01,5.628070175438596578e+01,5.618421052631579471e+01,6.278947368421052744e+01
6.342047930283224133e+01,5.081481481481480955e+01,6.136819172113289511e+01,5.628758169934639710e+01,5.622222222222222143e+01,6.281045751633986640e+01
6.344155844155844193e+01,5.080952380952381020e+01,6.140259740259740084e+01,5.631168831168831446e+01,5.628138528138528329e+01,6.284415584415584988e+01
6.349677419354839003e+01,5.075698924731182871e+01,6.144516129032258078e+01,5.633548387096774235e+01,5.628387096774193310e+01,6.283870967741935232e+01
6.354700854700855217e+01,5.073931623931623847e+01,6.151709401709401703e+01,5.638461538461537970e+01,5.633760683760683463e+01,6.288888888888888573e+01
6.357961783439490233e+01,5.071337579617834734e+01,6.156687898089172251e+01,5.644161358811039975e+01,5.634819532908704787e+01,6.292569002123142496e+01
6.361181434599156148e+01,5.069620253164556800e+01,6.165400843881856474e+01,5.644303797468354844e+01,5.635864978902953482e+01,6.296624472573839881e+01
6.361006289308176065e+01,5.068763102725367276e+01,6.174842767295597667e+01,5.646121593291405105e+01,5.637735849056603854e+01,6.295597484276729716e+01
6.366666666666666430e+01,5.067083333333333428e+01,6.180833333333333002e+01,5.652499999999999858e+01,5.642916666666666714e+01,6.298749999999999716e+01
6.372256728778468471e+01,5.066666666666666430e+01,6.185507246376811707e+01,5.655072463768115654e+01,5.640993788819875476e+01,6.299378881987578183e+01
6.375720164609053597e+01,5.067489711934156560e+01,6.192592592592591672e+01,5.656378600823045133e+01,5.648559670781892805e+01,6.299588477366255290e+01
6.379550102249488930e+01,5.063803680981595079e+01,6.200000000000000000e+01,5.660122699386502632e+01,5.653169734151329351e+01,6.301431492842535675e+01
6.385772357723576675e+01,5.067886178861788693e+01,6.200406504065040991e+01,5.663414634146341342e+01,5.650406504065040991e+01,6.303252032520325088e+01
6.387070707070706987e+01,5.067474747474746977e+01,6.202424242424242351e+01,5.665454545454544899e+01,5.646060606060606091e+01,6.303838383838383663e+01
6.389558232931727133e+01,5.064257028112449888e+01,6.205220883534136789e+01,5.667068273092369424e+01,5.644979919678714708e+01,6.307630522088353331e+01
6.388822355289421040e+01,5.062275449101796454e+01,6.209181636726546571e+01,5.667864271457085579e+01,5.645908183632734278e+01,6.309381237524950592e+01
6.389285714285713880e+01,5.060317460317460814e+01,6.214285714285714590e+01,5.668253968253967656e+01,5.646031746031746223e+01,6.310714285714285410e+01
6.387771203155818966e+01,5.059171597633135775e+01,6.218145956607494895e+01,5.667061143984221161e+01,5.646548323471400010e+01,6.315976331360946716e+01
6.390588235294117680e+01,5.061176470588235077e+01,6.216470588235294059e+01,5.666666666666666430e+01,5.646274509803921404e+01,6.321176470588235219e+01
6.389863547758284312e+01,5.062768031189083473e+01,6.217933723196880891e+01,5.674074074074074048e+01,5.645614035087719174e+01,6.321247563352826404e+01
6.392248062015503507e+01,5.066666666666666430e+01,6.214728682170542839e+01,5.676356589147286513e+01,5.647286821705426263e+01,6.321317829457363757e+01
6.395761078998073401e+01,5.069364161849711081e+01,6.211560693641618514e+01,5.681310211946050259e+01,5.648554913294797331e+01,6.328323699421965642e+01
6.402298850574712219e+01,5.073946360153257018e+01,6.214176245210727956e+01,5.686590038314176354e+01,5.649808429118773745e+01,6.331034482758620641e+01
6.405333333333334167e+01,5.075047619047619207e+01,6.215238095238095184e+01,5.691428571428571104e+01,5.651809523809524194e+01,6.330285714285714249e+01
6.407575757575757791e+01,5.076136363636364024e+01,6.214772727272727337e+01,5.696969696969696884e+01,5.653787878787878896e+01,6.329924242424242209e+01
6.409416195856874765e+01,5.077966101694914869e+01,6.213182674199623534e+01,5.699435028248587543e+01,5.656120527306968171e+01,6.328436911487759176e+01
6.411985018726591079e+01,5.078277153558052248e+01,6.214606741573033588e+01,5.702996254681648480e+01,5.659176029962546295e+01,6.331835205992508975e+01
6.416759776536312643e+01,5.076350093109869732e+01,6.221973929236499146e+01,5.711731843575418566e+01,5.657728119180633541e+01,6.336685288640595815e+01
6.419259259259258954e+01,5.077037037037037237e+01,6.223703703703703383e+01,5.714074074074073906e+01,5.658888888888888857e+01,6.336296296296296759e+01
6.423941068139963306e+01,5.078821362799263284e+01,6.227255985267034788e+01,5.718968692449355729e+01,5.659668508287293065e+01,6.336648250460405052e+01
6.424542124542125521e+01,5.075824175824175910e+01,6.233333333333333570e+01,5.722710622710622630e+01,5.664102564102563520e+01,6.334798534798535030e+01
6.425500910746812622e+01,5.076138433515482262e+01,6.240801457194898916e+01,5.723861566484517027e+01,5.664116575591985026e+01,6.339890710382513817e+01
6.428985507246378006e+01,5.071014492753623415e+01,6.246376811594203105e+01,5.726811594202898448e+01,5.665942028985507051e+01,6.343840579710145278e+01
6.430270270270270316e+01,5.066666666666666430e+01,6.256936936936936888e+01,5.728648648648648845e+01,5.665225225225224648e+01,6.347747747747747837e+01
6.432616487455197785e+01,5.063799283154121866e+01,6.258064516129032029e+01,5.731182795698924792e+01,5.664874551971325900e+01,6.350537634408602372e+01
6.434937611408199132e+01,5.064171122994652308e+01,6.261319073083779330e+01,5.739393939393939092e+01,5.667023172905525996e+01,6.355436720142602525e+01
6.435815602836879634e+01,5.065248226950354393e+01,6.262056737588652311e+01,5.743971631205673845e+01,5.670212765957447232e+01,6.358156028368794210e+01
6.440564373897706218e+01,5.065961199294532236e+01,6.262786596119929783e+01,5.750264550264550678e+01,5.674779541446208242e+01,6.359082892416225974e+01
6.443859649122808264e+01,5.069824561403508767e+01,6.262105263157894797e+01,5.749122807017543835e+01,5.675087719298245759e+01,6.362105263157894797e+01
6.448167539267015513e+01,5.069808027923210858e+01,6.258638743455497178e+01,5.750436300174520454e+01,5.676788830715533152e+01,6.363001745200698167e+01
6.451041666666665719e+01,5.068055555555555713e+01,6.260763888888888573e+01,5.752083333333332860e+01,5.675000000000000000e+01,6.364583333333333570e+01
6.452849740932643385e+01,5.068048359240069090e+01,6.259758203799654552e+01,5.753367875647668939e+01,5.676338514680482916e+01,6.366148531951640877e+01
6.458762886597938291e+01,5.068384879725086023e+01,6.260824742268041376e+01,5.756013745704467510e+01,5.674914089347078772e+01,6.368041237113401820e+01
6.463589743589744785e+01,5.068717948717948474e+01,6.260512820512821008e+01,5.759658119658119801e+01,5.676239316239315968e+01,6.368888888888888999e+01
6.467687074829932214e+01,5.069387755102041382e+01,6.261564625850338928e+01,5.761564625850340349e+01,5.676530612244897611e+01,6.373129251700680697e+01
6.468697123519459069e+01,5.070050761421319407e+01,6.263620981387478537e+01,5.769543147208121781e+01,5.679187817258883086e+01,6.373942470389171433e+01
6.467676767676766758e+01,5.069696969696969546e+01,6.265656565656565391e+01,5.773063973063973009e+01,5.682491582491581994e+01,6.374074074074074048e+01
6.468006700167504164e+01,5.071021775544388532e+01,6.267671691792294553e+01,5.776549413735344274e+01,5.687102177554439209e+01,6.376884422110552464e+01
6.467333333333333201e+01,5.071999999999999886e+01,6.271999999999999886e+01,5.778999999999999915e+01,5.691333333333333400e+01,6.375333333333333741e+01
6.462023217247097762e+01,5.067661691542288338e+01,6.277280265339966547e+01,5.782752902155887398e+01,5.696185737976782804e+01,6.370812603648424499e+01
6.461386138613860908e+01,5.066336633663366484e+01,6.280528052805280481e+01,5.786798679867986550e+01,5.701650165016501859e+01,6.366006600660065828e+01
6.457799671592775326e+01,5.068965517241379359e+01,6.282758620689655515e+01,5.789819376026272835e+01,5.706732348111658126e+01,6.364860426929392645e+01
6.455555555555555713e+01,5.068300653594771177e+01,6.284640522875816515e+01,5.794117647058823195e+01,5.712418300653595082e+01,6.362091503267973991e+01
6.453983739837397593e+01,5.068292682926829684e+01,6.287804878048780211e+01,5.794796747967479433e+01,5.716422764227642261e+01,6.359349593495934982e+01
6.451779935275081357e+01,5.069902912621358837e+01,6.287378640776699257e+01,5.796440129449837997e+01,5.721359223300970598e+01,6.357605177993527690e+01
6.451207729468598018e+01,5.070531400966183355e+01,6.287600644122382931e+01,5.797101449275362484e+01,5.723671497584540901e+01,6.355233494363929481e+01
6.453846153846154721e+01,5.070833333333333570e+01,6.289743589743589780e+01,5.797115384615384670e+01,5.728205128205128460e+01,6.358333333333332860e+01
6.450717703349282317e+01,5.071132376395534180e+01,6.290271132376395258e+01,5.793301435406698374e+01,5.732695374800638177e+01,6.357256778309409384e+01
6.450793650793650613e+01,5.073333333333333428e+01,6.290476190476190510e+01,5.794603174603174267e+01,5.733968253968254203e+01,6.354285714285714448e+01
6.449921011058452791e+01,5.075513428120063253e+01,6.295102685624012651e+01,5.795576619273301588e+01,5.738072669826223660e+01,6.353870458135860844e+01
6.449685534591195335e+01,5.077358490566037830e+01,6.295911949685535092e+01,5.794654088050314300e+01,5.743710691823898884e+01,6.350943396226414706e+01
6.451330203442878997e+01,5.076995305164319205e+01,6.297652582159624757e+01,5.793427230046948750e+01,5.748982785602503753e+01,6.349921752738654135e+01
6.449532710280374204e+01,5.079750778816199386e+01,6.301557632398753839e+01,5.795015576323987716e+01,5.752647975077881171e+01,6.344548286604361209e+01
6.450232558139535399e+01,5.079689922480621078e+01,6.305116279069767415e+01,5.796589147286822197e+01,5.758759689922480618e+01,6.342635658914728936e+01
6.450925925925926663e+01,5.081481481481480955e+01,6.303395061728394921e+01,5.797222222222222854e+01,5.759567901234567699e+01,6.340123456790123413e+01
6.454685099846389562e+01,5.085714285714285410e+01,6.302304147465437723e+01,5.796313364055298933e+01,5.761597542242703440e+01,6.334562211981567259e+01
6.458409785932721547e+01,5.084403669724770936e+01,6.304281345565749461e+01,5.799082568807339300e+01,5.763302752293578379e+01,6.332415902140672870e+01
6.459360730593607514e+01,5.086453576864536075e+01,6.304718417047183721e+01,5.800608828006087947e+01,5.764079147640791234e+01,6.332115677321156966e+01
6.461515151515152411e+01,5.090606060606060623e+01,6.303636363636363171e+01,5.799696969696969973e+01,5.763636363636363313e+01,6.332121212121212039e+01
6.463046757164403289e+01,5.090196078431372939e+01,6.303770739064857054e+01,5.802714932126696823e+01,5.765610859728506910e+01,6.332730015082956498e+01
6.466066066066065332e+01,5.093093093093092705e+01,6.301201201201201485e+01,5.803303303303304261e+01,5.767567567567567721e+01,6.331531531531531698e+01
6.467264573991030829e+01,5.092675635276533086e+01,6.298953662182361768e+01,5.803288490284005974e+01,5.771599402092675746e+01,6.332137518684604061e+01
6.470238095238094900e+01,5.091071428571428470e+01,6.295238095238096321e+01,5.801785714285714590e+01,5.776785714285714590e+01,6.333630952380952550e+01
6.469925925925926435e+01,5.091851851851851762e+01,6.296888888888889113e+01,5.803259259259259295e+01,5.779851851851852018e+01,6.333037037037036754e+01
6.468731563421829378e+01,5.093215339233038463e+01,6.300000000000000000e+01,5.801474926253687414e+01,5.779646017699114680e+01,6.330383480825958742e+01
6.467254038179149234e+01,5.094860499265785592e+01,6.301908957415565027e+01,5.801468428781203812e+01,5.778854625550660984e+01,6.328340675477239330e+01
6.468713450292398193e+01,5.094444444444444287e+01,6.307017543859649322e+01,5.799707602339181278e+01,5.776608187134502970e+01,6.328070175438596578e+01
6.472780203784570574e+01,5.095196506550218629e+01,6.308005822416302522e+01,5.800291120815138157e+01,5.776128093158660448e+01,6.330422125181950577e+01
6.471594202898550918e+01,5.096811594202898732e+01,6.309855072463768266e+01,5.799710144927536248e+01,5.777681159420289703e+01,6.331884057971014812e+01
6.468686868686867797e+01,5.099855699855699953e+01,6.311688311688312325e+01,5.797402597402597024e+01,5.782395382395382200e+01,6.331601731601730876e+01
6.464655172413793593e+01,5.102873563218390984e+01,6.315804597701149703e+01,5.798850574712643180e+01,5.786206896551724554e+01,6.335057471264367734e+01
6.462088698140200904e+01,5.105293276108726275e+01,6.318741058655221821e+01,5.799427753934191543e+01,5.788841201716738283e+01,6.338483547925608264e+01
6.459259259259258101e+01,5.105982905982905606e+01,6.321367521367521647e+01,5.801709401709401703e+01,5.790883190883190679e+01,6.345868945868946298e+01
6.459858156028369081e+01,5.108652482269503281e+01,6.325106382978723474e+01,5.799716312056737166e+01,5.792907801418439817e+01,6.347801418439716059e+01
6.463559322033898979e+01,5.108192090395480278e+01,6.327683615819208995e+01,5.799152542372880959e+01,5.793220338983051221e+01,6.349152542372880959e+01
6.461322081575245591e+01,5.111392405063291733e+01,6.331082981715893254e+01,5.798874824191279487e+01,5.796061884669479269e+01,6.347960618846694558e+01
6.459663865546218631e+01,5.114845938375350443e+01,6.332492997198879436e+01,5.801680672268906847e+01,5.794397759103641476e+01,6.343417366946778913e+01
6.458298465829847146e+01,5.113528591352859110e+01,6.335006973500697569e+01,5.801394700139469762e+01,5.797489539748954002e+01,6.340585774058577329e+01
6.457777777777778283e+01,5.116666666666666430e+01,6.335000000000000142e+01,5.803333333333333144e+01,5.802222222222221859e+01,6.339444444444444571e+01
6.459474412171508106e+01,5.118395573997233328e+01,6.338312586445366748e+01,5.803319502074688785e+01,5.807192254495159034e+01,6.339142461964038233e+01
6.459779614325069019e+01,5.117906336088154262e+01,6.337741046831956027e+01,5.802754820936639391e+01,5.808815426997245623e+01,6.337465564738292301e+01
6.464197530864197461e+01,5.117969821673525388e+01,6.342112482853224265e+01,5.802743484224966153e+01,5.808779149519890694e+01,6.335802469135802539e+01
6.466120218579234802e+01,5.122131147540983420e+01,6.344262295081966840e+01,5.805191256830601532e+01,5.812021857923497237e+01,6.333606557377049029e+01
6.467755102040817405e+01,5.124897959183673635e+01,6.346666666666666856e+01,5.807891156462584803e+01,5.818231292517006636e+01,6.333061224489797070e+01
6.467750677506774082e+01,5.130623306233062664e+01,6.350948509485094462e+01,5.809756097560975974e+01,5.822764227642276325e+01,6.333333333333333570e+01
6.466666666666665719e+01,5.132793522267206754e+01,6.353576248313090247e+01,5.809986504723346457e+01,5.826990553306342946e+01,6.332793522267206754e+01
6.468279569892473546e+01,5.134408602150537604e+01,6.355107526881720048e+01,5.812903225806451957e+01,5.832526881720430367e+01,6.334946236559139976e+01
6.467202141900938273e+01,5.135742971887550112e+01,6.359303882195448665e+01,5.814725568942436240e+01,5.837215528781793950e+01,6.338420348058902221e+01
6.465866666666666163e+01,5.137866666666666760e+01,6.364000000000000057e+01,5.815733333333333377e+01,5.837599999999999767e+01,6.339466666666666583e+01
6.462151394422311057e+01,5.142629482071713198e+01,6.366002656042496710e+01,5.819389110225763773e+01,5.837981407702523029e+01,6.341301460823373048e+01
6.462962962962963331e+01,5.148412698412698063e+01,6.367989417989418399e+01,5.822222222222222143e+01,5.839682539682539897e+01,6.340740740740740478e+01
6.461133069828721887e+01,5.153886693017128096e+01,6.369169960474308567e+01,5.825032938076415689e+01,5.840843214756258561e+01,6.340184453227931982e+01
6.463779527559054827e+01,5.154330708661417049e+01,6.371391076115485674e+01,5.823359580052493101e+01,5.846981627296587902e+01,6.337532808398950124e+01
6.460653594771241615e+01,5.153725490196078596e+01,6.376470588235294201e+01,5.825620915032679648e+01,5.848366013071895964e+01,6.339346405228757675e+01
6.457291666666667140e+01,5.154687500000000000e+01,6.380468750000000000e+01,5.826302083333333570e+01,5.852604166666666430e+01,6.340885416666666430e+01
6.454215304798962904e+01,5.156420233463035174e+01,6.384695201037613543e+01,5.825680933852139987e+01,5.853955901426718356e+01,6.344487678339818615e+01
6.450387596899224718e+01,5.160723514211885998e+01,6.387855297157622658e+01,5.827390180878551718e+01,5.854005167958656131e+01,6.345736434108527391e+01
6.447876447876447514e+01,5.163706563706563912e+01,6.388931788931788702e+01,5.831660231660231375e+01,5.854826254826254939e+01,6.347490347490347773e+01
6.445897435897435912e+01,5.164615384615383675e+01,6.391282051282050958e+01,5.831794871794871682e+01,5.858205128205128176e+01,6.349230769230769056e+01
6.444444444444444287e+01,5.164495530012771241e+01,6.393358876117496692e+01,5.833461047254150600e+01,5.864112388250319441e+01,6.349425287356321945e+01
6.443256997455470980e+01,5.166666666666666430e+01,6.399745547073791130e+01,5.832569974554706960e+01,5.868447837150127100e+01,6.352162849872773620e+01
6.444866920152091438e+01,5.164765525982255667e+01,6.403802281368820104e+01,5.829150823827630035e+01,5.872243346007604714e+01,6.354119138149556534e+01
6.445202020202020776e+01,5.163888888888889284e+01,6.406818181818181301e+01,5.829292929292929415e+01,5.875757575757575779e+01,6.357575757575757791e+01
6.447798742138364503e+01,5.165031446540880467e+01,6.411572327044024178e+01,5.829182389937106734e+01,5.880251572327043874e+01,6.361006289308176065e+01
6.450125313283209039e+01,5.163157894736842479e+01,6.415538847117794319e+01,5.827318295739348031e+01,5.882957393483709296e+01,6.364661654135338154e+01
6.449937578027466145e+01,5.166791510611734850e+01,6.417478152309612938e+01,5.828214731585518393e+01,5.888139825218476631e+01,6.367041198501871690e+01
6.454228855721393643e+01,5.169651741293532154e+01,6.420149253731344174e+01,5.824378109452735686e+01,5.887064676616915193e+01,6.372139303482586570e+01
6.455266418835191189e+01,5.172242874845105121e+01,6.423791821561337656e+01,5.821809169764560465e+01,5.888475836431226895e+01,6.373977695167285873e+01
6.457530864197531173e+01,5.173580246913579828e+01,6.427407407407406481e+01,5.821234567901234414e+01,5.890370370370370523e+01,6.375308641975308888e+01
6.461008610086101100e+01,5.178105781057810475e+01,6.430258302583025909e+01,5.819188191881919181e+01,5.889298892988929879e+01,6.375645756457564772e+01
6.464460784313725128e+01,5.179901960784313530e+01,6.431617647058823195e+01,5.818872549019607732e+01,5.891666666666666430e+01,6.374509803921567652e+01
6.469108669108669574e+01,5.181196581196581263e+01,6.432234432234432120e+01,5.817826617826617763e+01,5.896459096459096116e+01,6.375824175824175910e+01
6.473236009732360685e+01,5.185158150851581382e+01,6.434793187347932530e+01,5.812165450121654686e+01,5.899026763990266886e+01,6.379562043795620241e+01
6.475151515151515014e+01,5.187636363636363512e+01,6.437575757575757507e+01,5.810181818181818159e+01,5.900363636363636033e+01,6.382060606060606034e+01
6.477777777777777146e+01,5.190579710144927361e+01,6.439130434782609314e+01,5.811111111111111427e+01,5.901449275362318758e+01,6.381642512077294782e+01
6.477978339350180192e+01,5.189410348977136067e+01,6.438989169675090807e+01,5.811552346570397276e+01,5.904211793020457577e+01,6.383393501805053916e+01
6.478657074340527799e+01,5.190167865707434203e+01,6.438129496402878260e+01,5.812230215827337787e+01,5.905515587529976074e+01,6.384172661870503873e+01
6.477897252090801317e+01,5.191875746714456596e+01,6.439665471923535733e+01,5.814575866188769027e+01,5.905615292712067088e+01,6.381839904420549914e+01
6.477857142857143913e+01,5.193809523809523654e+01,6.440476190476189799e+01,5.814761904761904532e+01,5.905952380952381020e+01,6.381666666666666288e+01
6.477817319098457460e+01,5.195492289442466927e+01,6.439857651245552006e+01,5.816370106761566205e+01,5.905338078291814696e+01,6.380782918149466099e+01
6.481087470449173793e+01,5.197399527186761503e+01,6.442316784869976232e+01,5.815366430260047537e+01,5.905673758865248146e+01,6.379432624113475470e+01
6.485276796230860441e+01,5.198586572438162534e+01,6.443345111896348953e+01,5.814840989399293392e+01,5.907184923439340452e+01,6.378563015312131768e+01
6.487793427230047882e+01,5.202112676056337648e+01,6.444835680751174323e+01,5.815023474178403262e+01,5.907276995305164746e+01,6.380281690140844830e+01
6.488888888888888573e+01,5.205146198830409077e+01,6.446081871345029413e+01,5.814502923976608173e+01,5.910643274853801188e+01,6.379883040935672511e+01
6.491608391608392026e+01,5.205361305361304858e+01,6.447552447552448029e+01,5.814918414918414413e+01,5.912820512820513130e+01,6.380419580419580683e+01
6.492915214866434326e+01,5.203948896631823828e+01,6.449477351916377188e+01,5.814634146341464316e+01,5.915911730545877134e+01,6.378397212543553962e+01
6.496527777777777146e+01,5.205092592592593093e+01,6.453009259259259522e+01,5.815046296296296191e+01,5.917129629629629051e+01,6.375925925925925952e+01
6.498961937716262582e+01,5.209227220299884920e+01,6.456516724336793800e+01,5.816378316032295004e+01,5.918800461361015408e+01,6.376470588235294201e+01
6.499540229885056419e+01,5.213103448275862206e+01,6.460459770114943012e+01,5.816091954022989086e+01,5.921379310344827474e+01,6.374712643678160617e+01
6.501947308132875492e+01,5.213745704467353903e+01,6.462772050400916157e+01,5.818556701030927769e+01,5.924398625429553533e+01,6.372737686139748092e+01
6.505022831050229115e+01,5.214383561643835208e+01,6.465753424657535220e+01,5.819634703196346948e+01,5.927853881278538495e+01,6.372602739726027465e+01
6.505346985210465505e+01,5.215472127417519488e+01,6.468259385665528782e+01,5.818657565415244193e+01,5.932195676905574544e+01,6.372241183162684308e+01
6.505442176870748483e+01,5.218140589569161136e+01,6.471201814058956359e+01,5.818820861678004519e+01,5.933106575963718399e+01,6.370975056689342608e+01
6.504858757062146424e+01,5.217175141242937997e+01,6.472316384180791715e+01,5.817853107344632946e+01,5.935141242937852724e+01,6.369265536723163734e+01
6.505405405405406327e+01,5.216441441441440929e+01,6.476126126126126792e+01,5.816891891891891930e+01,5.940090090090090058e+01,6.370495495495495675e+01
6.504377104377104502e+01,5.218406285072951789e+01,6.479910213243546480e+01,5.818406285072951789e+01,5.944107744107743940e+01,6.367676767676767469e+01
6.504921700223712833e+01,5.218568232662192230e+01,6.482550335570469713e+01,5.818120805369127169e+01,5.945861297539150314e+01,6.367785234899329083e+01
6.505462653288739716e+01,5.217837235228539328e+01,6.484503901895206468e+01,5.819843924191750517e+01,5.947157190635451229e+01,6.368115942028985899e+01
6.502000000000001023e+01,5.221111111111112280e+01,6.486222222222221490e+01,5.821555555555555372e+01,5.949333333333333229e+01,6.370444444444444798e+01
6.502990033222590682e+01,5.222148394241417435e+01,6.489479512735326239e+01,5.821483942414175061e+01,5.950830564784052967e+01,6.369878183831671947e+01
6.504415011037528416e+01,5.222737306843266936e+01,6.493156732891831950e+01,5.821412803532008695e+01,5.953421633554084025e+01,6.370640176600441862e+01
6.506270627062706069e+01,5.224202420242023948e+01,6.496149614961495899e+01,5.820902090209020940e+01,5.953355335533553472e+01,6.369636963696369492e+01
6.506578947368421950e+01,5.225657894736841769e+01,6.501096491228069851e+01,5.821491228070175339e+01,5.951096491228069851e+01,6.370175438596491801e+01
6.506666666666666288e+01,5.226010928961748192e+01,6.504043715846994189e+01,5.820546448087431912e+01,5.952349726775955929e+01,6.370491803278688536e+01
6.508061002178649801e+01,5.225708061002178795e+01,6.505228758169934622e+01,5.819389978213507675e+01,5.955555555555555713e+01,6.369281045751634451e+01
6.507274701411509454e+01,5.227578718783930611e+01,6.508794788273615950e+01,5.819326818675352797e+01,5.956568946796959807e+01,6.370684039087947781e+01
6.506709956709957510e+01,5.229220779220779036e+01,6.511904761904762040e+01,5.820129870129870397e+01,5.959307359307359064e+01,6.370346320346320113e+01
6.507659115426105245e+01,5.231499460625673947e+01,6.511758360302050619e+01,5.821790722761596726e+01,5.959654800431498956e+01,6.371952535059330813e+01
6.507526881720430367e+01,5.233333333333332860e+01,6.514193548387096655e+01,5.823440860215053760e+01,5.964301075268817698e+01,6.369892473118279241e+01
6.508681672025723230e+01,5.233226152197213565e+01,6.517899249732047906e+01,5.823579849946408871e+01,5.966988210075026444e+01,6.369560557341907980e+01
6.507051282051281760e+01,5.236965811965811923e+01,6.522435897435897800e+01,5.824786324786324343e+01,5.967948717948717530e+01,6.369230769230769340e+01
6.506070287539935748e+01,5.238338658146965088e+01,6.524387646432374765e+01,5.824494142705005117e+01,5.970607028753993717e+01,6.367412140575080315e+01
6.505095541401274772e+01,5.237154989384288939e+01,6.527600849256900517e+01,5.824628450106157374e+01,5.972611464968152717e+01,6.364755838641188745e+01
6.503703703703703809e+01,5.239365079365079225e+01,6.528677248677249167e+01,5.826666666666666572e+01,5.974391534391534719e+01,6.366560846560846443e+01
6.503164556962025245e+01,5.239873417721518933e+01,6.531856540084388030e+01,5.827426160337552830e+01,5.976371308016877748e+01,6.367932489451477096e+01
6.501787592008412275e+01,5.241219768664563361e+01,6.535436382754994611e+01,5.827129337539432186e+01,5.978759200841219723e+01,6.368454258675078705e+01
6.501677148846960108e+01,5.242348008385744151e+01,6.538155136268343881e+01,5.826205450733751690e+01,5.981761006289308114e+01,6.367505241090146484e+01
6.503239289446185012e+01,5.242842215256008132e+01,6.542110762800417945e+01,5.827795193312434208e+01,5.984117032392894231e+01,6.368652037617555095e+01
6.503749999999999432e+01,5.244166666666666288e+01,6.544791666666665719e+01,5.828541666666666998e+01,5.986041666666666572e+01,6.368958333333333144e+01
6.504465212876428382e+01,5.245275181723779667e+01,6.548909657320871247e+01,5.828660436137071343e+01,5.988369678089303960e+01,6.370301142263758720e+01
6.506004140786748735e+01,5.246169772256728692e+01,6.552173913043478137e+01,5.828778467908902883e+01,5.990062111801242395e+01,6.371014492753623415e+01
6.507327141382867808e+01,5.246026831785346189e+01,6.553766769865841013e+01,5.828276573787410086e+01,5.992156862745098067e+01,6.371104231166150811e+01
6.508436213991768682e+01,5.246707818930040901e+01,6.555349794238682648e+01,5.827777777777777857e+01,5.995061728395062062e+01,6.372839506172839208e+01
6.511179487179487069e+01,5.248820512820513073e+01,6.554871794871795032e+01,5.827487179487179958e+01,5.996512820512820241e+01,6.375589743589743819e+01
6.514928425357874175e+01,5.250306748466257289e+01,6.557668711656441474e+01,5.827607361963190158e+01,5.999386503067484711e+01,6.377505112474437254e+01
6.518042813455656415e+01,5.253211009174311386e+01,6.560448521916411835e+01,5.826707441386340491e+01,5.999388379204893340e+01,6.378797145769623000e+01
6.521138211382114491e+01,5.252845528455284096e+01,6.564024390243902474e+01,5.826626016260162544e+01,6.002439024390243816e+01,6.380487804878048763e+01
6.523201621073961576e+01,5.253495440729483335e+01,6.566565349544072205e+01,5.827152988855117144e+01,6.004255319148936110e+01,6.379939209726443750e+01
6.526868686868687064e+01,5.256767676767676534e+01,6.568080808080807742e+01,5.829494949494949196e+01,6.004444444444445139e+01,6.382828282828283051e+01
6.528499496475328101e+01,5.258207452165156326e+01,6.568580060422959832e+01,5.830412890231621503e+01,6.005438066465256952e+01,6.384290030211479916e+01
6.529919678714858833e+01,5.260843373493975861e+01,6.570080321285141167e+01,5.831726907630522305e+01,6.005421686746986865e+01,6.385542168674698615e+01
6.532932932932932601e+01,5.262662662662662427e+01,6.572172172172172111e+01,5.832032032032032021e+01,6.005605605605605746e+01,6.385985985985985991e+01
6.536327345309381087e+01,5.265269461077844682e+01,6.572854291417165484e+01,5.833133732534930260e+01,6.008582834331337352e+01,6.388023952095808511e+01
6.539104477611940069e+01,5.266069651741293711e+01,6.572935323383083528e+01,5.831641791044776113e+01,6.010149253731343322e+01,6.390845771144278586e+01
6.540873015873015106e+01,5.265873015873015817e+01,6.575793650793650613e+01,5.833730158730158877e+01,6.011111111111110716e+01,6.392460317460317043e+01
6.544015825914935647e+01,5.267457962413452321e+01,6.578832838773492142e+01,5.833827893175074308e+01,6.013452027695350921e+01,6.392482690405539358e+01
6.546548323471401432e+01,5.266863905325443795e+01,6.579487179487179560e+01,5.833333333333332860e+01,6.016568047337278102e+01,6.393293885601578097e+01
6.548475909537856410e+01,5.269026548672566435e+01,6.581907571288101622e+01,5.834414945919370865e+01,6.019862340216322849e+01,6.396656833824975052e+01
6.549803921568627629e+01,5.270000000000000284e+01,6.583725490196079022e+01,5.834117647058823763e+01,6.024901960784313815e+01,6.400980392156861853e+01
6.553861192570869321e+01,5.270772238514174290e+01,6.583186705767352009e+01,5.834799608993157705e+01,6.027370478983382185e+01,6.403910068426196744e+01
6.555555555555555713e+01,5.271734892787524274e+01,6.580311890838206068e+01,5.835087719298245901e+01,6.028460038986354874e+01,6.406237816764132731e+01
6.557823129251701744e+01,5.276190476190475920e+01,6.580174927113702665e+01,5.835179786200194485e+01,6.029154518950437591e+01,6.410495626822157078e+01
6.559496124031008435e+01,5.277325581395349019e+01,6.580038759689921335e+01,5.834689922480620083e+01,6.032945736434108142e+01,6.410465116279070230e+01
6.560386473429952048e+01,5.278260869565217206e+01,6.582028985507245977e+01,5.834396135265701133e+01,6.033816425120772919e+01,6.411400966183575179e+01
6.563198458574180449e+01,5.280346820809248243e+01,6.583429672447013559e+01,5.836608863198458863e+01,6.034874759152215518e+01,6.411946050096338467e+01
6.565994236311239263e+01,5.281652257444764587e+01,6.582324687800192464e+01,5.837656099903938411e+01,6.035350624399615782e+01,6.414217098943323947e+01
6.567816091954023250e+01,5.282375478927203005e+01,6.581992337164751916e+01,5.840804597701149703e+01,6.037164750957854409e+01,6.415325670498083355e+01
6.567144221585482455e+01,5.282139446036293862e+01,6.584909264565425246e+01,5.843935052531040952e+01,6.038013371537726925e+01,6.416045845272205383e+01
6.567428571428571615e+01,5.282857142857142918e+01,6.586857142857142833e+01,5.844190476190475891e+01,6.041142857142857281e+01,6.419619047619048047e+01
6.568471035137702074e+01,5.284710351377018611e+01,6.589173789173788975e+01,5.846343779677113162e+01,6.045014245014245091e+01,6.424501424501423230e+01
6.569886363636362603e+01,5.283712121212121104e+01,6.589015151515151558e+01,5.848484848484847731e+01,6.047159090909091361e+01,6.427083333333334281e+01
6.570538243626062069e+01,5.282341831916902919e+01,6.587346553352219303e+01,5.849102927289896314e+01,6.047403210576015198e+01,6.429461756373937931e+01
6.572504708097928017e+01,5.283427495291901721e+01,6.587193973634651911e+01,5.848964218455743946e+01,6.047645951035781309e+01,6.430885122410546728e+01
6.571830985915492818e+01,5.286009389671361447e+01,6.586103286384977196e+01,5.849953051643192481e+01,6.048638497652581947e+01,6.432676056338027593e+01
6.570786516853932824e+01,5.286891385767790297e+01,6.584456928838952194e+01,5.851498127340823885e+01,6.051123595505617914e+01,6.433333333333332860e+01
6.569934640522876634e+01,5.286834733893557114e+01,6.582633053221289288e+01,5.853034547152194733e+01,6.054154995331465727e+01,6.432866479925303338e+01
6.568342644320298973e+01,5.288081936685289008e+01,6.581005586592178247e+01,5.852513966480447039e+01,6.054934823091247864e+01,6.434636871508379841e+01
6.567316620241410874e+01,5.290064995357474942e+01,6.581615598885792906e+01,5.851624883936861465e+01,6.057010213556173994e+01,6.436211699164346101e+01
6.566111111111111143e+01,5.291296296296296475e+01,6.582037037037036953e+01,5.853518518518518476e+01,6.060925925925925384e+01,6.436851851851852757e+01
6.564727608494921185e+01,5.293998153277932062e+01,6.581348107109880630e+01,5.853185595567866528e+01,6.061680517082179165e+01,6.437303785780240162e+01
6.564088397790055751e+01,5.295580110497238024e+01,6.582504604051565877e+01,5.853775322283609484e+01,6.062246777163904454e+01,6.437384898710865855e+01
6.564370982552800626e+01,5.298438934802571509e+01,6.581450872359963000e+01,5.856198347107437741e+01,6.064830119375573503e+01,6.438200183654728903e+01
6.565934065934065700e+01,5.300915750915751090e+01,6.580769230769230660e+01,5.855860805860805840e+01,6.066483516483516070e+01,6.442307692307691980e+01
6.568036529680365732e+01,5.304657534246575068e+01,6.580091324200913050e+01,5.856255707762556995e+01,6.069406392694064323e+01,6.442374429223744414e+01
6.566302367941712248e+01,5.306739526411657693e+01,6.580145719489982525e+01,5.856102003642987341e+01,6.072131147540983420e+01,6.444626593806921733e+01
6.566212534059945938e+01,5.309900090826521790e+01,6.580199818346957841e+01,5.857584014532243089e+01,6.075204359673024612e+01,6.446503178928247735e+01
6.567391304347825098e+01,5.313768115942028913e+01,6.580615942028985899e+01,5.858152173913043015e+01,6.075724637681159379e+01,6.448007246376812418e+01
6.567479674796747702e+01,5.316711833785004160e+01,6.580487804878049474e+01,5.857633242999096979e+01,6.077687443541102397e+01,6.448961156278230078e+01
6.565945945945945539e+01,5.319639639639639483e+01,6.583063063063062259e+01,5.857477477477477379e+01,6.079279279279279535e+01,6.449369369369370020e+01
6.566217430368374153e+01,5.319496855345911968e+01,6.584725965858041263e+01,5.858221024258759968e+01,6.082839173405211142e+01,6.450134770889488323e+01
6.564874551971325900e+01,5.320250896057347489e+01,6.587096774193548754e+01,5.858422939068100277e+01,6.084767025089605852e+01,6.450537634408601662e+01
6.563538873994637868e+01,5.321358355674709628e+01,6.589633601429846976e+01,5.860947274352100322e+01,6.087220732797140244e+01,6.449508489722967397e+01
6.562923351158644891e+01,5.324420677361854359e+01,6.591443850267378934e+01,5.863636363636363313e+01,6.087344028520499251e+01,6.447950089126558737e+01
6.564444444444444571e+01,5.325511111111110552e+01,6.592533333333332735e+01,5.864711111111110853e+01,6.089422222222221848e+01,6.447288888888888891e+01
6.563475177304964348e+01,5.326241134751772677e+01,6.594148936170212494e+01,5.865070921985815744e+01,6.090780141843971762e+01,6.446985815602837988e+01
6.564633068081343481e+01,5.330680813439433763e+01,6.594694960212201806e+01,5.865782493368700301e+01,6.093545534924844986e+01,6.447214854111405202e+01
6.565079365079364493e+01,5.332451499118165827e+01,6.596825396825397547e+01,5.866843033509699978e+01,6.095238095238094900e+01,6.446737213403881128e+01
6.567458223394899619e+01,5.336675461741423732e+01,6.600000000000000000e+01,5.867018469656991897e+01,6.096218117854002116e+01,6.448197009674581182e+01
6.568771929824561084e+01,5.338947368421052886e+01,6.601052631578947683e+01,5.866491228070176334e+01,6.099298245614034641e+01,6.448421052631579187e+01
6.569203849518811467e+01,5.338407699037620091e+01,6.603499562554679869e+01,5.867191601049869121e+01,6.102187226596674918e+01,6.447944006999125577e+01
6.569982547993018329e+01,5.338394415357765865e+01,6.604537521815008461e+01,5.866841186736474612e+01,6.103490401396160792e+01,6.449389179755672785e+01
6.570757180156658706e+01,5.338903394255874701e+01,6.606440382941687517e+01,5.867188859878154972e+01,6.107049608355091408e+01,6.449434290687554494e+01
6.574479166666667140e+01,5.338541666666667140e+01,6.608333333333334281e+01,5.865972222222222143e+01,6.109548611111111427e+01,6.448437500000000000e+01
6.576623376623376771e+01,5.338354978354978186e+01,6.610043290043290654e+01,5.866666666666666430e+01,6.111515151515151700e+01,6.447099567099567707e+01
6.578929188255614235e+01,5.339205526770293631e+01,6.612780656303972648e+01,5.868221070811744511e+01,6.114335060449050019e+01,6.448013816925734432e+01
6.580878552971576312e+01,5.342463393626184143e+01,6.615676141257536358e+01,5.869595176571920803e+01,6.114900947459086922e+01,6.449612403100775282e+01
6.582474226804123418e+01,5.342783505154638846e+01,6.617353951890034125e+01,5.869931271477663159e+01,6.114604810996563344e+01,6.449828178694158964e+01
6.584061696658098128e+01,5.345672664952870434e+01,6.621079691516709431e+01,5.870265638389031437e+01,6.113967437874892852e+01,6.449357326478148877e+01
6.585811965811964797e+01,5.346324786324786515e+01,6.624102564102564372e+01,5.871794871794872250e+01,6.116068376068376011e+01,6.449572649572650107e+01
6.588576300085250637e+01,5.348167092924126109e+01,6.626257459505541192e+01,5.873998294970161993e+01,6.116965046888320501e+01,6.451150895140665398e+01
6.592176870748298256e+01,5.348979591836734215e+01,6.628231292517006068e+01,5.873639455782313235e+01,6.120408163265306456e+01,6.451870748299319303e+01
6.594910941475828281e+01,5.350805767599661067e+01,6.629177268871924866e+01,5.875657336726038693e+01,6.120271416454622226e+01,6.451738761662426214e+01
6.597123519458544649e+01,5.352115059221658555e+01,6.631472081218274184e+01,5.874619289340101602e+01,6.121658206429778915e+01,6.452622673434856893e+01
6.599324894514768403e+01,5.353417721518987094e+01,6.634599156118143526e+01,5.876962025316455396e+01,6.122025316455696498e+01,6.451814345991562050e+01
6.601346801346801385e+01,5.353198653198653290e+01,6.636531986531986149e+01,5.877441077441077510e+01,6.122558922558922490e+01,6.453030303030303116e+01
6.604366078925272632e+01,5.354492023509655496e+01,6.638119227539883127e+01,5.879429051217464064e+01,6.124433249370277110e+01,6.453736356003358310e+01
6.606867671691792054e+01,5.357956448911222935e+01,6.640536013400335946e+01,5.881072026800669761e+01,6.126130653266331905e+01,6.453768844221104928e+01
6.611528822055137766e+01,5.358730158730158877e+01,6.642105263157894512e+01,5.883542188805346740e+01,6.127318295739348741e+01,6.454636591478697483e+01
6.613166666666666060e+01,5.361833333333333229e+01,6.643500000000000227e+01,5.883166666666666345e+01,6.128166666666666629e+01,6.455500000000000682e+01
6.615793848711554404e+01,5.363591022443890211e+01,6.645552784704904070e+01,5.884123025768911219e+01,6.130839567747297991e+01,6.456857855361596421e+01
6.616749585406302003e+01,5.364842454394693050e+01,6.648258706467660772e+01,5.885572139303482686e+01,6.131674958540629916e+01,6.456882255389717784e+01
6.618031430934655646e+01,5.365425971877584743e+01,6.650785773366418141e+01,5.887014061207609217e+01,6.133333333333333570e+01,6.457568238213400491e+01
6.619801980198019464e+01,5.367986798679866922e+01,6.652805280528053800e+01,5.890594059405940897e+01,6.133498349834983543e+01,6.455775577557756151e+01
6.620905349794239214e+01,5.367242798353909450e+01,6.654485596707817763e+01,5.891687242798354163e+01,6.135802469135802539e+01,6.454485596707819184e+01
6.621018062397372717e+01,5.364860426929392645e+01,6.658620689655171532e+01,5.893103448275861922e+01,6.138587848932677105e+01,6.451395730706076392e+01
6.621949221949222419e+01,5.366584766584766442e+01,6.659950859950859581e+01,5.893529893529893826e+01,6.140540540540540349e+01,6.449631449631449698e+01
6.621241830065359579e+01,5.367320261437908613e+01,6.662091503267973280e+01,5.896078431372549034e+01,6.141666666666667140e+01,6.449836601307188744e+01
6.622819885900570114e+01,5.367726161369192539e+01,6.663406682966584071e+01,5.897636511817440663e+01,6.141972290138549084e+01,6.449551752241238489e+01
6.623739837398375130e+01,5.369918699186991518e+01,6.664227642276422614e+01,5.898373983739837456e+01,6.142439024390243674e+01,6.449268292682927495e+01
6.624006488240064527e+01,5.370965125709651034e+01,6.666342254663422295e+01,5.897323600973236069e+01,6.144201135442011008e+01,6.449472830494728726e+01
6.626051779935275476e+01,5.370711974110032116e+01,6.667961165048544103e+01,5.898058252427184556e+01,6.144660194174757351e+01,6.450161812297734798e+01
6.625343018563357589e+01,5.369975786924938888e+01,6.668603712671509243e+01,5.898466505246165781e+01,6.145762711864406924e+01,6.449394673123487109e+01
6.626570048309179128e+01,5.373107890499194639e+01,6.670048309178744717e+01,5.898228663446054298e+01,6.147826086956521863e+01,6.449114331723026794e+01
6.628915662650601348e+01,5.373815261044177305e+01,6.671807228915662336e+01,5.897670682730922920e+01,6.151325301204818885e+01,6.449638554216866737e+01
6.628846153846154721e+01,5.375801282051281760e+01,6.674038461538461320e+01,5.897435897435897800e+01,6.151602564102564230e+01,6.448557692307691980e+01
6.628936850519585278e+01,5.374900079936050901e+01,6.676099120703437961e+01,5.898161470823341546e+01,6.153157474020783724e+01,6.449240607513988266e+01
6.630462519936205013e+01,5.376874003189792717e+01,6.677192982456139703e+01,5.898564593301435366e+01,6.153588516746410875e+01,6.447368421052631504e+01
6.630867143993634727e+01,5.377088305489260023e+01,6.679554494828957445e+01,5.898806682577566107e+01,6.154972155926810018e+01,6.447096260938742773e+01
6.630952380952381020e+01,5.377777777777777857e+01,6.681269841269840981e+01,5.898888888888889426e+01,6.155079365079365061e+01,6.447460317460317469e+01
6.633095803642120813e+01,5.379255740300871480e+01,6.682660332541567527e+01,5.898653998416468625e+01,6.157086302454473525e+01,6.446239113222486594e+01
6.633017377567141182e+01,5.379778830963665115e+01,6.683886255924170428e+01,5.900000000000000000e+01,6.158925750394944743e+01,6.445497630331753669e+01
6.632781717888101980e+01,5.380457052797478212e+01,6.684633569739952463e+01,5.899763593380614424e+01,6.160126083530339258e+01,6.444444444444444287e+01
6.634119496855345233e+01,5.382232704402515822e+01,6.684276729559748276e+01,5.900157232704403043e+01,6.160377358490566024e+01,6.444025157232704260e+01
6.636705882352941899e+01,5.383843137254901734e+01,6.685803921568627572e+01,5.899921568627451052e+01,6.161098039215686129e+01,6.445647058823529107e+01
6.638967136150233728e+01,5.385602503912362948e+01,6.687636932707354731e+01,5.901095461658842112e+01,6.163536776212832535e+01,6.445070422535211208e+01
6.641842310694769935e+01,5.387197501951600742e+01,6.689617486338798358e+01,5.902419984387197616e+01,6.165495706479313043e+01,6.444652615144417496e+01
6.643457943925233167e+01,5.387694704049844319e+01,6.692211838006230096e+01,5.904049844236759981e+01,6.169003115264797543e+01,6.445327102803739194e+01
6.645376845376844699e+01,5.387257187257187496e+01,6.696503496503495967e+01,5.905516705516705400e+01,6.172494172494172204e+01,6.445843045843045616e+01
6.646666666666666856e+01,5.389147286821705762e+01,6.698604651162790447e+01,5.905581395348837503e+01,6.175348837209302388e+01,6.445891472868217420e+01
6.648414539829852288e+01,5.391028615622583686e+01,6.701160092807424462e+01,5.906264501160092806e+01,6.175870069605568347e+01,6.446713070378963550e+01
6.649537037037038090e+01,5.391975308641975317e+01,6.703549382716049365e+01,5.907407407407408328e+01,6.176234567901234840e+01,6.447685185185184764e+01
6.649884526558891196e+01,5.393533487297921170e+01,6.706081601231716149e+01,5.908391070053887972e+01,6.177521170130869876e+01,6.448806774441877110e+01
6.650691244239631317e+01,5.395084485407065955e+01,6.707526881720430367e+01,5.909831029185868090e+01,6.178187403993855753e+01,6.448233486943163939e+01
6.652567049808429545e+01,5.396321839080459881e+01,6.709731800766283527e+01,5.910038314176244967e+01,6.177624521072797137e+01,6.448429118773945845e+01
6.655198776758409451e+01,5.398776758409785970e+01,6.711314984709480314e+01,5.911314984709480314e+01,6.178440366972476738e+01,6.448776758409786680e+01
6.658733790999237101e+01,5.400457665903889648e+01,6.711823035850495955e+01,5.911975591151792742e+01,6.179862700228832750e+01,6.450038138825323131e+01
6.660426179604262131e+01,5.401826484018265262e+01,6.713546423135463215e+01,5.914611872146118543e+01,6.181582952815829657e+01,6.449467275494671981e+01
6.663022019741836743e+01,5.404100227790432598e+01,6.715565679574791602e+01,5.916780561883067691e+01,6.183447228549734120e+01,6.450265755504935328e+01
6.663636363636364024e+01,5.405454545454545467e+01,6.716969696969697168e+01,5.918787878787878753e+01,6.185757575757575921e+01,6.450757575757575069e+01
6.665759637188207876e+01,5.406500377928949774e+01,6.719425547996976888e+01,5.919727891156462363e+01,6.187150415721844610e+01,6.452154195011337379e+01
6.667119155354450299e+01,5.406485671191553877e+01,6.720361990950226527e+01,5.922021116138763119e+01,6.188084464555052477e+01,6.451885369532428172e+01
6.666817155756207569e+01,5.407975921745673276e+01,6.721896162528216223e+01,5.923250564334085766e+01,6.189315274642588349e+01,6.452671181339351847e+01
6.667267267267267528e+01,5.407957957957957973e+01,6.721921921921921239e+01,5.925375375375374887e+01,6.190390390390390962e+01,6.452402402402401549e+01
6.667865168539324827e+01,5.409737827715355962e+01,6.722846441947565665e+01,5.926891385767790155e+01,6.192509363295879865e+01,6.453932584269662698e+01
6.668759342301942183e+01,5.410911808669656153e+01,6.723467862481315649e+01,5.929297458893871209e+01,6.192974588938714220e+01,6.454857997010464032e+01
6.667859806114839216e+01,5.414019388516032905e+01,6.724086502609992522e+01,5.931394481730052348e+01,6.194929157345264770e+01,6.456524981357196680e+01
6.667261904761903679e+01,5.414732142857142350e+01,6.724851190476189799e+01,5.933184523809524080e+01,6.197916666666667140e+01,6.458184523809524080e+01
6.669339272457312973e+01,5.415144766146993049e+01,6.725463994060876871e+01,5.934224201930215514e+01,6.201039346696362031e+01,6.457609502598366191e+01
6.671111111111110858e+01,5.416740740740740989e+01,6.725185185185185333e+01,5.934962962962963218e+01,6.202222222222222570e+01,6.459703703703704036e+01
6.673022912047301247e+01,5.416260162601626149e+01,6.725646711012564083e+01,5.934368070953436813e+01,6.203843311160383678e+01,6.460014781966000896e+01
6.674926253687314670e+01,5.416371681415929373e+01,6.724041297935103501e+01,5.934955752212388802e+01,6.204572271386430771e+01,6.461946902654867131e+01
6.676968359087564409e+01,5.417218543046357837e+01,6.723031640912435591e+01,5.937159676232523964e+01,6.203973509933774722e+01,6.462840323767476036e+01
6.679882525697503581e+01,5.417621145374449299e+01,6.723348017621145800e+01,5.936857562408223288e+01,6.204405286343612147e+01,6.462261380323053572e+01
6.681904761904760903e+01,5.418754578754578688e+01,6.722930402930401783e+01,5.936703296703296928e+01,6.206007326007325986e+01,6.461245421245421028e+01
6.684502923976607747e+01,5.421929824561403422e+01,6.723976608187135184e+01,5.937865497076023757e+01,6.207163742690057973e+01,6.460087719298246611e+01
6.685922684172138020e+01,5.423632385120350108e+01,6.725309992706053208e+01,5.939752005835156723e+01,6.209773887673230774e+01,6.459810357403355852e+01
6.688355167394468026e+01,5.425327510917030338e+01,6.725909752547306653e+01,5.941630276564774249e+01,6.210625909752547358e+01,6.459679767103347103e+01
6.691358024691356832e+01,5.425562817719680453e+01,6.726506899055918609e+01,5.941902687000726502e+01,6.210893246187364269e+01,6.460566448801742467e+01
6.690724637681159948e+01,5.425217391304347814e+01,6.726666666666666572e+01,5.941739130434783078e+01,6.210434782608695770e+01,6.459710144927535680e+01
6.690672451193059089e+01,5.425596529284165115e+01,6.727114967462038919e+01,5.944179320318148996e+01,6.210990600144612728e+01,6.460159074475777174e+01
6.691341991341991502e+01,5.425108225108225213e+01,6.726406926406926345e+01,5.944733044733045091e+01,6.210533910533910529e+01,6.459307359307359775e+01
6.691000719942405794e+01,5.426349892008639131e+01,6.724118070554355597e+01,5.945716342692584533e+01,6.212095032397408545e+01,6.457451403887688457e+01
6.690229885057470938e+01,5.425574712643678055e+01,6.721408045977011625e+01,5.946120689655172242e+01,6.211781609195402609e+01,6.457183908045976750e+01
6.690896057347669057e+01,5.425949820788530076e+01,6.718853046594981038e+01,5.946236559139784816e+01,6.211612903225806548e+01,6.457634408602149279e+01
6.691988555078683021e+01,5.427038626609441963e+01,6.717596566523604906e+01,5.947353361945636152e+01,6.213447782546494835e+01,6.458369098712446998e+01
6.691220556745182080e+01,5.428408279800142822e+01,6.715346181299071304e+01,5.948322626695217963e+01,6.214846538187009628e+01,6.458672376873661847e+01
6.692165242165242489e+01,5.430911680911680861e+01,6.713105413105412822e+01,5.949572649572650107e+01,6.215811965811965933e+01,6.460683760683761534e+01
6.692679459843638767e+01,5.431130063965884602e+01,6.710021321961620799e+01,5.949538024164889549e+01,6.217484008528784756e+01,6.462544420753376073e+01
6.695035460992907872e+01,5.430921985815602682e+01,6.708226950354610096e+01,5.949503546099290929e+01,6.219716312056738161e+01,6.462836879432623505e+01
6.694833687190374860e+01,5.432837933474876024e+01,6.707147912243453902e+01,5.950176928520878050e+01,6.220382165605095537e+01,6.463269639065816818e+01
6.696610169491525255e+01,5.435875706214689274e+01,6.705649717514124575e+01,5.951836158192090664e+01,6.221327683615819382e+01,6.463418079096044266e+01
6.696969696969696884e+01,5.437491190979562816e+01,6.704862579281183343e+01,5.953629316420014561e+01,6.222128259337561218e+01,6.463424947145877297e+01
6.697890295358649837e+01,5.440646976090013709e+01,6.705766526019689877e+01,5.953727144866385146e+01,6.221800281293951684e+01,6.462306610407875951e+01
6.698807017543859388e+01,5.441403508771929864e+01,6.706666666666666288e+01,5.953543859649123249e+01,6.223438596491227770e+01,6.461333333333334394e+01
6.698039215686273451e+01,5.442717086834733919e+01,6.708263305322128645e+01,5.954761904761905100e+01,6.223529411764705799e+01,6.462044817927170470e+01
6.698392732354996326e+01,5.443186582809224205e+01,6.708455625436758396e+01,5.956394129979035768e+01,6.223480083857442224e+01,6.464709993011879874e+01
6.701394700139471183e+01,5.444490934449093089e+01,6.708926080892608468e+01,5.957322175732217318e+01,6.225104602510459983e+01,6.464574616457461786e+01
6.701461377870563751e+01,5.445650661099513457e+01,6.710090466249130259e+01,5.958246346555323925e+01,6.225608907446068230e+01,6.463465553235909056e+01
6.702361111111110858e+01,5.446805555555555856e+01,6.710138888888889142e+01,5.959722222222222143e+01,6.225138888888888999e+01,6.463611111111111995e+01
6.702425502425502657e+01,5.447678447678448066e+01,6.710741510741510751e+01,5.962023562023561851e+01,6.225086625086625247e+01,6.463478863478863445e+01
6.702627939142462310e+01,5.446887966804979442e+01,6.710096818810512787e+01,5.964177040110650552e+01,6.223651452282157948e+01,6.463900414937759820e+01
6.703519668737060044e+01,5.448861283643891795e+01,6.710006901311248839e+01,5.963561076604555211e+01,6.224430641821946608e+01,6.463630089717045735e+01
6.704407713498622456e+01,5.450688705234159670e+01,6.712396694214876902e+01,5.962809917355371425e+01,6.226859504132231393e+01,6.462809917355372136e+01
6.703780068728522679e+01,5.452783505154638988e+01,6.714364261168384473e+01,5.963024054982818001e+01,6.229553264604810892e+01,6.461443298969072657e+01
6.702880658436214389e+01,5.453360768175583217e+01,6.716049382716049365e+01,5.965157750342935117e+01,6.229903978052126234e+01,6.460905349794238361e+01
6.701026694045174281e+01,5.454893908281998449e+01,6.715674195756331244e+01,5.965229295003422294e+01,6.230937713894592633e+01,6.461054072553045557e+01
6.700409836065574609e+01,5.456147540983606348e+01,6.716120218579234802e+01,5.967349726775956498e+01,6.231010928961748618e+01,6.459016393442622928e+01
6.699659168370824602e+01,5.458077709611451667e+01,6.715610088616223550e+01,5.967961826857532515e+01,6.231901840490797895e+01,6.458895705521472053e+01
6.700136054421768961e+01,5.459183673469387799e+01,6.716326530612244028e+01,5.970204081632653015e+01,6.232789115646258438e+01,6.458095238095238244e+01
6.699796334012219745e+01,5.460692464358452014e+01,6.716361167684996758e+01,5.970536320434487720e+01,6.231771894093686370e+01,6.458112695179904961e+01
6.702168021680216725e+01,5.462330623306232980e+01,6.718021680216801883e+01,5.971138211382113781e+01,6.233875338753387041e+01,6.456775067750677977e+01
6.703989181879649095e+01,5.462204192021636118e+01,6.718728870858689106e+01,5.973089925625422580e+01,6.235158891142663862e+01,6.457336037863422007e+01
6.706207827260459453e+01,5.463427800269905532e+01,6.720377867746287848e+01,5.973684210526315752e+01,6.235627530364372717e+01,6.458569500674764186e+01
6.708013468013467673e+01,5.464242424242424079e+01,6.719865319865320430e+01,5.972390572390572316e+01,6.236767676767676960e+01,6.459393939393939377e+01
6.710349462365590512e+01,5.465188172043010439e+01,6.720564516129032029e+01,5.973790322580644840e+01,6.236827956989247213e+01,6.459946236559139265e+01
6.711066398390342158e+01,5.466130114017438046e+01,6.720321931589538167e+01,5.974782025486251058e+01,6.237961099932930864e+01,6.459959758551308084e+01
6.711914323962517415e+01,5.468139223560910267e+01,6.721017402945113872e+01,5.975769745649264308e+01,6.239892904953146058e+01,6.460910307898259930e+01
6.712358049432197049e+01,5.467601870407481357e+01,6.721042084168337283e+01,5.977421509686038803e+01,6.241683366733467153e+01,6.461857047428189560e+01
6.713066666666665583e+01,5.469066666666666521e+01,6.721733333333332894e+01,5.978533333333333388e+01,6.244266666666666765e+01,6.461733333333333462e+01
6.713107119095143105e+01,5.469727212242182190e+01,6.722954091816367850e+01,5.978310046573519543e+01,6.245375914836992592e+01,6.461477045908183925e+01
