9.977581596374511719e+01,9.865296316146850586e+01,9.938299512863160601e+01,9.880263996124267578e+01,9.915333986282348633e+01,9.870940899848937988e+01
6.769800186157226562e-01,6.321079730987548828e-01,5.933599472045898438e-01,5.831699371337890625e-01,5.632352828979492188e-01,6.114208698272705078e-01
5.134310722351074219e-01,1.768598556518554132e-01,4.108841419219970148e-01,1.483588218688964011e-01,4.122936725616455078e-01,2.360839843750000000e-01
4.093849658966063898e-01,3.402612209320067804e-01,3.850936889648436945e-01,3.047449588775634766e-01,3.661272525787352961e-01,3.608882427215576172e-01
1.571869850158691129e-01,6.686217784881591797e-01,4.033143520355224054e-01,5.997102260589599609e-01,4.097459316253662109e-01,5.891487598419189453e-01
3.897490501403808039e-01,2.668299674987792969e-01,2.692718505859375000e-01,3.565928936004638117e-01,3.012919425964354914e-01,2.619383335113524836e-01
3.123929500579833984e-01,3.194942474365233820e-01,4.442839622497558039e-01,4.259719848632811945e-01,3.773188591003417969e-01,3.812158107757567804e-01
2.290410995483397882e-01,5.116589069366455078e-01,1.678731441497801902e-01,3.265910148620604914e-01,3.195960521697998047e-01,3.029510974884033203e-01
2.104818820953368863e-01,1.334779262542724054e-01,2.252397537231445035e-01,3.673210144042968750e-01,1.866910457611083984e-01,1.064178943634033064e-01
3.334012031555175781e-01,3.720600605010985773e-01,2.082231044769287109e-01,4.453971385955809992e-01,3.119981288909912109e-01,4.384770393371582031e-01
3.637528419494628906e-01,1.824369430541991910e-01,3.847332000732421875e-01,2.434818744659422995e-01,2.138719558715820035e-01,2.830410003662108820e-01
1.589682102203368863e-01,2.436740398406981867e-01,1.312358379364013117e-01,2.220859527587890070e-01,2.005751132965087891e-01,2.196228504180907926e-01
4.050698280334472101e-01,2.989900112152099054e-01,2.352409362792967917e-01,4.357819557189940851e-01,2.042229175567626953e-01,1.754112243652342917e-01
1.247410774230957031e-01,2.496950626373291016e-01,4.924571514129638117e-01,2.149751186370849054e-01,4.081289768218994141e-01,3.958318233489990234e-01
7.213461399078369141e-01,4.619469642639160156e-01,1.580538749694823941e-01,2.058820724487304132e-01,4.437971115112304132e-01,4.291179180145263117e-01
3.912608623504638117e-01,3.538420200347899836e-01,2.629051208496093750e-01,2.670710086822509766e-01,1.076798439025877935e-01,1.929562091827392023e-01
4.567759037017822266e-01,2.527480125427246094e-01,7.570660114288330078e-01,2.607600688934326172e-01,7.754492759704589844e-01,1.816859245300292969e-01
1.564750671386717917e-01,6.820399761199951172e-01,2.353999614715575894e-01,6.690528392791748047e-01,4.777989387512207031e-01,3.279418945312500000e-01
4.807989597320556086e-01,3.032348155975341797e-01,2.433457374572753906e-01,3.391830921173095148e-01,1.969399452209472101e-01,8.984301090240478516e-01
2.777590751647949219e-01,4.630279541015625000e-01,3.951501846313476007e-01,2.509288787841796875e-01,8.379387855529779605e-02,8.485794067382809724e-02
2.565560340881347101e-01,1.680932044982909879e-01,4.433989524841308039e-01,2.388868331909179132e-01,3.821141719818115234e-01,3.107600212097167969e-01
3.739879131317138117e-01,3.571300506591796875e-01,2.857201099395751953e-01,4.451642036437987726e-01,2.220017910003662109e-01,2.997419834136962891e-01
4.422450065612792969e-01,2.833878993988037109e-01,2.945849895477294922e-01,3.054449558258056086e-01,2.784860134124755859e-01,1.135101318359375000e-01
1.548390388488768976e-01,3.021528720855712891e-01,8.826899528503409642e-02,2.264320850372313898e-01,4.013161659240722101e-01,2.743899822235106867e-01
3.209438323974608820e-01,2.800741195678710938e-01,4.047467708587645929e-01,3.516910076141356867e-01,3.193180561065673828e-01,2.729008197784423828e-01
2.337670326232909879e-01,3.779089450836181086e-01,1.204411983489989957e-01,2.823779582977294922e-01,2.146539688110351007e-01,4.195749759674072266e-01
2.522239685058593750e-01,3.720541000366210938e-01,2.627398967742919922e-01,4.648368358612059992e-01,2.848439216613768976e-01,1.422271728515625000e-01
3.857629299163817804e-01,1.608638763427734097e-01,3.078351020812987726e-01,2.498223781585693082e-01,5.196938514709472656e-01,4.248499870300292969e-01
3.116011619567871094e-01,2.132291793823241910e-01,3.494811058044433039e-01,1.944177150726318082e-01,1.090102195739745955e-01,1.841218471527099054e-01
4.417710304260253906e-01,4.616379737854003906e-01,2.870738506317138117e-01,2.428581714630126953e-01,2.702548503875731867e-01,3.066282272338867188e-01
9.995603561401360249e-02,9.477591514587399568e-02,2.727999687194824219e-01,2.502520084381102961e-01,4.736869335174559992e-01,3.100731372833251953e-01
4.396789073944091797e-01,3.393609523773192804e-01,2.844581604003906250e-01,5.164158344268798828e-01,8.325409889221190018e-02,2.516858577728270929e-01
3.309440612792968750e-01,4.122550487518309992e-01,2.492549419403075894e-01,2.405562400817871094e-01,6.297898292541499743e-02,2.346680164337157926e-01
1.889150142669676902e-01,1.614508628845214011e-01,4.066538810729979914e-01,2.461366653442381980e-01,6.517708301544189453e-01,2.361910343170166016e-01
2.437129020690917969e-01,2.101891040802001953e-01,3.835351467132567804e-01,2.483971118927001953e-01,2.513411045074462891e-01,4.303019046783447266e-01
2.714331150054931086e-01,2.932102680206298828e-01,1.801867485046385886e-01,3.956501483917235773e-01,1.058130264282226007e-01,3.093669414520263117e-01
2.872278690338134766e-01,3.106298446655272882e-01,3.263332843780517023e-01,3.608179092407226007e-01,3.101789951324462891e-01,4.596600532531737726e-01
3.393671512603759766e-01,2.860658168792724054e-01,3.826658725738524836e-01,3.927619457244873047e-01,3.176882266998291016e-01,1.931989192962645929e-01
4.153690338134765070e-01,2.440152168273924949e-01,2.128541469573974054e-01,2.659890651702880859e-01,2.184457778930664062e-01,3.237679004669188898e-01
3.780930042266845148e-01,2.427909374237059992e-01,2.265238761901854914e-01,2.133657932281493863e-01,4.904000759124755859e-01,3.406929969787597101e-01
1.858549118041991910e-01,2.559280395507811945e-01,2.940211296081542969e-01,2.592031955718994141e-01,1.057639122009277066e-01,2.665772438049315851e-01
4.405460357666015070e-01,2.239019870758056086e-01,1.599607467651366910e-01,2.856099605560302734e-01,3.153679370880126953e-01,1.652040481567381980e-01
8.165574073791499743e-02,3.451459407806395929e-01,2.685210704803466797e-01,2.942299842834472101e-01,2.285430431365965964e-01,4.246788024902343750e-01
3.345911502838134766e-01,2.684359550476074219e-01,3.393509387969970148e-01,4.114210605621337891e-01,2.476811408996582031e-01,1.691560745239256980e-01
2.824959754943847101e-01,2.681560516357421875e-01,2.608540058135985773e-01,3.410968780517578125e-01,3.755450248718261164e-01,2.044911384582518976e-01
4.281849861145018976e-01,2.329058647155760886e-01,2.720410823822020929e-01,2.771272659301757812e-01,2.638788223266601007e-01,3.065779209136962891e-01
3.871428966522216797e-01,2.737631797790526789e-01,3.728418350219726007e-01,3.569839000701903742e-01,2.261650562286376953e-01,3.358108997344970148e-01
2.300572395324707031e-01,4.545137882232666016e-01,2.912230491638183039e-01,9.281802177429189504e-02,5.308079719543457031e-01,1.694509983062743863e-01
4.279289245605468750e-01,2.472412586212157926e-01,2.399721145629881980e-01,2.877078056335449219e-01,1.290392875671385886e-01,2.749421596527099054e-01
2.512118816375731867e-01,2.567477226257324219e-01,3.896579742431640070e-01,1.924819946289061945e-01,2.502086162567138117e-01,2.228708267211914062e-01
4.294002056121826172e-01,4.313042163848876953e-01,2.944879531860351007e-01,3.720378875732421875e-01,2.278079986572265070e-01,4.307100772857666016e-01
2.830989360809326172e-01,2.122130393981933039e-01,1.493051052093505027e-01,3.336901664733886164e-01,4.012651443481444757e-01,3.102841377258300781e-01
3.374769687652587891e-01,4.066550731658934992e-01,3.367800712585449219e-01,2.378470897674559992e-01,2.407507896423339011e-01,1.494076251983642023e-01
2.308092117309570035e-01,4.248569011688231867e-01,4.549410343170166016e-01,5.031931400299072266e-01,3.023371696472167969e-01,3.131582736968994141e-01
3.393716812133789062e-01,3.351991176605224054e-01,3.258268833160399836e-01,1.632006168365477961e-01,2.141249179840087891e-01,2.340009212493895929e-01
2.787120342254638117e-01,4.479959011077880859e-01,2.330651283264159879e-01,2.165322303771972101e-01,2.433581352233885886e-01,3.857169151306151789e-01
2.932350635528563898e-01,1.234979629516601007e-01,5.143837928771972656e-01,3.099269866943358820e-01,3.806629180908203125e-01,2.565131187438964844e-01
6.597630977630615234e-01,2.311758995056152066e-01,1.597721576690672995e-01,2.078540325164794922e-01,2.036211490631102961e-01,3.617088794708251953e-01
1.951260566711424949e-01,4.171519279479979914e-01,2.023439407348631980e-01,6.174840927124023438e-01,3.958549499511718750e-01,2.008531093597412109e-01
3.542149066925048828e-01,1.508901119232176902e-01,3.353228569030761164e-01,1.162688732147215964e-01,1.363480091094969870e-01,3.713138103485106867e-01
2.460501194000243863e-01,3.256602287292479914e-01,3.072590827941893976e-01,3.817520141601561945e-01,3.766911029815673828e-01,3.118960857391356867e-01
3.076369762420653742e-01,4.289648532867431086e-01,1.862359046936034879e-01,9.239230155944824219e-01,3.071019649505615234e-01,2.950809001922606867e-01
3.656430244445800781e-01,8.243680000305175781e-01,8.548610210418701172e-01,3.409929275512694757e-01,1.955807209014892023e-01,5.042550563812255859e-01
2.235178947448729914e-01,3.340649604797362726e-01,3.466351032257080078e-01,3.746118545532226007e-01,9.608623981475830078e-01,2.272613048553465964e-01
2.315449714660643976e-01,3.151779174804686945e-01,2.751400470733642023e-01,6.125283241271972656e-01,3.004508018493651789e-01,8.691966533660888672e-01
4.325468540191649836e-01,4.035708904266356867e-01,3.093109130859375000e-01,1.597309112548828125e-01,3.255689144134520929e-01,1.683902740478515070e-01
7.569932937622070312e-02,1.655941009521484097e-01,3.642790317535399836e-01,4.911520481109619141e-01,4.233400821685791016e-01,3.213348388671875000e-01
3.649590015411376953e-01,3.829550743103026789e-01,3.568599224090576172e-01,8.456993103027339587e-02,2.359759807586669922e-01,3.188910484313964844e-01
3.462998867034912109e-01,3.206028938293457031e-01,2.726511955261229914e-01,3.817429542541503906e-01,3.549101352691649836e-01,2.479701042175292969e-01
6.361079216003409642e-02,2.562820911407470148e-01,1.460018157958984097e-01,2.302942276000976007e-01,3.978300094604492188e-01,4.324049949645996094e-01
3.929581642150878906e-01,3.007869720458983820e-01,3.276751041412352961e-01,3.801016807556151789e-01,2.785508632659912109e-01,1.131091117858886025e-01
4.388837814331054132e-01,3.170130252838134766e-01,3.539400100708007812e-01,8.786797523498529605e-02,2.876858711242675781e-01,3.168587684631347101e-01
1.052343845367430947e-01,3.539431095123291016e-01,2.585809230804442804e-01,3.908631801605224054e-01,3.372571468353270929e-01,3.710319995880126953e-01
2.900857925415039062e-01,2.013318538665770929e-01,2.334890365600585938e-01,2.828149795532226007e-01,3.530850410461425781e-01,2.889039516448974054e-01
2.665379047393798828e-01,5.192141532897949219e-01,2.762930393218994141e-01,3.836641311645507812e-01,3.473649024963378906e-01,1.438841819763183039e-01
4.582390785217285156e-01,1.817138195037840964e-01,2.109439373016356867e-01,2.556848526000976007e-01,1.962931156158446988e-01,4.209237098693847101e-01
2.793982028961181086e-01,5.033271312713623047e-01,3.778960704803466797e-01,3.665959835052490234e-01,3.052659034729003906e-01,3.343122005462645929e-01
1.950128078460693082e-01,1.933109760284422995e-01,2.563309669494628906e-01,3.987710475921630859e-01,1.915431022644042969e-01,3.149819374084472101e-01
3.397040367126464844e-01,4.992208480834960938e-01,2.784287929534912109e-01,3.086090087890625000e-01,3.264670372009276789e-01,2.128782272338866910e-01
1.779048442840575894e-01,2.816979885101317804e-01,2.328619956970214011e-01,4.612097740173339844e-01,2.386858463287352961e-01,1.938266754150390070e-01
1.898512840270996094e-01,6.511449813842773438e-01,4.049661159515380859e-01,8.560609817504880037e-02,2.322969436645506980e-01,2.349669933319090964e-01
4.041268825531005859e-01,7.471108436584469881e-02,4.134311676025390070e-01,4.173059463500976007e-01,3.868210315704345148e-01,5.530970096588134766e-01
2.008650302886962891e-01,3.839020729064940851e-01,3.312749862670897882e-01,3.910791873931884766e-01,1.365780830383299949e-01,1.863701343536376953e-01
3.380820751190184992e-01,3.501391410827636164e-01,3.134799003601074219e-01,3.588109016418457031e-01,3.907780647277832031e-01,2.731161117553710938e-01
2.017087936401366910e-01,4.458749294281005859e-01,2.333109378814696988e-01,1.806199550628662109e-01,3.795969486236572266e-01,7.239789962768554688e-01
1.615800857543945035e-01,1.155588626861571988e-01,2.388260364532469870e-01,2.613592147827147882e-01,2.937109470367431086e-01,1.829557418823241910e-01
3.329310417175292969e-01,3.549633026123046875e-01,3.180379867553710938e-01,6.747467517852783203e-01,3.257269859313964844e-01,3.367221355438231867e-01
1.798138618469238004e-01,4.559009075164794922e-01,2.582972049713134766e-01,9.307718276977529348e-02,5.021159648895263672e-01,1.717929840087890070e-01
4.835090637207031250e-01,3.676068782806395929e-01,3.443918228149414062e-01,5.397169589996337891e-01,1.168379783630370955e-01,3.516631126403808039e-01
1.734700202941893976e-01,9.084370136260986328e-01,3.452570438385009766e-01,4.312567710876464844e-01,2.608530521392822266e-01,4.732878208160399836e-01
2.631478309631347101e-01,7.897520065307617188e-01,4.058308601379393976e-01,4.813241958618164062e-01,2.937629222869873047e-01,3.918612003326416016e-01
5.327022075653076172e-01,3.738689422607421875e-01,1.541862487792967917e-01,2.960679531097412109e-01,2.884669303894042969e-01,2.129487991333006980e-01
8.208489418029779605e-02,6.288800239562988281e-01,2.488749027252196988e-01,2.472209930419921875e-01,4.831571578979492188e-01,2.957582473754882812e-01
3.935160636901854914e-01,8.249030113220214844e-01,5.251948833465576172e-01,5.705130100250244141e-01,1.871268749237059992e-01,5.549039840698242188e-01
3.547070026397705078e-01,2.603139877319335938e-01,2.958052158355712891e-01,3.469049930572509766e-01,5.579261779785156250e-01,2.431538105010986051e-01
1.640770435333251953e-01,7.882549762725830078e-01,8.246908187866210938e-01,6.839830875396728516e-01,1.412618160247801902e-01,4.536049365997313898e-01
3.445448875427246094e-01,7.660429477691650391e-01,1.648261547088623047e-01,2.947700023651123047e-01,2.974042892456054132e-01,1.761050224304198941e-01
2.096798419952392023e-01,3.352820873260498047e-01,2.663156986236572266e-01,6.111838817596435547e-01,2.405078411102294922e-01,1.913251876831054132e-01
1.441793441772460938e-01,8.501770496368408203e-01,3.174362182617186945e-01,4.716300964355468750e-01,2.604029178619384766e-01,3.598577976226806086e-01
2.418019771575926902e-01,8.293631076812744141e-01,1.969130039215087891e-01,3.925199508666992188e-01,3.149812221527099054e-01,2.503941059112548828e-01
2.885808944702147882e-01,7.602238655090332031e-01,2.655751705169677734e-01,3.836221694946289062e-01,3.107388019561767023e-01,4.751100540161132812e-01
4.093470573425292969e-01,9.061472415924072266e-01,3.782918453216552734e-01,8.658277988433837891e-01,4.618623256683349054e-01,1.424617767333984097e-01
9.637975692749020662e-02,5.775549411773681641e-01,3.488249778747558039e-01,4.402611255645751953e-01,2.584466934204101007e-01,2.462792396545409879e-01
3.388171195983886164e-01,6.868138313293457031e-01,4.374828338623046875e-01,2.975418567657470148e-01,2.788381576538085938e-01,2.987899780273436945e-01
2.290730476379393976e-01,9.869859218597412109e-01,1.171171665191649974e-01,3.074531555175781250e-01,3.322308063507080078e-01,2.542469501495360773e-01
2.238280773162840964e-01,8.044481277465820312e-01,2.691140174865722101e-01,5.835640430450439453e-01,2.928838729858397882e-01,3.298001289367675781e-01
3.174600601196289062e-01,8.947489261627197266e-01,1.757349967956542969e-01,7.985208034515380859e-01,2.513153553009033203e-01,4.226989746093750000e-01
5.293898582458496094e-01,9.925749301910400391e-01,3.001000881195067804e-01,3.580532073974608820e-01,2.169830799102782926e-01,1.458981037139892023e-01
7.389187812805170230e-02,6.822850704193115234e-01,2.613928318023681086e-01,3.867220878601074219e-01,3.367967605590819757e-01,1.922547817230224054e-01
3.129353523254393976e-01,6.753988265991210938e-01,2.214651107788085938e-01,4.872429370880126953e-01,2.266409397125243863e-01,2.787029743194580078e-01
9.594869613647459550e-02,6.062960624694824219e-01,2.495398521423339011e-01,4.438488483428955078e-01,1.152141094207762978e-01,3.936340808868408203e-01
2.472150325775145929e-01,1.447052001953125000e+00,3.903100490570067804e-01,4.107930660247802734e-01,3.572399616241455078e-01,2.750020027160643976e-01
3.135108947753906250e-01,6.162021160125732422e-01,3.138971328735351007e-01,7.173287868499755859e-01,3.747589588165283203e-01,3.606610298156737726e-01
7.484626770019529862e-02,6.052598953247070312e-01,1.352858543395996094e-01,5.922961235046386719e-01,2.399091720581054132e-01,2.157249450683592917e-01
3.430967330932617188e-01,6.162691116333007812e-01,4.128069877624511164e-01,4.434170722961425781e-01,2.544567584991455078e-01,3.179318904876708984e-01
3.230032920837401789e-01,9.617931842803956188e-01,1.510620117187500000e-01,5.557880401611328125e-01,4.232680797576903742e-01,2.852380275726317804e-01
1.802058219909667969e-01,6.872677803039550781e-01,2.286720275878905972e-01,7.519710063934326172e-01,4.328050613403319757e-01,2.807540893554686945e-01
2.463560104370116910e-01,3.329689502716063898e-01,2.601521015167235773e-01,3.767068386077880859e-01,1.365630626678465964e-01,2.141451835632323941e-01
2.888150215148925781e-01,8.262629508972167969e-01,2.466828823089599054e-01,8.813350200653076172e-01,3.552970886230468750e-01,2.806878089904785156e-01
2.948720455169677734e-01,7.009909152984619141e-01,2.586750984191893976e-01,4.387309551239013117e-01,1.548779010772705078e-01,3.721771240234375000e-01
1.683878898620604914e-01,6.311484336853027344e+00,2.004969120025633933e-01,5.826601982116699219e-01,2.340240478515625000e-01,2.553088665008544922e-01
1.041750907897948941e-01,4.528508186340332031e-01,2.762730121612548828e-01,5.154349803924560547e-01,1.918530464172363004e-01,2.575988769531250000e-01
3.649010658264160156e-01,6.763629913330078125e-01,2.728099822998046875e-01,3.045780658721923828e-01,2.514638900756835938e-01,3.150341510772705078e-01
1.715967655181883933e-01,1.139566183090209961e+00,3.358509540557860773e-01,4.099447727203369141e-01,3.305211067199707031e-01,3.129889965057373047e-01
4.132821559906005859e-01,7.443530559539794922e-01,4.053659439086914062e-01,4.340710639953612726e-01,4.424707889556884766e-01,3.757979869842528742e-01
1.733028888702392023e-01,5.858707427978515625e-01,1.492810249328613004e-01,3.173630237579345148e-01,2.876060009002684992e-01,2.249200344085693082e-01
2.304511070251464011e-01,4.756181240081787109e-01,5.095732212066650391e-01,5.062382221221923828e-01,1.857540607452392023e-01,4.765489101409912109e-01
1.971449851989746094e-01,1.376644134521484375e+00,1.996769905090332031e-01,5.234117507934570312e-01,2.448799610137938898e-01,1.851460933685301902e-01
2.015881061553955078e+00,1.119208812713623047e+00,4.915039539337158203e-01,4.466059207916259766e-01,1.698160171508789062e-01,3.531508445739746094e-01
1.776239871978758933e-01,5.983309745788574219e-01,2.121827602386474054e-01,5.801410675048828125e-01,2.729339599609375000e-01,3.390491008758544922e-01
1.807088851928710938e-01,2.834055185317993164e+00,1.216959953308105052e-01,4.157712459564208984e-01,3.491930961608886164e-01,2.411758899688719870e-01
2.549231052398681086e-01,4.323589801788330078e-01,3.340353965759276789e-01,4.596648216247558039e-01,2.167677879333496094e-01,1.850011348724364957e-01
4.330830574035643976e-01,7.503647804260253906e-01,3.014588356018065851e-01,5.075588226318359375e-01,1.571803092956542969e-01,1.656188964843750000e-01
3.123829364776610773e-01,5.318851470947265625e-01,3.112039566040039062e-01,4.083762168884276789e-01,2.195959091186522882e-01,3.181879520416259766e-01
1.118311882019042969e-01,5.632791519165039062e-01,5.395271778106689453e-01,4.708688259124755859e-01,4.876270294189453125e-01,3.920211791992186945e-01
2.518227100372313898e-01,4.124679565429686945e-01,9.500169754028320312e-02,7.084431648254394531e-01,8.175897598266600175e-02,3.858878612518309992e-01
4.774529933929442804e-01,8.543019294738769531e-01,8.383171558380126953e-01,4.688379764556884766e-01,3.738739490509033203e-01,6.624507904052730212e-02
5.083529949188232422e-01,3.413479328155517023e-01,1.847729682922363004e-01,2.239350080490112305e+00,1.661520004272460938e-01,2.674911022186278742e-01
3.282630443572998047e-01,4.562819004058837891e-01,1.951870918273924949e-01,5.411589145660400391e-01,2.136170864105224054e-01,3.660559654235839844e-01
3.083839416503906250e-01,7.345149517059326172e-01,5.047197341918945312e-01,4.020769596099852961e-01,2.206108570098876953e-01,4.166810512542724054e-01
2.663469314575194757e-01,4.953930377960205078e-01,2.344000339508056086e-01,3.172199726104735773e-01,7.777330875396728516e-01,3.323428630828856867e-01
3.562901020050048828e-01,2.257862091064453125e-01,4.157922267913817804e-01,4.931261539459227961e-01,1.340081691741943082e-01,3.663818836212158203e-01
1.575491428375243863e-01,5.142190456390380859e-01,3.873889446258544922e-01,2.589759826660156250e-01,3.789298534393309992e-01,5.902392864227294922e-01
2.448210716247558039e-01,7.636437416076660156e-01,2.126908302307128906e-01,5.906209945678710938e-01,3.724601268768309992e-01,1.947658061981200894e-01
2.636096477508544922e-01,7.191271781921386719e-01,4.115421772003173828e-01,4.312798976898192804e-01,1.745069026947020929e-01,3.786411285400390070e-01
3.516852855682373047e-01,3.669381141662597101e-01,9.456086158752440018e-02,6.856632232666015625e-01,2.206778526306152066e-01,2.634928226470947266e-01
3.121588230133056086e-01,8.322229385375976562e-01,2.495470046997070035e-01,5.164856910705566406e-01,4.377081394195556086e-01,2.545542716979979914e-01
1.788611412048339011e-01,4.328649044036865234e-01,2.998049259185791016e-01,1.169081211090087891e+00,2.163329124450683039e-01,3.573107719421386164e-01
3.233008384704589844e-01,7.234828472137451172e-01,1.935412883758544922e-01,3.585689067840576172e-01,3.284192085266112726e-01,2.009007930755615234e+00
4.665801525115966797e-01,3.533821105957031250e-01,2.865378856658934992e-01,4.773550033569335938e-01,2.161059379577635886e-01,2.514469623565673828e-01
2.565829753875731867e-01,5.945618152618408203e-01,1.817419528961181086e-01,1.371298789978027122e+00,2.503817081451416016e-01,5.026381015777587891e-01
2.989439964294433039e-01,4.434859752655028742e-01,4.040729999542235773e-01,1.126778125762939675e+00,2.813560962677001953e-01,2.659480571746826172e-01
1.839849948883056086e-01,7.535643577575683594e-01,1.588470935821532926e-01,6.450779438018798828e-01,2.159650325775145929e-01,2.989749908447265070e-01
2.554709911346434992e-01,8.347709178924560547e-01,5.081269741058349609e-01,7.089741230010986328e-01,2.967169284820556086e-01,2.674531936645507812e-01
3.327519893646240234e-01,4.646918773651123047e-01,2.486350536346434992e-01,1.270467996597290039e+00,9.446120262145990543e-02,5.025846958160400391e-01
3.255910873413085938e-01,6.522779464721679688e-01,3.366909027099608820e-01,9.646189212799072266e-01,3.686499595642089844e-01,2.358782291412352961e-01
1.947901248931883933e-01,3.471870422363281250e-01,3.016440868377684992e-01,4.744529724121093750e-01,2.968659400939940851e-01,4.159669876098632812e-01
3.641889095306395929e-01,3.567299842834472101e-01,1.989598274230957031e-01,8.130900859832763672e-01,3.545839786529541016e-01,4.793736934661865234e-01
3.230178356170653742e-01,7.653961181640625000e-01,3.011322021484375000e-01,1.051718235015869141e+00,2.294671535491943082e-01,3.777842521667479914e-01
1.856153011322020929e-01,5.729568004608154297e-01,2.278468608856200894e-01,6.773827075958251953e-01,3.579568862915039062e-01,7.991349697113037109e-01
2.786097526550292969e-01,4.791321754455565851e-01,3.009791374206542969e-01,5.151600837707519531e-01,1.808960437774657926e-01,6.622099876403808594e-01
2.408230304718017023e-01,4.319639205932617188e-01,3.384959697723388117e-01,2.125776052474975586e+00,2.460520267486571988e-01,4.061071872711181086e-01
2.263970375061034879e-01,5.510249137878417969e-01,2.288279533386229914e-01,6.028199195861816406e-01,2.359528541564941129e-01,4.786417484283447266e-01
2.681448459625244141e-01,6.837241649627685547e-01,3.412680625915526789e-01,9.475820064544677734e-01,2.389240264892578125e-01,3.324430227279663086e+00
2.170441150665282926e-01,5.055170059204101562e-01,2.517099380493164062e-01,1.425871133804321289e+00,1.631870269775390070e-01,9.590008258819580078e-01
1.772680282592772882e-01,3.235659599304199219e-01,2.160680294036864957e-01,1.395385742187500000e+00,2.589859962463378906e-01,1.248081207275390625e+00
3.688099384307860773e-01,7.037200927734375000e-01,4.139630794525145929e-01,1.103094100952148438e+00,3.054308891296386164e-01,2.902737855911254883e+00
2.317688465118407926e-01,2.114690065383911133e+00,1.424798965454101007e-01,1.058450937271118164e+00,2.186372280120849054e-01,7.768161296844482422e-01
2.701790332794188898e-01,6.822090148925781250e-01,2.711610794067382812e-01,9.269940853118896484e-01,2.924919128417968750e-01,1.529865980148315430e+00
2.487671375274657926e-01,1.020862817764282227e+00,2.134408950805664062e-01,9.746189117431639515e-01,1.988439559936522882e-01,7.135250568389892578e-01
2.447760105133056086e-01,5.496749877929687500e-01,7.148349285125732422e-01,8.547070026397705078e-01,1.946681976318359153e+00,1.485640764236450195e+00
1.794400215148924949e-01,4.334430694580078125e-01,1.943380832672118863e-01,9.926331043243408203e-01,1.815838813781738004e-01,1.400631189346313699e+00
3.144400119781494141e-01,4.470350742340087891e-01,1.705605983734130859e+00,9.632298946380616345e-01,1.072592735290527066e-01,1.080433845520019531e+00
1.747481822967529019e-01,7.500059604644775391e-01,1.527111530303955078e-01,9.459819793701171875e-01,2.020637989044188898e-01,6.477699279785156250e-01
1.556947231292724054e-01,7.594637870788574219e-01,2.775678634643554132e-01,8.574662208557128906e-01,1.750910282135008933e-01,1.181934118270874023e+00
2.424139976501464011e-01,4.549100399017333984e-01,2.337329387664794922e-01,1.273787736892700195e+00,1.341679096221922995e-01,9.679598808288574219e-01
1.905989646911621094e-01,7.946119308471679688e-01,4.181571006774901789e-01,7.088241577148437500e-01,2.887833118438720148e-01,4.424059391021727961e-01
1.966221332550047995e-01,7.107892036437988281e-01,8.602499961853020405e-02,2.408308029174804688e+00,8.646082878112790193e-02,6.808922290802001953e-01
1.776230335235594870e-01,4.065840244293212891e-01,3.185670375823974054e-01,1.239993095397949219e+00,2.775790691375731867e-01,8.344178199768066406e-01
9.599280357360839844e-02,5.052678585052490234e-01,3.183889389038085938e-01,1.997821807861327903e+00,8.468198776245110249e-02,6.858539581298828125e-01
1.046352386474608959e-01,2.079376935958862305e+00,1.833779811859130027e-01,1.005796194076538086e+00,9.580111503601070055e-02,5.663671493530273438e-01
1.211118698120117049e-01,8.727681636810302734e-01,2.498879432678222101e-01,1.121061801910400391e+00,1.379718780517578125e-01,1.013381958007812500e+00
4.428508281707763117e-01,7.702779769897460938e-01,1.610910892486571988e-01,4.499826908111572266e+00,1.255350112915039062e-01,1.226028203964233398e+00
1.416990756988525113e-01,4.493908882141112726e-01,4.007899761199951172e-01,5.745054960250854492e+00,1.387848854064941129e-01,1.114137649536132812e+00
2.398271560668945035e-01,4.238820075988768976e-01,2.132251262664794922e-01,8.668301105499267578e-01,2.494900226593017023e-01,1.784126043319701926e+00
1.397128105163573941e-01,8.995840549468994141e-01,1.682097911834715964e-01,1.079872131347656250e+00,2.989380359649658203e-01,1.413134098052978294e+00
2.422661781311034879e-01,6.953830718994140625e-01,2.353501319885253906e-01,3.102077960968017578e+00,1.172139644622802040e-01,1.721194028854369895e+00
2.269630432128905972e-01,4.391431808471679132e-01,4.002480506896972101e-01,1.058067798614501953e+00,2.496001720428465964e-01,1.608603000640869141e+00
2.366368770599364957e-01,5.505909919738769531e-01,2.118928432464599054e-01,1.000111103057861106e+00,2.203838825225830078e-01,1.405478000640869141e+00
1.164889335632323941e-01,5.951910018920898438e-01,3.220088481903076172e-01,1.242588996887207031e+00,1.271049976348876953e-01,1.293951988220214844e+00
2.683839797973632812e-01,5.210947990417480469e-01,1.614162921905517023e-01,1.199984073638916016e+00,1.632351875305174949e-01,3.172863960266113281e+00
1.633861064910888117e-01,3.323709964752197266e-01,4.450669288635253906e-01,1.634226083755493164e+00,1.577937602996825894e-01,2.286041021347045898e+00
2.675268650054931086e-01,6.267049312591552734e-01,1.902830600738525113e-01,2.232770919799804688e+00,1.872649192810058039e-01,1.324489116668701172e+00
1.362121105194090964e-01,8.035261631011962891e-01,2.080619335174559992e-01,2.210381984710693803e+00,6.758618354797360506e-02,9.337058067321776234e-01
3.437538146972656250e-01,4.166190624237059992e-01,2.017159461975097101e-01,9.455699920654295765e-01,2.964239120483397882e-01,1.520450115203857422e+00
8.980417251586909899e-02,1.000400781631469505e+00,2.215659618377684992e-01,8.934159278869628906e-01,7.333707809448239412e-02,1.533986091613769531e+00
1.803910732269287109e-01,4.333081245422362726e-01,4.050760269165039062e-01,1.077352285385131836e+00,2.293260097503662109e-01,3.855199813842772882e-01
2.763268947601317804e-01,3.851900100708007812e-01,2.507140636444091797e-01,9.143049716949464001e-01,1.476418972015380027e-01,4.619948863983153742e-01
1.544661521911621094e-01,7.722470760345458984e-01,6.254410743713378906e-01,8.448226451873779297e-01,3.713920116424559992e-01,4.314901828765869141e-01
4.416928291320800781e-01,5.713589191436767578e-01,1.316537857055664062e-01,9.034152030944824219e-01,1.422021389007568082e-01,5.638067722320556641e-01
1.916041374206542969e-01,9.144108295440673828e-01,2.182142734527587891e-01,1.986346960067749023e+00,1.214768886566161971e-01,5.727870464324951172e-01
2.452669143676756980e-01,4.577443599700927734e-01,2.773518562316893976e-01,1.325432062149048074e+00,1.807999610900878906e-01,9.092338085174560547e-01
1.651391983032226007e-01,5.440948009490966797e-01,3.013088703155517023e-01,2.073424100875854492e+00,2.597310543060302734e-01,3.723022937774658203e-01
2.582657337188720148e-01,6.616039276123046875e-01,3.799991607666015070e-01,6.247980594635009766e-01,3.372108936309813898e-01,7.695999145507812500e-01
2.806153297424315851e-01,5.534541606903076172e-01,1.657609939575195035e-01,1.061075925827026367e+00,1.063439846038817943e-01,8.806309700012207031e-01
2.361557483673094870e-01,5.974528789520263672e-01,3.279640674591063898e-01,1.430747747421264648e+00,1.553442478179931086e-01,7.533361911773681641e-01
1.191461086273192943e-01,6.699700355529785156e-01,3.684670925140380859e-01,5.570721626281738281e-01,3.027987480163574219e-01,4.051618576049804132e-01
6.816792488098140368e-02,7.490229606628417969e-01,1.989338397979736051e-01,7.011358737945556641e-01,3.290259838104248047e-01,4.364728927612304132e-01
1.860640048980712891e-01,5.883820056915283203e-01,1.808941364288330078e-01,4.490261077880858820e-01,2.854390144348143976e-01,8.181400299072265625e-01
2.235479354858397882e-01,4.411029815673828125e-01,7.302594184875479955e-02,4.370989799499511164e-01,1.342751979827880027e-01,1.165505170822143555e+00
1.989009380340575894e-01,8.429150581359863281e-01,4.432549476623535156e-01,4.010460376739501953e-01,2.183768749237059992e-01,8.261139392852783203e-01
1.480462551116943082e-01,4.966299533843994141e-01,1.069109439849852961e-01,5.187928676605224609e-01,9.876704216003409642e-02,7.457799911499023438e-01
2.530617713928222101e-01,4.844789028167724609e+00,2.350940704345703125e-01,3.966360092163085938e-01,9.319615364074700092e-02,8.679800033569335938e-01
2.478530406951904019e-01,5.585718154907226562e-01,1.776559352874755027e-01,4.389491081237792969e-01,1.802890300750731867e-01,1.028872013092041016e+00
1.635069847106933039e-01,3.326229333877563477e+00,3.525731563568115234e-01,2.278258800506590964e-01,2.976756095886229914e-01,5.974559783935546875e-01
1.773779392242431086e-01,1.348645925521850586e+00,6.932239532470703125e-01,2.996420860290526789e-01,1.841883659362792969e-01,9.240720272064207874e-01
2.798211574554442804e-01,1.165969848632812500e+00,2.444169521331787109e-01,4.470441341400145929e-01,2.825489044189453125e-01,8.030591011047363281e-01
1.121621131896971962e-01,2.492592096328735352e+00,3.980569839477539062e-01,1.944537162780760886e-01,2.177858352661131980e-01,7.081546783447265625e-01
3.130638599395751953e-01,1.083823919296264648e+00,2.201957702636717917e-01,2.343890666961669922e-01,8.121609687805170230e-02,6.611111164093017578e-01
1.098041534423827986e-01,5.619251728057861328e-01,1.927490234375000000e-01,2.959909439086914062e-01,2.331171035766601007e-01,1.228616952896118164e+00
2.194437980651854914e-01,7.198326587677001953e-01,2.862632274627684992e-01,5.839700698852539062e-01,1.508390903472900113e-01,9.903690814971923828e-01
2.525360584259033203e-01,3.106911182403563898e-01,2.390587329864501953e-01,2.527942657470703125e-01,2.683336734771727961e-01,1.012545108795166016e+00
1.865348815917967917e-01,3.753232955932617188e-01,2.814600467681884766e-01,4.968059062957763117e-01,2.688751220703125000e-01,8.221716880798339844e-01
2.574651241302490234e-01,5.368447303771972656e-01,1.300830841064453125e-01,2.600607872009276789e-01,1.339938640594481867e-01,6.463773250579833984e-01
1.590218544006347101e-01,3.639941215515136164e-01,3.142170906066893976e-01,2.412452697753905972e-01,2.539253234863281250e-01,1.228620767593383789e+00
2.748992443084716797e-01,4.309909343719481867e-01,2.743790149688720148e-01,2.532289028167724054e-01,2.723767757415770929e-01,4.500741958618164062e-01
1.702840328216551902e-01,2.501640319824218750e-01,1.483738422393797995e-01,5.509810447692871094e-01,3.058412075042724054e-01,9.495139122009276234e-01
1.455860137939453125e-01,2.789168357849121094e-01,2.297041416168212891e-01,2.437710762023924949e-01,6.466984748840330643e-02,9.320268630981444202e-01
2.151348590850830078e-01,2.543222904205322266e-01,2.413520812988280972e-01,3.043367862701416016e-01,2.791140079498291016e-01,9.623422622680664062e-01
3.275411128997802734e-01,3.170869350433349054e-01,1.989140510559082031e-01,2.041432857513426902e-01,2.298760414123534879e-01,1.132260799407958984e+00
5.691480636596679688e-02,3.752849102020263117e-01,7.732081413269040193e-02,2.714257240295410156e-01,2.350959777832030972e-01,1.006587028503417969e+00
5.649518966674799830e-02,5.765678882598876953e-01,3.849921226501464844e-01,1.015377044677734375e+00,1.163058280944823941e-01,1.277405977249145508e+00
2.366557121276854914e-01,2.973759174346923828e-01,1.958129405975340964e-01,2.575860023498535156e-01,1.465551853179931086e-01,5.895700454711914062e-01
1.367881298065184992e-01,5.725462436676025391e-01,3.376049995422362726e-01,4.317281246185302734e-01,1.731557846069335938e-01,6.375849008560180664e+00
1.157360076904296042e-01,2.273750305175780972e-01,1.573629379272460938e-01,3.626039028167724054e-01,2.515220642089843750e-01,2.481961011886596680e+00
3.869612216949462891e-01,1.816568374633789062e-01,2.859599590301513117e-01,4.871530532836914062e-01,1.980333328247070035e-01,8.812890052795410156e-01
1.328299045562743863e-01,2.844519615173339844e-01,3.611650466918944757e-01,2.751479148864746094e-01,1.503889560699462891e-01,7.392430305480957031e-01
5.353128910064697266e-01,3.240761756896972101e-01,2.341508865356445035e-01,3.286550045013427734e-01,3.202979564666748047e-01,9.855852675437928667e+01
1.968569755554198941e-01,2.115430831909179132e-01,2.805371284484862726e-01,1.644458770751953125e-01,6.096100807189940018e-02,5.359730625152587891e+01
4.509809017181395929e-01,2.712929248809813898e-01,2.483551502227782926e-01,2.779760360717772882e-01,3.415470123291015070e-01,2.192471027374267023e-01
1.326231956481933039e-01,4.861180782318115234e-01,2.250568866729736051e-01,2.502970695495604914e-01,4.870848655700683039e-01,1.941027641296385886e-01
6.877589225769040193e-02,3.195347785949707031e-01,3.128149509429931086e-01,1.926631927490234097e-01,1.950900554656981867e-01,2.045321464538573941e-01
2.058842182159422995e-01,4.871730804443358820e-01,2.589218616485595148e-01,2.795126438140869141e-01,4.513258934020996094e-01,1.558070182800292969e-01
1.750988960266113004e-01,2.011079788208006980e-01,1.858313083648681086e-01,4.020600318908690851e-01,2.281208038330078125e-01,1.614689826965332031e-01
2.660729885101317804e-01,1.450078487396239957e-01,2.626128196716308039e-01,2.253849506378172995e-01,2.393593788146972101e-01,1.243169307708739957e-01
1.640889644622801902e-01,2.176561355590820035e-01,1.411271095275878906e-01,3.722152709960936945e-01,1.349778175354003906e-01,1.240670680999755027e-01
2.750828266143798828e-01,1.984598636627196988e-01,2.760739326477050781e-01,3.140561580657958984e-01,8.362431526184082031e-01,1.696739196777342917e-01
1.679012775421142023e-01,2.589702606201171875e-01,1.882569789886474054e-01,3.668706417083740234e-01,8.020186424255369706e-02,3.939630985260009766e-01
1.902658939361571988e-01,2.006278038024902066e-01,2.610769271850585938e-01,2.140021324157714011e-01,1.362540721893309992e-01,2.225530147552489957e-01
2.791638374328612726e-01,2.584300041198729914e-01,3.431842327117919922e-01,2.527499198913574219e-01,2.323987483978270929e-01,3.952457904815673828e-01
2.673730850219726007e-01,3.119659423828125000e-01,2.034230232238768976e-01,2.346100807189941129e-01,2.185683250427246094e-01,2.330791950225830078e-01
2.426769733428955078e-01,1.388022899627684992e-01,1.498146057128905972e-01,4.079389572143554132e-01,2.733707427978515070e-01,4.802627563476561945e-01
2.444992065429686945e-01,3.386018276214599054e-01,1.964061260223388117e-01,2.482910156250000000e-01,3.230881690979003906e-01,4.137761592864990234e-01
3.002898693084716797e-01,3.152761459350585938e-01,2.047469615936279019e-01,2.646360397338867188e-01,4.567010402679442804e-01,2.073709964752196988e-01
2.183918952941893976e-01,2.401659488677977961e-01,2.510399818420410156e-01,2.240409851074217917e-01,2.288680076599121094e-01,2.073359489440917969e-01
2.049021720886229914e-01,2.324337959289549949e-01,1.853430271148681086e-01,2.905571460723876953e-01,3.204140663146972101e-01,3.618149757385253906e-01
3.276958465576171875e-01,2.009952068328856867e-01,1.402630805969238004e-01,2.793929576873778742e-01,3.616807460784912109e-01,4.436180591583251953e-01
7.793903350830069798e-02,1.949348449707030972e-01,2.586920261383056086e-01,2.647938728332518976e-01,1.935040950775145929e-01,1.341678142547607422e+00
3.902940750122069757e-01,3.147561550140380859e-01,2.480909824371337891e-01,2.623589038848876953e-01,7.627692222595214844e-01,5.304777622222900391e-01
1.034479141235351007e-01,2.725608348846434992e-01,3.179421424865722101e-01,3.638131618499755859e-01,3.818256855010985773e-01,1.834471225738525113e-01
2.895629405975341797e-01,1.360371112823486051e-01,1.126170158386230052e-01,3.377969264984130859e-01,2.684149742126464844e-01,1.831779479980467917e-01
1.600439548492431086e-01,3.007881641387938898e-01,1.813337802886962891e-01,1.835360527038573941e-01,2.718605995178222656e+00,3.711280822753906250e-01
1.567423343658446988e-01,3.505377769470214844e-01,3.332350254058837891e-01,2.953259944915770929e-01,1.467571020126342773e+00,4.772338867187500000e-01
2.546198368072509766e-01,1.354472637176513117e-01,4.304902553558349054e-01,2.802619934082031250e-01,5.754222869873046875e-01,2.410790920257568082e-01
1.939229965209960938e-01,2.415907382965087891e-01,1.817846298217772882e-01,1.536250114440917969e-01,8.489449024200439453e-01,2.285981178283691129e-01
1.914439201354979914e-01,3.845181465148925781e-01,1.731300354003905972e-01,2.907671928405761164e-01,1.073701858520507812e+00,3.739888668060302734e-01
2.309520244598388117e-01,2.804698944091796875e-01,1.213421821594238004e-01,1.791806221008299949e-01,8.544781208038330078e-01,1.339452028274535911e+00
1.597330570220946988e-01,3.722651004791259766e-01,3.481481075286865234e-01,4.488470554351806086e-01,8.031249046325683594e-01,4.433538913726806086e-01
2.025568485260008933e-01,2.741949558258056086e-01,4.555518627166748047e-01,1.683242321014404019e-01,1.030186891555785911e+00,4.278240203857421875e-01
1.487321853637695035e-01,1.841259002685546875e-01,6.181001663208000180e-02,1.742677688598631980e-01,7.416481971740722656e-01,3.619999885559082031e-01
3.007538318634033203e-01,2.945971488952636164e-01,2.605819702148436945e-01,2.464630603790282926e-01,5.371689796447753906e-01,1.865499019622801902e-01
9.334111213684080643e-02,2.318630218505859097e-01,2.260990142822265070e-01,2.367830276489256980e-01,6.183328628540039062e-01,1.544120311737059992e-01
1.362268924713133933e-01,1.858868598937988004e-01,4.260571002960205078e-01,3.895609378814697266e-01,6.916310787200927734e-01,3.205440044403076172e-01
3.326909542083740234e-01,2.016949653625488004e-01,9.004998207092279605e-02,2.842280864715576172e-01,6.581969261169433594e-01,3.484990596771240234e-01
5.605220794677730212e-02,1.714930534362792969e-01,4.492087364196776789e-01,2.614798545837401789e-01,6.615419387817382812e-01,4.384171962738037109e-01
2.319219112396239957e-01,2.322971820831297995e-01,1.765892505645751953e-01,2.095623016357421875e-01,6.595451831817626953e-01,3.450307846069335938e-01
1.840410232543945035e-01,2.874796390533447266e-01,2.552130222320556086e-01,1.889479160308837891e-01,7.803499698638916016e-01,1.687381267547606867e-01
1.031980514526367049e-01,2.384681701660155972e-01,4.053268432617186945e-01,2.258329391479491910e-01,1.468191862106323242e+00,3.501350879669188898e-01
2.347550392150878906e-01,3.256371021270751953e-01,2.172372341156005027e-01,1.998109817504881980e-01,1.699892997741699219e+00,2.128939628601073941e-01
1.303989887237547995e-01,2.413928508758544922e-01,3.173377513885498047e-01,2.004361152648924949e-01,6.881952285766601562e-01,1.366639137268066129e-01
1.476390361785888117e-01,2.679870128631591797e-01,7.113027572631830386e-02,2.370738983154296875e-01,7.294068336486816406e-01,1.846649646759032926e-01
2.831318378448485773e-01,3.305211067199707031e-01,1.339409351348876953e-01,2.810389995574951172e-01,8.768472671508789062e-01,3.066699504852294922e-01
1.014881134033202986e-01,1.857848167419433039e-01,2.586648464202880859e-01,2.315289974212645929e-01,7.608227729797363281e-01,1.313102245330809992e-01
5.239510536193840023e-02,2.905850410461425781e-01,3.666539192199707031e-01,2.452380657196044922e-01,7.582681179046630859e-01,1.387269496917724054e-01
1.642968654632568082e-01,2.954471111297606867e-01,2.052559852600097101e-01,2.049148082733154019e-01,5.268759727478027344e-01,1.240260601043701033e-01
2.663948535919188898e-01,2.173449993133544922e-01,2.416851520538330078e-01,3.206410408020018976e-01,6.404697895050048828e-01,1.182000637054442943e-01
1.929709911346434992e-01,1.419048309326171875e-01,1.022210121154785017e-01,2.537350654602050781e-01,1.780385255813598633e+00,4.404988288879393976e-01
2.004742622375488004e-01,3.174352645874022882e-01,2.929310798645018976e-01,2.410249710083006980e-01,3.996160030364990234e-01,1.678869724273681086e-01
1.585648059844969870e-01,2.752659320831298828e-01,2.378978729248046875e-01,3.370940685272216797e-01,3.835387229919433039e-01,1.033790111541748047e-01
2.394361495971679132e-01,2.532980442047119141e-01,2.470479011535643976e-01,2.467060089111328125e-01,1.304313182830810325e+00,1.145718097686767023e-01
1.053538322448730052e-01,4.768030643463134766e-01,2.210741043090820035e-01,2.345421314239501953e-01,2.393648624420166016e-01,1.819970607757568082e-01
1.507179737091063898e-01,2.515888214111328125e-01,1.940960884094238004e-01,2.168130874633789062e-01,4.870011806488037109e-01,1.465470790863037109e-01
3.840692043304442804e-01,3.430781364440917969e-01,1.846539974212645929e-01,2.718627452850341797e-01,5.300729274749755859e-01,1.967148780822753906e-01
9.627699851989740543e-02,1.811521053314208984e-01,1.590228080749510886e-01,1.794478893280029019e-01,1.716017961502075195e+00,8.957529067993159899e-02
3.874218463897705078e-01,2.894217967987059992e-01,2.794229984283447266e-01,3.398530483245849054e-01,6.761701107025146484e-01,1.045739650726317943e-01
1.392681598663330078e-01,1.385623931884765625e+00,8.895897865295410156e-02,1.618392467498779019e-01,6.505568027496337891e-01,1.012089252471922995e-01
1.200549602508543950e-01,3.678309917449951172e-01,3.462660312652587891e-01,2.628109455108642023e-01,5.814011096954345703e-01,2.408988475799559992e-01
1.631817817687988004e-01,3.044629096984862726e-01,1.267678737640380027e-01,1.514258384704589011e-01,2.934720516204833984e-01,1.736471652984618863e-01
2.407333850860594870e-01,3.061323165893554132e-01,7.572031021118159899e-02,2.708649635314940851e-01,4.245810508728026789e-01,1.137239933013916016e-01
2.281279563903808039e-01,3.295907974243164062e-01,1.645278930664061945e-01,2.310421466827392023e-01,4.555799961090087891e-01,1.638839244842529019e-01
2.748727798461914062e-01,2.314810752868652066e-01,9.318590164184570312e-02,3.168530464172362726e-01,4.262347221374511164e-01,2.608261108398436945e-01
1.967201232910155972e-01,2.046761512756347101e-01,3.369240760803222101e-01,2.330858707427977961e-01,8.117470741271972656e-01,1.007959842681883933e-01
1.912367343902587891e-01,2.339036464691162109e-01,8.499598503112790193e-02,2.395100593566893976e-01,8.578960895538330078e-01,1.783399581909179132e-01
1.699502468109130027e-01,1.831600666046142023e-01,1.459300518035888117e-01,3.607659339904785156e-01,7.175846099853515625e+00,1.369087696075438898e-01
1.388077735900878906e-01,7.185952663421630859e-01,2.402770519256590964e-01,2.217431068420409879e-01,1.057132959365844727e+00,4.314532279968261164e-01
2.765712738037108820e-01,2.366907596588133933e-01,6.073117256164550087e-02,2.724659442901610773e-01,6.014173984527587891e+00,2.008039951324462891e-01
1.511938571929931086e-01,2.703161239624022882e-01,3.165228366851806086e-01,3.276021480560302734e-01,5.390679836273193359e-01,3.168330192565917969e-01
5.348751544952392578e-01,3.578979969024658203e-01,1.063470840454101007e-01,3.806147575378417969e-01,2.905352115631102961e-01,1.262669563293457031e-01
2.213728427886962891e-01,2.728919982910156250e-01,1.907577514648436945e-01,2.702522277832031250e-01,6.269340515136718750e-01,3.872988224029541016e-01
7.715415954589839587e-02,2.812700271606444757e-01,6.324741840362548828e-01,3.677618503570556086e-01,2.963707447052001953e-01,5.534882545471191406e-01
3.444521427154541016e-01,2.603340148925781250e-01,2.743058204650878906e-01,7.586779594421386719e-01,8.264100551605224609e-01,5.907840728759765625e-01
6.727671623229980469e-02,2.852969169616699219e-01,3.719789981842041016e-01,3.610520362854003906e-01,4.300968647003173828e-01,1.982347965240477961e-01
1.856150627136229914e-01,4.718680381774901789e-01,8.953320980072021484e-01,2.784957885742186945e-01,6.585562229156494141e-01,2.284212112426756980e-01
7.421588897705069798e-02,4.498109817504882812e-01,1.935191154479979914e-01,5.527973175048828125e-01,4.119889736175537109e-01,1.456608772277832031e-01
2.793569564819335938e-01,2.036199569702147882e-01,2.418849468231200894e-01,4.195578098297119141e-01,5.836389064788818359e-01,1.610019207000731867e-01
1.600890159606933039e-01,2.873430252075194757e-01,3.339500427246093750e-01,2.742352485656737726e-01,7.231288909912109375e+00,3.556001186370849054e-01
2.086501121520996094e-01,3.849120140075683039e-01,1.420457363128662109e-01,3.168308734893798828e-01,4.129509925842285156e-01,1.661798954010008933e-01
1.676499843597412109e-01,2.103288173675537109e-01,2.931771278381347101e-01,3.125247955322265070e-01,2.363610267639159879e-01,1.994540691375731867e-01
8.984303474426269531e-02,2.779941558837890070e-01,4.025878906250000000e-01,2.300791740417479914e-01,4.375030994415283203e-01,2.001690864562988004e-01
3.107409477233886164e-01,2.665450572967528742e-01,1.610760688781738004e-01,2.777681350708007812e-01,1.842439174652099054e-01,2.298738956451416016e-01
1.742520332336424949e-01,2.781350612640380859e-01,2.594611644744873047e-01,1.807658672332763117e-01,2.425189018249510886e-01,1.644420623779296875e-01
1.390709877014159879e-01,2.535598278045653742e-01,6.829905509948730469e-02,1.625039577484130027e-01,2.833700180053710938e-01,2.780060768127440851e-01
1.169149875640869002e-01,2.861490249633789062e-01,3.825879096984862726e-01,1.932320594787597101e-01,1.831443309783934992e-01,1.516518592834472101e-01
2.563021183013916016e-01,3.985970020294188898e-01,1.592149734497070035e-01,2.016258239746092917e-01,4.894206523895263117e-01,1.497340202331542969e-01
2.276868820190429132e-01,4.874100685119628906e-01,2.774968147277832031e-01,2.749750614166259766e-01,2.193632125854491910e-01,1.512000560760498047e-01
1.963210105895996094e-01,4.499621391296386164e-01,1.160020828247070035e-01,1.999790668487547995e-01,2.480640411376953125e-01,1.672539710998534879e-01
5.588293075561519968e-02,4.683136940002440851e-01,2.675969600677490234e-01,2.886800765991210938e-01,3.719060420989990234e-01,1.572349071502684992e-01
2.629749774932860773e-01,7.179131507873535156e-01,2.036311626434325894e-01,1.259877681732176902e-01,6.244268417358398438e-01,2.352640628814696988e-01
8.336710929870599918e-02,3.909530639648436945e-01,1.257719993591308039e-01,2.852342128753662109e-01,1.483819484710693082e-01,2.309749126434325894e-01
1.575498580932616910e-01,2.676899433135985773e-01,1.390390396118164062e-01,2.423880100250243863e-01,3.565690517425537109e-01,2.917320728302001953e-01
1.357281208038330078e-01,5.554318428039550781e-01,2.929921150207518976e-01,1.743891239166258933e-01,4.726090431213378906e-01,2.191579341888426902e-01
2.075569629669188898e-01,3.555772304534912109e-01,3.836736679077147882e-01,2.859740257263183039e-01,3.089318275451660156e-01,4.548201560974121094e-01
7.209014892578119449e-02,1.993620395660400113e-01,8.882522583007809724e-02,4.425268173217772882e-01,3.370230197906494141e-01,1.275799274444580078e-01
1.035609245300292969e-01,2.871608734130858820e-01,2.404599189758299949e-01,1.573059558868407926e-01,9.412500858306883655e-01,1.461241245269775113e-01
2.273159027099609097e-01,1.915180683135986051e-01,2.989001274108886164e-01,2.491140365600585938e-01,1.085430145263672097e+00,1.274507045745849054e-01
3.096010684967041016e-01,2.616310119628906250e-01,9.561395645141600175e-02,1.673049926757811945e-01,7.412977218627929688e-01,1.557772159576416016e-01
9.039092063903800267e-02,3.612918853759765070e-01,2.790589332580565851e-01,3.525049686431884766e-01,1.366291999816894309e+00,1.353058815002441129e-01
1.518840789794921875e-01,1.799969673156738004e-01,2.257509231567381980e-01,1.950931549072265070e-01,2.070713043212890070e-01,1.201090812683105052e-01
2.014038562774657926e-01,3.527400493621826172e-01,3.244972229003906250e-01,2.566888332366942804e-01,3.953239917755126953e-01,1.409490108489989957e-01
3.009662628173828125e-01,2.297799587249755027e-01,7.418489456176749486e-02,2.181649208068847101e-01,5.014357566833496094e-01,1.339020729064941129e-01
1.824719905853270929e-01,2.998781204223632812e-01,2.077240943908691129e-01,2.004642486572265070e-01,3.941161632537841797e-01,1.366388797760008933e-01
1.165916919708251953e-01,1.844630241394042969e-01,6.235980987548819798e-02,3.026466369628906250e-01,2.642619609832763117e-01,1.656489372253417969e-01
2.288084030151366910e-01,2.543618679046630859e-01,3.229420185089110773e-01,3.123471736907958984e-01,2.184731960296630027e-01,1.900610923767089011e-01
2.305519580841063898e-01,2.764000892639160156e-01,1.989040374755859097e-01,2.358579635620116910e-01,2.322938442230224054e-01,3.630998134613037109e-01
1.463906764984130027e-01,2.076129913330078125e-01,6.836700439453119449e-02,2.158489227294921875e-01,1.730518341064453125e-01,1.612732410430907926e-01
2.490150928497313898e-01,2.493638992309570035e-01,1.181828975677489957e-01,1.631722450256347101e-01,6.252422332763671875e-01,1.288790702819823941e-01
3.660531044006347101e-01,3.981900215148925781e-01,2.523481845855712891e-01,4.536168575286865234e-01,2.482759952545166016e-01,3.741550445556640070e-01
5.004119873046875000e-01,1.991062164306640070e-01,1.102380752563476007e-01,2.408931255340575894e-01,2.605259418487548828e-01,1.464138031005859097e-01
3.471040725708007812e-01,2.310557365417479914e-01,2.316017150878905972e-01,2.457098960876464011e-01,2.982869148254393976e-01,1.362709999084472101e-01
7.996337413787841797e-01,1.796381473541258933e-01,1.651830673217772882e-01,2.416701316833496094e-01,2.354888916015625000e-01,3.154261112213134766e-01
4.497442245483397882e-01,2.652018070220947266e-01,2.988269329071044922e-01,2.170910835266113004e-01,2.279682159423828125e-01,1.516098976135253906e-01
7.703185081481929430e-02,2.545070648193358820e-01,1.133172512054442943e-01,2.108058929443359097e-01,5.179407596588134766e-01,2.540941238403319757e-01
2.412621974945068082e-01,2.285659313201904019e-01,1.871149539947508933e-01,2.555627822875976007e-01,2.992081642150878906e-01,1.675140857696532926e-01
2.146790027618407926e-01,2.107911109924316129e-01,1.658997535705566129e-01,3.316600322723388117e-01,2.758791446685791016e-01,2.473196983337402066e-01
2.826178073883056086e-01,7.261488437652587891e-01,2.228851318359375000e-01,1.549391746520996094e-01,3.921058177947998047e-01,9.211452007293700062e-01
1.496639251708984097e-01,2.426831722259520929e-01,1.020350456237792969e-01,2.966620922088623047e-01,1.955029964447020929e-01,1.734099388122558039e-01
3.275210857391356867e-01,2.910428047180175781e-01,5.929899215698240106e-02,1.458408832550047995e-01,2.552731037139892023e-01,1.829719543457030972e-01
1.665971279144287109e-01,3.569552898406981867e-01,3.013398647308349054e-01,2.786090373992919922e-01,4.605550765991210938e-01,2.141900062561034879e-01
2.148060798645018976e-01,2.108950614929198941e-01,9.557914733886710423e-02,1.730129718780517023e-01,2.929668426513671875e-01,1.178729534149168950e-01
2.297708988189696988e-01,2.545049190521240234e-01,1.191098690032958984e-01,2.700860500335692804e-01,2.181360721588133933e-01,1.865739822387695035e-01
1.668438911437988004e-01,2.451877593994140070e-01,3.127601146697998047e-01,2.649979591369628906e-01,2.747378349304199219e-01,1.887712478637695035e-01
2.408421039581297995e-01,2.791502475738524836e-01,1.385779380798339011e-01,2.014720439910888117e-01,2.547540664672851007e-01,1.763808727264404019e-01
1.873650550842284879e-01,2.523241043090819757e-01,3.302781581878662109e-01,1.633229255676268976e-01,3.080170154571533203e-01,9.498000144958490543e-02
1.695067882537840964e-01,4.229576587677001953e-01,2.374217510223388117e-01,2.616689205169677734e-01,2.684080600738524836e-01,2.425980567932128906e-01
1.008529663085936945e-01,2.118782997131347101e-01,1.492950916290282926e-01,3.082599639892578125e-01,2.786087989807128906e-01,1.075148582458495955e-01
7.656502723693839330e-02,1.831459999084472101e-01,1.833920478820799949e-01,2.190320491790770929e-01,2.576613426208496094e-01,9.447789192199700092e-02
3.082702159881591797e-01,3.472650051116942804e-01,3.624379634857177734e-01,2.476522922515868863e-01,2.569358348846434992e-01,1.030831336975096962e-01
7.196211814880369706e-02,2.114067077636717917e-01,2.471950054168700894e-01,2.785248756408690851e-01,2.588658332824707031e-01,1.285188198089599054e-01
1.616888046264647882e-01,3.051991462707518976e-01,2.182879447937010886e-01,2.184708118438719870e-01,2.818009853363037109e-01,1.041400432586668950e-01
7.940292358398430561e-02,3.374788761138916016e-01,1.556770801544188898e-01,2.598102092742919922e-01,2.921822071075438898e-01,1.060762405395506980e-01
2.529170513153076172e-01,2.821912765502929132e-01,3.001139163970947266e-01,1.994078159332275113e-01,2.281551361083984097e-01,1.087238788604736051e-01
1.887972354888916016e-01,4.036509990692138117e-01,2.519340515136718750e-01,2.171280384063719870e-01,2.520639896392822266e-01,1.156020164489745955e-01
2.187457084655760886e-01,3.097877502441406250e-01,8.512902259826660156e-02,1.753039360046385886e-01,1.981158256530760886e-01,1.236391067504881980e-01
2.717711925506591797e-01,2.664473056793212891e-01,1.446950435638426902e-01,3.178310394287108820e-01,2.340190410614013117e-01,1.406619548797606867e-01
8.265995979309080643e-02,4.478888511657714844e-01,5.488071441650390625e-01,2.358620166778563898e-01,2.538869380950927734e-01,1.153469085693358959e-01
2.557148933410643976e-01,2.882497310638427734e-01,7.740783691406250000e-02,2.551221847534179132e-01,2.138180732727049949e-01,3.306269645690917969e-01
3.407518863677977961e-01,2.706482410430908203e-01,3.955490589141845148e-01,2.653257846832274836e-01,2.649109363555908203e-01,1.768150329589842917e-01
1.272602081298828125e-01,2.600500583648681086e-01,5.887985229492179867e-02,2.247850894927977961e-01,3.671741485595703125e-01,2.922191619873046875e-01
2.470269203186034879e-01,1.614229679107666016e-01,1.961801052093505027e-01,2.847239971160888117e-01,4.177527427673339844e-01,2.701139450073242188e-01
8.527112007141110506e-02,2.746837139129638117e-01,1.619651317596434992e-01,2.779719829559326172e-01,2.916071414947509766e-01,1.904377937316893976e-01
2.920560836791992188e-01,2.211630344390868863e-01,3.139867782592772882e-01,2.530069351196289062e-01,2.973279953002929132e-01,2.199633121490477961e-01
1.553437709808349054e-01,2.445862293243407926e-01,8.600306510925290193e-02,2.652940750122069757e-01,3.235380649566649836e-01,2.124958038330078125e-01
1.653289794921875000e-01,2.225618362426756980e-01,8.848690986633299393e-02,3.943519592285156250e-01,2.628378868103026789e-01,3.715021610260009766e-01
2.937681674957274836e-01,2.120370864868164062e-01,1.537470817565917969e-01,2.608809471130371094e-01,2.651991844177246094e-01,2.124269008636474054e-01
1.191408634185791016e-01,2.392289638519287109e-01,2.388679981231688898e-01,1.270210742950438898e-01,2.165199756622314453e+00,1.713848114013671875e-01
1.779940128326416016e-01,2.463328838348388117e-01,1.754899024963378906e-01,2.205240726470946988e-01,2.662541866302490234e-01,1.863102912902832031e-01
6.683993339538570055e-02,2.821393013000487726e-01,1.210739612579345009e-01,2.307200431823729914e-01,2.769749164581298828e-01,1.216082811355590820e+00
2.488851547241210938e-01,2.510247230529785156e-01,3.059680461883544922e-01,1.586806774139404019e-01,3.884699344635009766e-01,1.606941223144530972e-01
1.430277824401854914e-01,2.461020946502684992e-01,7.235217094421379780e-02,3.676521778106688898e-01,1.796252727508544922e-01,1.388959884643554132e-01
1.484873294830321988e-01,3.268301486968994141e-01,1.861128807067871094e-01,2.128241062164306086e-01,4.143428802490233820e-01,1.389658451080321988e-01
2.409479618072508933e-01,3.620967864990233820e-01,2.681479454040526789e-01,2.662510871887207031e-01,3.148028850555419922e-01,1.349720954895018976e-01
2.188107967376708984e-01,1.972191333770751953e-01,1.508600711822508933e-01,2.218637466430664062e-01,2.666740417480468750e-01,1.244909763336180947e-01
1.733839511871337891e-01,3.355109691619873047e-01,2.935271263122558039e-01,2.415292263031005027e-01,2.482368946075438898e-01,2.125089168548583984e-01
1.438951492309570035e-01,2.178881168365477961e-01,3.981277942657470148e-01,1.999568939208984097e-01,5.157790184020996094e-01,1.996600627899169922e-01
1.149699687957762978e-01,6.686189174652099609e-01,8.429217338562010331e-02,1.806678771972655972e-01,3.853671550750731867e-01,1.601212024688719870e-01
2.020218372344969870e-01,1.843950748443602961e-01,2.561950683593750000e-01,2.369441986083984097e-01,3.485410213470458984e-01,1.347017288208006980e-01
9.889817237853999743e-02,1.825389862060546875e-01,2.351770401000976007e-01,1.728878021240234097e-01,3.692538738250731867e-01,1.781029701232909879e-01
6.650781631469719624e-02,2.801439762115477961e-01,2.833089828491210938e-01,2.401089668273924949e-01,3.112978935241699219e-01,2.668442726135253906e-01
1.517221927642821988e-01,2.230269908905029019e-01,2.016949653625488004e-01,2.410981655120849054e-01,4.151990413665770929e-01,1.363840103149414062e-01
2.616028785705565851e-01,2.655808925628662109e-01,2.444407939910888117e-01,3.604111671447753906e-01,3.561270236968994141e-01,1.545069217681883933e-01
1.231269836425780972e-01,2.020289897918700894e-01,9.767818450927730212e-02,2.148418426513671875e-01,2.414960861206054132e-01,1.201839447021483959e-01
5.221724510192869706e-02,3.394629955291748047e-01,3.285999298095703125e-01,2.525308132171630859e-01,2.740190029144287109e-01,1.254901885986328125e-01
1.291110515594481867e-01,4.057681560516356867e-01,2.060298919677734097e-01,2.443761825561522882e-01,3.211688995361328125e-01,9.806370735168450092e-02
2.223439216613768976e-01,3.285708427429199219e-01,1.641478538513183039e-01,2.495779991149902066e-01,2.752759456634520929e-01,1.067860126495361051e-01
1.126070022583006980e-01,2.239880561828613004e-01,1.490581035614013117e-01,1.885979175567626953e-01,3.565461635589599054e-01,1.642162799835205078e-01
2.526628971099852961e-01,3.435111045837401789e-01,1.646749973297118863e-01,2.444260120391844870e-01,4.266538619995117188e-01,9.493639469146728516e-01
3.247590065002440851e-01,2.685768604278563898e-01,2.540390491485595148e-01,3.149402141571044922e-01,4.996731281280517023e-01,1.063668727874755027e-01
2.908592224121093750e-01,2.470662593841551902e-01,1.900360584259032926e-01,2.676138877868651789e-01,9.689719676971435547e-01,1.224389076232910017e-01
4.193515777587890070e-01,2.314658164978027066e-01,5.309591293334960938e-01,2.526409626007080078e-01,5.448441505432128906e-01,1.385011672973631980e-01
3.938550949096679132e-01,2.772340774536132812e-01,2.271130084991455078e-01,1.427299976348876953e-01,7.059657573699951172e-01,1.166028976440428994e-01
1.404571533203125000e-01,1.833519935607909879e-01,2.821996212005615234e-01,3.189089298248291016e-01,7.404069900512695312e-01,1.555581092834472101e-01
3.886449337005615234e-01,2.895569801330565851e-01,1.957931518554686945e-01,2.074239253997801902e-01,3.072829246520996094e-01,2.172317504882811945e-01
1.900820732116698941e-01,2.500679492950438898e-01,3.000149726867675781e-01,1.912961006164549949e-01,2.714092731475830078e-01,1.689350605010986051e-01
2.313048839569090964e-01,2.671260833740233820e-01,1.068682670593261025e-01,1.690571308135986051e-01,4.503939151763916016e-01,1.898641586303710938e-01
7.833621501922607422e-01,2.646210193634033203e-01,1.455528736114501953e-01,1.973917484283446988e-01,2.732310295104979914e-01,1.988170146942138117e-01
1.858818531036376953e-01,2.072629928588866910e-01,3.845717906951903742e-01,1.811251640319823941e-01,3.116438388824462891e-01,1.119248867034911971e-01
4.150261878967285156e-01,2.382688522338866910e-01,1.990752220153808039e-01,2.636919021606444757e-01,5.861032009124755859e-01,1.620318889617919922e-01
6.927919387817382812e-01,2.375020980834960938e-01,1.423258781433104914e-01,1.937680244445799949e-01,3.410060405731201172e-01,1.426422595977782926e-01
3.145868778228759766e-01,1.713619232177734097e-01,1.614599227905272882e-01,2.373130321502684992e-01,3.082029819488524836e-01,1.540470123291015070e-01
1.422049999237059992e-01,1.814160346984863004e-01,3.763053417205809992e-01,3.224129676818847101e-01,3.466029167175292969e-01,1.403388977050780972e-01
5.532531738281250000e-01,2.706480026245117188e-01,1.739487648010253906e-01,2.550878524780272882e-01,4.280519485473632812e-01,1.329290866851806086e-01
3.322808742523192804e-01,3.147058486938476007e-01,1.139569282531738004e-01,2.193832397460936945e-01,4.312860965728759766e-01,1.641559600830078125e-01
2.174801826477049949e-01,1.740412712097167969e-01,2.038221359252929132e-01,2.594978809356688898e-01,4.755239486694335938e-01,3.458647727966308039e-01
6.652827262878417969e-01,3.907678127288817804e-01,2.415201663970946988e-01,2.712781429290770929e-01,5.081760883331298828e-01,1.803860664367674949e-01
2.811491489410399836e-01,2.669160366058349054e-01,1.247329711914061945e-01,2.346339225769042969e-01,3.197548389434813898e-01,1.788899898529051902e-01
1.826019287109375000e-01,4.361701011657714844e-01,3.431038856506347101e-01,2.549839019775390070e-01,3.445992469787597101e-01,1.350810527801513117e-01
5.233440399169921875e-01,3.030118942260742188e-01,2.036390304565429132e-01,3.569850921630858820e-01,2.739987373352050781e-01,1.595020294189453125e-01
3.735380172729492188e-01,1.478970050811767023e-01,1.495029926300047995e-01,1.353302001953125000e-01,2.578082084655761164e-01,2.441458702087402066e-01
3.503370285034179132e-01,2.375981807708739957e-01,1.422138214111328125e-01,1.412816047668457031e-01,3.379819393157958984e-01,2.044861316680907926e-01
3.225760459899901789e-01,3.091628551483153742e-01,3.789470195770263117e-01,1.503233909606933039e-01,3.774797916412352961e-01,2.417969703674316129e-01
1.245777606964111051e-01,1.556539535522460938e-01,8.993005752563469624e-02,2.060170173645018976e-01,3.771712779998778742e-01,3.886871337890625000e-01
2.247900962829589011e-01,7.677140235900878906e-01,2.060310840606688898e-01,1.589338779449462891e-01,2.670967578887938898e-01,7.205748558044433594e-01
1.885030269622801902e-01,2.661180496215819757e-01,3.295130729675292969e-01,2.510428428649901789e-01,2.710521221160888117e-01,1.528511047363280972e-01
4.356229305267333984e-01,2.429721355438231867e-01,2.364838123321532926e-01,1.389360427856445035e-01,2.825341224670410156e-01,2.902860641479492188e-01
6.948661804199218750e-01,2.718288898468017023e-01,1.851282119750976007e-01,2.539420127868651789e-01,4.493508338928222101e-01,1.966309547424316129e-01
2.408587932586669922e-01,2.369160652160643976e-01,1.574180126190184992e-01,2.348990440368652066e-01,3.278279304504393976e-01,3.087880611419677734e-01
2.018899917602539062e-01,2.908148765563964844e-01,4.377677440643309992e-01,2.160968780517578125e-01,4.779579639434813898e-01,1.716637611389159879e-01
4.070270061492919922e-01,2.025201320648193082e-01,7.842326164245599918e-02,1.452951431274414062e-01,3.939681053161621094e-01,2.495570182800292969e-01
1.503961086273193082e-01,1.935298442840575894e-01,1.493518352508544922e-01,1.407890319824217917e-01,5.078821182250976562e-01,3.417739868164061945e-01
6.300690174102783203e-01,2.467370033264159879e-01,2.227098941802977961e-01,5.577380657196044922e-01,5.245718955993652344e-01,3.252141475677490234e-01
1.254229545593260886e-01,3.311300277709960938e-01,1.460580825805664062e-01,2.036657333374022882e-01,3.671510219573974054e-01,6.973159313201904297e-01
4.524111747741699219e-01,2.429738044738768976e-01,1.787340641021727961e-01,2.453200817108154019e-01,2.484848499298094870e-01,6.322109699249267578e-01
2.525780200958251953e-01,4.413313865661621094e-01,1.329629421234130027e-01,2.963089942932128906e-01,4.088871479034423828e-01,6.338400840759277344e-01
1.816437244415282926e-01,3.733167648315429132e-01,2.593681812286376953e-01,3.077909946441649836e-01,5.645489692687988281e-01,2.649760246276854914e-01
1.700260639190672995e-01,7.012920379638671875e-01,1.672518253326416016e-01,3.828620910644531250e-01,4.159328937530517023e-01,6.236419677734375000e-01
3.558602333068847101e-01,6.591999530792236328e-01,1.813440322875976007e-01,6.163420677185058594e-01,2.730860710144042969e-01,2.313668727874755027e-01
2.580196857452392023e-01,2.137401103973388117e-01,2.921779155731201172e-01,4.342517852783203125e-01,3.990819454193115234e-01,2.386209964752196988e-01
2.909030914306640070e-01,2.792420387268065851e-01,1.395101547241210938e-01,3.221831321716308039e-01,3.040151596069335938e-01,1.713149547576904019e-01
2.461969852447508933e-01,3.142628669738768976e-01,7.018494606018059467e-02,2.978267669677733820e-01,3.798589706420897882e-01,1.950941085815429132e-01
3.627059459686278742e-01,2.596821784973143976e-01,1.267580986022948941e-01,2.424142360687255027e-01,2.730958461761474054e-01,1.697731018066405972e-01
6.013860702514648438e-01,3.178918361663817804e-01,2.055249214172363004e-01,2.334189414978027066e-01,2.569541931152343750e-01,1.677649021148681086e-01
2.649900913238524836e-01,3.814170360565184992e-01,1.720860004425047995e-01,2.853310108184813898e-01,3.573040962219237726e-01,1.460320949554443082e-01
1.905417442321777066e-01,3.174581527709960938e-01,1.476910114288330078e-01,1.316390037536621094e-01,4.793620109558104914e-01,1.609680652618407926e-01
5.911123752593994141e-01,2.880108356475830078e-01,1.426718235015868863e-01,1.144124031066894309e+00,3.783228397369384766e-01,1.486928462982176902e-01
2.056839466094969870e-01,2.081151008605957031e-01,1.145873069763183039e-01,2.406098842620849054e-01,3.302140235900878906e-01,1.612889766693114957e-01
2.494609355926513117e-01,4.042339324951171875e-01,2.229440212249755027e-01,2.780220508575438898e-01,4.507040977478026789e-01,2.947630882263183039e-01
2.058660984039306086e-01,3.909780979156494141e-01,2.932147979736328125e-01,1.584007024765014648e+00,3.019897937774658203e-01,7.043540477752685547e-01
2.633037567138671875e-01,2.062647342681883933e-01,7.946705818176269531e-02,1.296269893646239957e-01,2.645828723907470148e-01,6.870558261871337891e-01
4.342520236968994141e-01,2.202401161193847101e-01,2.105159759521484097e-01,2.552249431610106867e-01,5.548572540283203125e-01,3.567271232604979914e-01
1.132271289825439037e-01,2.364099025726318082e-01,1.093897819519042969e-01,2.045419216156005027e-01,3.723008632659912109e-01,2.066619396209715964e-01
5.543510913848876953e-01,2.867712974548339844e-01,1.141092777252196988e-01,3.017280101776123047e-01,3.021402359008789062e-01,1.908619403839111051e-01
3.475039005279541016e-01,2.312996387481688898e-01,2.116129398345946988e-01,2.779881954193115234e-01,2.602097988128662109e-01,2.226710319519042969e-01
1.153268814086914062e-01,2.398710250854491910e-01,1.668107509613037109e-01,2.021448612213133933e-01,3.664009571075438898e-01,2.874810695648192804e-01
1.781282424926756980e-01,3.421471118927001953e-01,1.707141399383544922e-01,1.769039630889892023e-01,2.951371669769287109e-01,3.146059513092041016e-01
2.637796401977539062e-01,3.708128929138183039e-01,2.061641216278075894e-01,3.180663585662841797e-01,3.426389694213867188e-01,4.612090587615966797e-01
2.374851703643797995e-01,2.978570461273192804e-01,8.746886253356929430e-02,4.541318416595458984e-01,3.160979747772216797e-01,2.059130668640135886e-01
3.593940734863281250e-01,3.948621749877929132e-01,1.662189960479736051e-01,2.861177921295166016e-01,2.372770309448241910e-01,2.701671123504638117e-01
2.060179710388183039e-01,3.381087779998778742e-01,1.153039932250976007e-01,7.328500747680664062e-01,2.513518333435058039e-01,4.480648040771483820e-01
2.229840755462645929e-01,3.850271701812744141e-01,8.616399765014640111e-02,3.466370105743408203e-01,2.783243656158447266e-01,1.992480754852294922e-01
1.943547725677489957e-01,5.699579715728759766e-01,1.417279243469238004e-01,6.837539672851562500e-01,2.896828651428222101e-01,2.992708683013916016e-01
2.061550617218017023e-01,1.105060100555419922e+00,1.418402194976806086e-01,2.803702354431151789e-01,3.654448986053466797e-01,2.372601032257080078e-01
1.667690277099609097e-01,6.966960430145263672e-01,4.780778884887694757e-01,4.101638793945311945e-01,2.362079620361328125e-01,2.172820568084715964e-01
1.913461685180664062e-01,7.501938343048095703e-01,1.286861896514892023e-01,5.224001407623291016e-01,3.336670398712158203e-01,3.343780040740966797e-01
1.799328327178955078e-01,5.559201240539550781e-01,2.044618129730224054e-01,2.956738471984862726e-01,2.915120124816893976e-01,2.210438251495361051e-01
1.897621154785155972e-01,3.144609928131102961e-01,7.224702835082999486e-02,1.045331954956054910e+00,3.016591072082518976e-01,6.564800739288330078e-01
2.210419178009032926e-01,2.030749320983885886e-01,1.297569274902342917e-01,8.727149963378906250e-01,9.876608848571776234e-01,2.250180244445799949e-01
1.402099132537840964e-01,2.396218776702880027e-01,4.507181644439697266e-01,1.405701637268066129e-01,2.618410587310791016e-01,1.945450305938719870e-01
4.406690597534179132e-01,1.974551677703856867e-01,1.991701126098631980e-01,1.990430355072020929e-01,3.933129310607910156e-01,3.454797267913817804e-01
1.908471584320068082e-01,1.674559116363525113e-01,9.245967864990230212e-02,1.952650547027587891e-01,1.194360017776489258e+00,4.992241859436035156e-01
1.960029602050780972e-01,3.366711139678955078e-01,1.400451660156250000e-01,3.079087734222412109e-01,3.061978816986083984e-01,3.445172309875487726e-01
1.928868293762207031e-01,2.495539188385008933e-01,5.590450763702392578e-01,1.313478946685791016e-01,4.396111965179442804e-01,1.917467117309570035e-01
3.746001720428466797e-01,2.859919071197509766e-01,7.702183723449700092e-02,4.522271156311035156e-01,2.680020332336425781e-01,2.539830207824707031e-01
3.078279495239257812e-01,2.650630474090576172e-01,3.526890277862548828e-01,1.721019744873046875e-01,3.968057632446289062e-01,2.112932205200195035e-01
2.554538249969481867e-01,4.338641166687011164e-01,9.286594390869140625e-02,1.392140388488768976e-01,2.407019138336181086e-01,2.285509109497070035e-01
4.337091445922851007e-01,4.435620307922362726e-01,2.818150520324707031e-01,2.282240390777587891e-01,3.290061950683593750e-01,4.280591011047362726e-01
2.236919403076171875e-01,1.793708801269530972e-01,1.618139743804931086e-01,1.673960685729979914e-01,4.419929981231688898e-01,2.418558597564696988e-01
2.412781715393066129e-01,2.177960872650145929e-01,1.785180568695068082e-01,8.780558109283447266e-01,1.103615999221801758e+00,3.848369121551513117e-01
3.604080677032470148e-01,8.485808372497558594e-01,1.546351909637450894e-01,8.784301280975341797e-01,3.011860847473143976e-01,2.370359897613525113e-01
2.913479804992675781e-01,3.467531204223632812e-01,1.437098979949950894e-01,1.538989543914794922e-01,1.034459114074707031e+00,1.623282432556152066e-01
2.735378742218017023e-01,3.823730945587158203e-01,2.556929588317871094e-01,1.743779182434082031e-01,3.807277679443358820e-01,4.411098957061767023e-01
3.052470684051513117e-01,3.106358051300048828e-01,2.092139720916748047e-01,2.232601642608642023e-01,6.642448902130126953e-01,5.266880989074707031e-01
1.478190422058104914e-01,2.645962238311767023e-01,2.242717742919921875e-01,1.690950393676756980e-01,6.681110858917236328e-01,2.642447948455809992e-01
4.337017536163330078e-01,2.017338275909422995e-01,7.835531234741209550e-02,1.411986351013183039e-01,1.487012863159179688e+00,2.107889652252196988e-01
1.270079612731933039e-01,2.462699413299559992e-01,2.299110889434813898e-01,1.979193687438964011e-01,3.344461917877197266e-01,2.540080547332763117e-01
3.615961074829101007e-01,2.127881050109863004e-01,2.539527416229248047e-01,1.670558452606200894e-01,3.305289745330809992e-01,3.205680847167968750e-01
1.790120601654051902e-01,3.257157802581787109e-01,9.814405441284179688e-02,1.485829353332518976e-01,3.423659801483153742e-01,3.209280967712401789e-01
2.813229560852050781e-01,1.954770088195799949e-01,2.310609817504881980e-01,1.686351299285888117e-01,1.576901197433471680e+00,2.341818809509277066e-01
2.185678482055664062e-01,2.152431011199950894e-01,6.262588500976559724e-02,1.787009239196777066e-01,3.953299522399901789e-01,3.664870262145996094e-01
5.673971176147460938e-01,2.444672584533691129e-01,1.882412433624267023e-01,1.606669425964354914e-01,4.394440650939940851e-01,3.437240123748778742e-01
7.224662303924560547e-01,1.506826877593993863e-01,2.496798038482666016e-01,2.934279441833496094e-01,1.392704010009765625e+00,2.220499515533446988e-01
2.554948329925537109e-01,2.245309352874755027e-01,2.015302181243895929e-01,2.347240447998046875e-01,3.009719848632811945e-01,2.365241050720214011e-01
