4.000000000000000000e+00,6.666666666666714036e-01,4.000000000000000000e+00,1.333333333333328596e+00,2.666666666666657193e+00,6.666666666666714036e-01
3.766666666666667140e+01,3.833333333333332860e+01,3.966666666666666430e+01,3.700000000000000000e+01,3.900000000000000000e+01,3.366666666666667140e+01
4.822222222222222143e+01,4.911111111111111427e+01,4.822222222222222143e+01,4.644444444444444287e+01,4.755555555555555003e+01,4.288888888888888573e+01
5.083333333333333570e+01,5.233333333333332860e+01,4.933333333333332860e+01,4.883333333333332860e+01,5.083333333333333570e+01,4.700000000000000000e+01
5.186666666666666714e+01,5.279999999999999716e+01,4.986666666666666714e+01,5.013333333333333286e+01,5.160000000000000142e+01,4.960000000000000142e+01
5.244444444444444287e+01,5.388888888888888573e+01,5.022222222222222143e+01,5.077777777777777857e+01,5.255555555555555713e+01,5.088888888888888573e+01
5.438095238095237960e+01,5.485714285714286120e+01,5.076190476190476630e+01,5.047619047619047450e+01,5.304761904761905100e+01,5.209523809523809490e+01
5.491666666666667140e+01,5.483333333333333570e+01,5.191666666666666430e+01,5.058333333333333570e+01,5.416666666666667140e+01,5.333333333333333570e+01
5.488888888888888573e+01,5.459259259259259522e+01,5.288888888888889284e+01,5.118518518518518334e+01,5.400000000000000000e+01,5.385185185185184764e+01
5.486666666666666714e+01,5.479999999999999716e+01,5.353333333333333144e+01,5.139999999999999858e+01,5.453333333333333144e+01,5.439999999999999858e+01
5.484848484848485128e+01,5.424242424242424221e+01,5.381818181818182012e+01,5.187878787878788245e+01,5.442424242424242209e+01,5.478787878787878185e+01
5.500000000000000000e+01,5.400000000000000000e+01,5.344444444444444287e+01,5.205555555555555713e+01,5.438888888888888573e+01,5.494444444444444287e+01
5.528205128205128460e+01,5.415384615384615330e+01,5.343589743589743080e+01,5.246153846153845990e+01,5.400000000000000000e+01,5.492307692307692690e+01
5.523809523809523370e+01,5.366666666666667140e+01,5.333333333333333570e+01,5.257142857142856940e+01,5.409523809523809490e+01,5.519047619047618980e+01
5.484444444444444855e+01,5.377777777777777857e+01,5.351111111111110574e+01,5.297777777777778141e+01,5.395555555555554861e+01,5.515555555555555856e+01
5.445833333333332860e+01,5.362500000000000000e+01,5.375000000000000000e+01,5.308333333333333570e+01,5.379166666666666430e+01,5.545833333333332860e+01
5.470588235294117396e+01,5.333333333333333570e+01,5.384313725490196134e+01,5.325490196078430927e+01,5.360784313725490335e+01,5.552941176470589113e+01
5.470370370370370239e+01,5.329629629629629761e+01,5.400000000000000000e+01,5.340740740740741188e+01,5.318518518518518334e+01,5.518518518518519045e+01
5.428070175438596578e+01,5.319298245614034926e+01,5.414035087719298645e+01,5.361403508771929438e+01,5.312280701754386314e+01,5.473684210526315752e+01
5.403333333333333144e+01,5.336666666666666714e+01,5.400000000000000000e+01,5.376666666666666572e+01,5.336666666666666714e+01,5.453333333333333144e+01
5.368253968253967656e+01,5.330158730158729696e+01,5.403174603174603163e+01,5.374603174603174693e+01,5.361904761904762040e+01,5.457142857142856940e+01
5.369696969696969546e+01,5.312121212121211755e+01,5.390909090909090651e+01,5.369696969696969546e+01,5.393939393939393767e+01,5.418181818181817988e+01
5.362318840579710155e+01,5.315942028985507761e+01,5.385507246376811707e+01,5.353623188405796895e+01,5.411594202898550776e+01,5.420289855072464036e+01
5.366666666666667140e+01,5.302777777777777857e+01,5.363888888888889284e+01,5.330555555555555713e+01,5.411111111111110716e+01,5.405555555555555713e+01
5.359999999999999432e+01,5.311999999999999744e+01,5.365333333333332888e+01,5.314666666666666117e+01,5.400000000000000000e+01,5.389333333333333087e+01
5.369230769230769340e+01,5.320512820512821150e+01,5.361538461538461320e+01,5.302564102564102200e+01,5.441025641025640880e+01,5.397435897435897800e+01
5.360493827160494362e+01,5.338271604938271508e+01,5.362962962962962621e+01,5.323456790123456983e+01,5.424691358024691112e+01,5.402469135802468969e+01
5.352380952380952550e+01,5.361904761904762040e+01,5.380952380952381020e+01,5.342857142857143060e+01,5.426190476190475920e+01,5.404761904761905100e+01
5.335632183908046500e+01,5.363218390804597391e+01,5.397701149425287781e+01,5.328735632183907711e+01,5.422988505747126453e+01,5.416091954022989086e+01
5.331111111111111001e+01,5.357777777777778283e+01,5.391111111111111143e+01,5.331111111111111001e+01,5.422222222222222143e+01,5.400000000000000000e+01
5.331182795698924792e+01,5.376344086021505575e+01,5.397849462365591222e+01,5.320430107526881613e+01,5.391397849462365599e+01,5.393548387096774377e+01
5.325000000000000000e+01,5.408333333333333570e+01,5.395833333333333570e+01,5.304166666666666430e+01,5.375000000000000000e+01,5.395833333333333570e+01
5.337373737373737015e+01,5.428282828282829087e+01,5.369696969696969546e+01,5.307070707070706561e+01,5.383838383838384090e+01,5.402020202020202078e+01
5.341176470588235503e+01,5.443137254901960631e+01,5.368627450980392268e+01,5.286274509803921262e+01,5.372549019607843235e+01,5.394117647058823906e+01
5.339047619047618554e+01,5.447619047619048160e+01,5.365714285714285836e+01,5.272380952380952124e+01,5.352380952380952550e+01,5.394285714285714306e+01
5.344444444444444287e+01,5.438888888888888573e+01,5.350000000000000000e+01,5.253703703703703809e+01,5.348148148148148096e+01,5.394444444444444287e+01
5.345945945945945965e+01,5.446846846846846546e+01,5.335135135135134732e+01,5.250450450450451001e+01,5.336936936936936604e+01,5.394594594594594383e+01
5.329824561403508909e+01,5.447368421052631504e+01,5.328070175438596578e+01,5.231578947368421240e+01,5.328070175438596578e+01,5.394736842105263008e+01
5.336752136752136977e+01,5.449572649572649397e+01,5.340170940170941094e+01,5.229059829059828957e+01,5.331623931623931867e+01,5.400000000000000000e+01
5.341666666666667140e+01,5.451666666666666572e+01,5.350000000000000000e+01,5.263333333333333286e+01,5.333333333333333570e+01,5.414999999999999858e+01
5.352845528455284807e+01,5.440650406504065018e+01,5.352845528455284807e+01,5.258536585365853711e+01,5.339837398373983746e+01,5.424390243902438868e+01
5.350793650793651324e+01,5.436507936507936734e+01,5.368253968253967656e+01,5.247619047619047450e+01,5.344444444444444287e+01,5.444444444444444287e+01
5.372093023255813904e+01,5.444961240310077955e+01,5.384496124031007724e+01,5.249612403100775282e+01,5.341085271317830063e+01,5.452713178294573737e+01
5.383333333333333570e+01,5.463636363636364024e+01,5.393939393939393767e+01,5.257575757575757791e+01,5.334848484848485128e+01,5.480303030303030454e+01
5.395555555555554861e+01,5.465185185185185190e+01,5.400000000000000000e+01,5.238518518518518619e+01,5.331851851851852331e+01,5.474074074074074048e+01
5.400000000000000000e+01,5.465217391304347672e+01,5.405797101449275743e+01,5.230434782608695343e+01,5.342028985507246119e+01,5.471014492753623415e+01
5.401418439716312037e+01,5.451063829787234027e+01,5.394326241134751854e+01,5.238297872340425698e+01,5.363120567375886338e+01,5.465248226950354393e+01
5.402777777777777857e+01,5.443055555555555713e+01,5.390277777777777857e+01,5.240277777777777857e+01,5.368055555555555713e+01,5.470833333333332860e+01
5.398639455782313235e+01,5.438095238095237960e+01,5.406802721088435959e+01,5.244897959183673919e+01,5.367346938775510523e+01,5.473469387755102389e+01
5.397333333333333627e+01,5.439999999999999858e+01,5.409333333333333371e+01,5.237333333333333485e+01,5.377333333333333343e+01,5.470666666666666345e+01
5.400000000000000000e+01,5.431372549019607732e+01,5.418300653594771177e+01,5.224836601307189454e+01,5.379084967320261512e+01,5.461437908496731808e+01
5.394871794871794890e+01,5.416666666666667140e+01,5.439743589743589780e+01,5.224358974358974450e+01,5.383333333333333570e+01,5.452564102564102200e+01
5.402515723270440162e+01,5.413836477987421603e+01,5.441509433962264097e+01,5.211320754716980730e+01,5.376100628930817749e+01,5.451572327044025457e+01
5.396296296296296191e+01,5.398765432098765160e+01,5.440740740740741188e+01,5.214814814814815236e+01,5.376543209876543017e+01,5.459259259259259522e+01
5.404848484848485413e+01,5.395151515151515298e+01,5.442424242424242209e+01,5.215757575757576348e+01,5.376969696969696599e+01,5.464242424242424079e+01
5.408333333333333570e+01,5.373809523809524080e+01,5.455952380952381020e+01,5.204761904761905100e+01,5.365476190476190510e+01,5.472619047619048160e+01
5.414035087719298645e+01,5.387134502923976243e+01,5.450292397660818722e+01,5.202339181286549774e+01,5.352046783625731052e+01,5.479532163742690187e+01
5.429885057471264531e+01,5.390804597701148992e+01,5.451724137931034164e+01,5.194252873563218031e+01,5.354022988505747094e+01,5.482758620689654805e+01
5.445197740112994467e+01,5.387570621468926646e+01,5.455367231638417991e+01,5.192090395480226306e+01,5.359322033898305193e+01,5.492655367231638763e+01
5.462222222222222001e+01,5.382222222222222285e+01,5.464444444444444571e+01,5.172222222222222854e+01,5.353333333333333144e+01,5.484444444444444855e+01
5.473224043715846676e+01,5.375956284153005527e+01,5.467759562841529686e+01,5.159562841530054556e+01,5.340983606557377072e+01,5.476502732240437155e+01
5.483870967741935942e+01,5.376344086021505575e+01,5.460215053763440807e+01,5.145161290322580783e+01,5.341935483870967971e+01,5.474193548387096797e+01
5.491005291005291156e+01,5.372486772486772821e+01,5.453968253968253777e+01,5.146031746031746223e+01,5.343915343915344351e+01,5.474074074074074048e+01
5.494791666666667140e+01,5.376041666666666430e+01,5.452083333333333570e+01,5.135416666666666430e+01,5.347916666666666430e+01,5.477083333333333570e+01
5.494358974358974024e+01,5.371282051282051384e+01,5.460512820512820298e+01,5.122051282051282328e+01,5.351794871794871256e+01,5.466666666666667140e+01
5.482828282828282340e+01,5.368686868686868507e+01,5.469696969696970257e+01,5.120202020202020776e+01,5.344444444444444287e+01,5.461616161616161946e+01
5.482587064676616961e+01,5.364179104477612015e+01,5.467661691542289049e+01,5.119402985074626855e+01,5.340298507462686217e+01,5.469651741293532154e+01
5.479411764705881893e+01,5.352941176470589113e+01,5.478431372549019329e+01,5.118627450980392268e+01,5.342156862745098067e+01,5.475490196078432348e+01
5.489855072463767982e+01,5.340096618357488012e+01,5.482125603864734131e+01,5.124637681159420310e+01,5.348792270531401272e+01,5.483091787439613540e+01
5.496190476190476204e+01,5.339047619047618554e+01,5.495238095238094900e+01,5.129523809523809064e+01,5.344761904761904958e+01,5.501904761904761898e+01
5.496713615023474375e+01,5.335211267605634333e+01,5.494835680751173612e+01,5.132394366197183189e+01,5.338028169014084767e+01,5.508920187793427203e+01
5.506481481481481666e+01,5.337037037037036669e+01,5.491666666666667140e+01,5.131481481481480955e+01,5.339814814814815236e+01,5.512962962962962621e+01
5.517808219178081686e+01,5.333333333333333570e+01,5.494977168949770885e+01,5.133333333333332860e+01,5.351598173515981927e+01,5.513242009132419952e+01
5.522522522522523047e+01,5.321621621621621756e+01,5.490090090090090058e+01,5.131531531531530987e+01,5.353153153153152743e+01,5.508108108108108070e+01
5.528000000000000114e+01,5.318222222222222229e+01,5.488888888888888573e+01,5.143111111111110745e+01,5.351111111111110574e+01,5.504888888888888943e+01
5.521929824561403422e+01,5.314912280701754810e+01,5.492105263157894512e+01,5.148245614035087669e+01,5.354385964912280826e+01,5.502631578947368496e+01
5.524675324675325072e+01,5.306493506493506374e+01,5.485714285714286120e+01,5.156709956709956799e+01,5.363636363636364024e+01,5.507359307359307365e+01
5.525641025641025550e+01,5.302564102564102200e+01,5.476923076923077360e+01,5.148717948717948190e+01,5.368376068376068133e+01,5.505128205128205110e+01
5.529113924050633244e+01,5.289451476793248474e+01,5.482700421940928237e+01,5.146835443037974755e+01,5.378059071729957452e+01,5.510548523206750815e+01
5.534166666666666856e+01,5.290000000000000568e+01,5.475833333333333286e+01,5.145833333333333570e+01,5.387500000000000000e+01,5.520833333333332860e+01
5.542386831275720027e+01,5.293827160493827222e+01,5.469135802469135399e+01,5.145679012345679126e+01,5.388477366255143863e+01,5.520987654320988014e+01
5.533333333333333570e+01,5.288617886178862193e+01,5.470731707317072789e+01,5.140650406504065018e+01,5.383739837398373851e+01,5.521138211382113781e+01
5.531726907630522305e+01,5.293172690763051946e+01,5.469076305220883683e+01,5.127710843373493788e+01,5.382329317269076085e+01,5.518875502008032186e+01
5.530952380952381020e+01,5.284920634920634797e+01,5.468253968253967656e+01,5.123015873015873467e+01,5.380158730158729696e+01,5.526984126984126533e+01
5.538039215686274730e+01,5.281568627450980102e+01,5.470588235294117396e+01,5.126274509803921120e+01,5.371764705882353041e+01,5.534117647058823053e+01
5.542635658914728225e+01,5.273643410852712776e+01,5.467441860465116577e+01,5.123255813953488058e+01,5.373643410852713487e+01,5.532558139534884134e+01
5.545593869731801107e+01,5.282758620689655515e+01,5.469731800766283669e+01,5.111111111111111427e+01,5.370881226053639779e+01,5.525670498084291182e+01
5.546969696969696884e+01,5.278787878787878896e+01,5.461363636363636687e+01,5.110606060606060197e+01,5.368939393939393767e+01,5.521969696969696884e+01
5.544569288389513417e+01,5.279400749063670162e+01,5.465168539325842545e+01,5.114606741573034299e+01,5.372284644194756709e+01,5.519101123595505953e+01
5.540740740740740478e+01,5.275555555555555287e+01,5.468888888888888999e+01,5.124444444444444002e+01,5.371111111111110858e+01,5.519259259259258954e+01
5.528937728937729190e+01,5.276190476190475920e+01,5.467399267399267160e+01,5.134798534798535030e+01,5.368498168498168610e+01,5.524542124542124100e+01
5.528260869565217206e+01,5.282608695652174191e+01,5.467391304347826519e+01,5.147101449275362484e+01,5.363768115942028913e+01,5.518115942028985188e+01
5.526881720430107237e+01,5.283870967741935232e+01,5.468817204301075208e+01,5.152688172043010439e+01,5.367741935483871174e+01,5.520430107526881613e+01
5.521276595744680549e+01,5.290070921985815744e+01,5.458156028368794210e+01,5.154609929078014119e+01,5.368794326241134485e+01,5.516312056737589131e+01
5.515789473684210265e+01,5.298947368421052317e+01,5.452631578947368496e+01,5.168421052631578760e+01,5.359298245614035494e+01,5.521403508771929580e+01
5.516666666666667140e+01,5.297222222222222143e+01,5.447916666666666430e+01,5.179166666666667140e+01,5.365972222222222143e+01,5.516666666666667140e+01
5.516838487972508176e+01,5.302405498281787288e+01,5.447422680412370966e+01,5.190378006872852268e+01,5.370446735395189108e+01,5.514089347079037395e+01
5.522448979591836604e+01,5.314285714285713880e+01,5.446938775510204067e+01,5.197278911564625759e+01,5.372108843537414913e+01,5.512925170068027114e+01
5.525252525252525260e+01,5.323905723905723875e+01,5.445117845117844979e+01,5.208754208754209003e+01,5.369696969696969546e+01,5.504377104377104502e+01
5.524666666666666970e+01,5.331333333333333258e+01,5.446666666666666856e+01,5.230666666666666487e+01,5.365999999999999659e+01,5.506666666666666998e+01
5.528052805280528048e+01,5.337293729372937179e+01,5.448184818481848168e+01,5.249504950495050082e+01,5.363696369636964079e+01,5.509570957095709787e+01
5.533986928104575043e+01,5.337908496732026009e+01,5.443790849673202104e+01,5.256862745098039369e+01,5.360784313725490335e+01,5.507189542483660460e+01
5.534627831715210533e+01,5.350809061488673279e+01,5.434951456310680129e+01,5.268608414239482585e+01,5.357928802588996575e+01,5.508737864077669855e+01
5.532692307692308020e+01,5.366025641025641590e+01,5.430769230769230660e+01,5.280769230769230660e+01,5.358974358974359120e+01,5.500000000000000000e+01
5.530793650793650329e+01,5.377142857142857224e+01,5.434285714285714164e+01,5.290793650793651182e+01,5.356190476190476346e+01,5.501587301587301937e+01
5.528301886792452535e+01,5.389937106918238641e+01,5.432704402515723530e+01,5.289308176100628600e+01,5.351572327044025457e+01,5.500628930817610041e+01
5.524610591900311363e+01,5.396884735202492323e+01,5.429906542056075125e+01,5.294080996884735413e+01,5.347663551401868887e+01,5.492834890965732342e+01
5.524074074074074048e+01,5.403086419753086744e+01,5.425308641975308888e+01,5.296913580246913966e+01,5.345679012345678416e+01,5.488271604938271508e+01
5.520489296636085896e+01,5.408562691131498212e+01,5.430581039755351469e+01,5.300305810397553330e+01,5.342507645259939153e+01,5.487461773700305656e+01
5.518787878787878753e+01,5.424848484848484276e+01,5.426666666666666572e+01,5.306060606060605522e+01,5.346666666666666856e+01,5.481212121212121247e+01
5.515315315315314848e+01,5.431231231231230794e+01,5.419819819819819884e+01,5.311711711711711814e+01,5.348948948948948612e+01,5.479279279279279535e+01
5.516666666666667140e+01,5.435714285714286120e+01,5.417261904761903679e+01,5.319642857142856940e+01,5.350000000000000000e+01,5.473809523809523370e+01
5.510914454277286012e+01,5.438938053097345460e+01,5.419469026548672730e+01,5.325663716814158732e+01,5.347492625368731467e+01,5.465486725663716783e+01
5.505847953216374435e+01,5.438596491228070562e+01,5.419883040935671659e+01,5.330409356725145642e+01,5.337426900584794964e+01,5.455555555555555713e+01
5.513043478260869534e+01,5.445797101449274891e+01,5.416811594202899016e+01,5.346086956521738642e+01,5.333913043478261073e+01,5.452753623188406351e+01
5.516091954022989086e+01,5.454022988505747094e+01,5.423563218390804508e+01,5.353448275862069039e+01,5.328160919540229656e+01,5.452298850574712930e+01
5.519088319088319139e+01,5.460968660968660515e+01,5.424501424501424651e+01,5.366381766381766738e+01,5.331623931623931867e+01,5.455840455840456116e+01
5.522598870056496878e+01,5.472316384180791005e+01,5.425988700564970912e+01,5.374011299435029088e+01,5.335028248587570232e+01,5.454802259887005533e+01
5.523249299719887517e+01,5.472829131652660806e+01,5.428011204481792618e+01,5.385434173669467839e+01,5.338935574229692094e+01,5.447058823529410887e+01
5.524444444444444713e+01,5.482222222222222285e+01,5.428333333333333144e+01,5.398333333333333428e+01,5.345000000000000284e+01,5.439444444444444571e+01
5.527823691460055500e+01,5.484297520661156966e+01,5.423691460055096059e+01,5.408264462809917461e+01,5.349862258953167782e+01,5.429752066115702291e+01
5.530054644808743092e+01,5.494535519125683010e+01,5.419125683060109111e+01,5.420765027322404706e+01,5.348633879781420575e+01,5.428961748633879836e+01
5.534959349593495403e+01,5.490514905149051827e+01,5.415718157181571257e+01,5.430352303523034863e+01,5.351761517615175734e+01,5.435772357723577386e+01
5.533870967741935942e+01,5.490860215053763227e+01,5.416129032258064768e+01,5.436021505376344010e+01,5.341397849462365599e+01,5.430645161290323131e+01
5.538133333333333042e+01,5.492799999999999727e+01,5.410666666666666202e+01,5.443200000000000216e+01,5.341866666666666674e+01,5.426133333333333297e+01
5.539153439153439251e+01,5.498941798941798709e+01,5.408994708994708844e+01,5.455555555555555713e+01,5.338624338624338606e+01,5.424867724867724661e+01
5.541207349081364697e+01,5.502887139107610892e+01,5.403149606299212593e+01,5.465616797900262469e+01,5.348556430446193843e+01,5.420997375328083479e+01
5.547916666666667140e+01,5.506770833333332860e+01,5.397395833333333570e+01,5.468750000000000000e+01,5.353645833333332860e+01,5.420312500000000000e+01
5.550904392764857676e+01,5.505943152454781142e+01,5.395865633074936341e+01,5.470284237726097842e+01,5.360723514211886709e+01,5.421188630490956228e+01
5.552307692307692832e+01,5.514358974358974308e+01,5.393333333333333002e+01,5.474871794871795316e+01,5.366153846153846274e+01,5.421025641025640596e+01
5.554707379134860190e+01,5.522137404580152520e+01,5.391348600508905520e+01,5.478371501272264510e+01,5.366412213740458270e+01,5.426463104325699760e+01
5.555050505050505194e+01,5.527272727272727337e+01,5.391414141414141170e+01,5.480303030303030454e+01,5.372727272727272663e+01,5.432323232323232531e+01
5.550375939849624274e+01,5.528822055137845126e+01,5.390977443609022401e+01,5.484210526315789025e+01,5.373934837092731698e+01,5.430576441102756746e+01
5.546268656716417667e+01,5.522885572139303179e+01,5.386069651741293995e+01,5.489054726368159720e+01,5.376119402985074203e+01,5.429850746268656536e+01
5.543703703703703667e+01,5.524444444444444713e+01,5.384691358024691255e+01,5.493333333333333712e+01,5.376790123456790127e+01,5.426172839506172352e+01
5.545098039215686470e+01,5.522058823529410887e+01,5.378431372549019329e+01,5.492156862745098067e+01,5.376470588235294201e+01,5.428921568627450966e+01
5.547931873479318909e+01,5.517274939172749271e+01,5.375669099756690628e+01,5.501216545012164971e+01,5.381508515815085048e+01,5.437469586374695751e+01
5.544444444444444287e+01,5.517874396135265869e+01,5.378743961352657266e+01,5.505797101449275033e+01,5.389855072463768693e+01,5.437681159420289845e+01
5.544364508393285007e+01,5.516546762589927511e+01,5.381294964028776917e+01,5.512230215827337787e+01,5.399520383693045744e+01,5.437410071942446166e+01
5.546190476190476204e+01,5.518095238095238386e+01,5.381428571428571672e+01,5.518571428571429038e+01,5.406666666666666998e+01,5.441428571428571814e+01
5.546572104018912341e+01,5.519621749408983646e+01,5.381087470449173082e+01,5.527186761229314982e+01,5.407565011820331335e+01,5.441607565011820213e+01
5.545539906103286398e+01,5.518309859154929597e+01,5.378873239436619258e+01,5.532863849765258379e+01,5.408920187793427203e+01,5.435211267605633623e+01
5.547319347319346861e+01,5.523076923076923350e+01,5.377156177156177108e+01,5.540792540792541132e+01,5.408857808857808891e+01,5.434498834498834441e+01
5.549074074074074048e+01,5.527314814814815236e+01,5.377314814814814525e+01,5.542129629629629761e+01,5.408796296296296191e+01,5.429629629629629761e+01
5.548965517241379075e+01,5.529655172413793451e+01,5.379770114942528636e+01,5.544827586206896086e+01,5.410114942528735327e+01,5.429425287356322372e+01
5.546575342465753522e+01,5.541095890410959157e+01,5.384018264840182155e+01,5.547031963470319482e+01,5.410958904109588730e+01,5.430593607305935677e+01
5.541043083900226662e+01,5.546031746031746223e+01,5.384126984126984183e+01,5.546938775510204067e+01,5.412244897959183731e+01,5.431746031746032344e+01
5.540090090090090058e+01,5.552702702702702453e+01,5.382432432432432279e+01,5.539639639639639768e+01,5.410810810810811233e+01,5.429279279279279535e+01
5.538702460850111464e+01,5.556599552572706813e+01,5.382102908277404651e+01,5.535570469798658166e+01,5.410738255033557209e+01,5.425055928411632777e+01
5.530666666666666487e+01,5.561777777777777487e+01,5.385333333333333172e+01,5.528888888888887720e+01,5.413333333333333286e+01,5.420000000000000284e+01
5.522737306843266936e+01,5.568653421633554501e+01,5.390728476821192316e+01,5.527152317880794641e+01,5.415011037527593629e+01,5.420750551876378864e+01
5.518859649122806843e+01,5.572368421052631504e+01,5.389912280701754810e+01,5.527192982456141124e+01,5.415789473684210265e+01,5.417982456140351388e+01
5.517211328976034679e+01,5.574727668845315520e+01,5.391721132897603042e+01,5.525490196078432348e+01,5.421786492374727828e+01,5.417429193899781836e+01
5.516450216450216715e+01,5.580086580086580028e+01,5.393073593073592775e+01,5.525541125541126064e+01,5.424242424242424221e+01,5.415584415584415723e+01
5.511827956989247213e+01,5.579784946236559051e+01,5.388387096774193452e+01,5.527741935483870606e+01,5.425376344086021163e+01,5.411182795698924508e+01
5.511111111111111427e+01,5.581623931623931867e+01,5.385042735042734563e+01,5.529487179487178850e+01,5.426068376068376153e+01,5.410683760683760113e+01
5.509554140127389132e+01,5.582165605095541139e+01,5.390233545647558344e+01,5.532059447983014877e+01,5.426751592356688292e+01,5.409766454352441656e+01
5.507172995780590696e+01,5.585654008438818607e+01,5.389029535864978726e+01,5.529535864978902993e+01,5.428270042194093037e+01,5.407594936708861155e+01
5.506498951781970419e+01,5.588259958071278533e+01,5.386582809224318424e+01,5.529979035639412643e+01,5.429350104821802603e+01,5.406289308176101116e+01
5.509583333333333144e+01,5.594583333333333286e+01,5.385416666666666430e+01,5.526250000000000284e+01,5.428333333333333144e+01,5.402499999999999858e+01
5.507246376811594502e+01,5.600828157349896230e+01,5.383436853002070421e+01,5.519668737060040797e+01,5.429399585921325411e+01,5.407453416149068204e+01
5.504115226337448519e+01,5.608641975308641747e+01,5.386831275720165024e+01,5.522633744855966853e+01,5.433744855967078280e+01,5.410288065843621297e+01
5.501431492842535675e+01,5.616768916155419333e+01,5.392229038854805623e+01,5.523926380368098421e+01,5.437627811860940596e+01,5.417586912065439719e+01
5.499186991869918728e+01,5.621544715447154061e+01,5.392682926829267842e+01,5.525203252032520140e+01,5.440243902439024026e+01,5.423983739837398588e+01
5.501414141414141312e+01,5.630707070707070727e+01,5.391919191919191690e+01,5.524040404040403729e+01,5.445656565656565817e+01,5.430707070707070727e+01
5.497590361445783458e+01,5.639759036144577919e+01,5.393172690763051946e+01,5.529317269076305053e+01,5.448192771084337238e+01,5.430923694779117028e+01
5.502994011976048228e+01,5.647105788423153427e+01,5.392015968063872577e+01,5.536127744510977777e+01,5.454690618762474941e+01,5.435928143712575178e+01
5.502380952380952550e+01,5.652380952380952550e+01,5.389682539682539897e+01,5.540079365079365203e+01,5.453571428571428470e+01,5.439285714285714590e+01
5.507692307692308020e+01,5.658777120315581755e+01,5.389743589743589780e+01,5.540828402366864225e+01,5.454043392504930665e+01,5.441420118343194900e+01
5.506666666666666998e+01,5.664705882352941302e+01,5.388235294117647101e+01,5.541960784313724986e+01,5.454901960784313530e+01,5.445490196078431211e+01
5.503313840155945513e+01,5.673684210526315752e+01,5.389473684210526017e+01,5.543469785575048547e+01,5.455360623781676566e+01,5.444444444444444287e+01
5.503100775193798455e+01,5.679844961240310397e+01,5.392248062015504217e+01,5.550000000000000000e+01,5.456976744186047057e+01,5.444961240310077955e+01
5.503275529865125293e+01,5.687861271676300845e+01,5.392292870905588131e+01,5.555684007707129268e+01,5.456647398843930574e+01,5.441618497109826080e+01
5.501149425287356109e+01,5.695402298850574851e+01,5.389655172413792883e+01,5.557854406130267932e+01,5.455938697318007513e+01,5.440996168582375248e+01
5.500190476190476119e+01,5.701714285714285779e+01,5.389333333333333087e+01,5.559238095238095667e+01,5.453714285714285381e+01,5.437333333333333485e+01
5.498863636363635976e+01,5.709090909090909349e+01,5.388257575757575779e+01,5.562878787878787534e+01,5.454545454545454675e+01,5.433333333333333570e+01
5.501694915254237372e+01,5.712241054613936342e+01,5.380790960451977156e+01,5.568738229755179248e+01,5.453483992467042896e+01,5.432391713747645667e+01
5.501498127340823885e+01,5.714232209737826906e+01,5.377528089887640306e+01,5.575280898876404478e+01,5.456928838951311178e+01,5.432584269662920917e+01
5.503910614525139522e+01,5.722160148975790861e+01,5.379143389199255409e+01,5.578770949720670558e+01,5.458845437616387386e+01,5.431284916201117596e+01
5.505185185185185048e+01,5.725555555555555287e+01,5.373703703703704093e+01,5.581481481481481666e+01,5.461111111111110716e+01,5.428148148148147811e+01
5.502762430939226590e+01,5.728913443830570884e+01,5.375690607734806292e+01,5.583425414364641171e+01,5.461510128913443651e+01,5.426887661141805097e+01
5.503663003663003650e+01,5.732234432234432120e+01,5.375824175824175910e+01,5.586813186813186860e+01,5.463736263736263510e+01,5.427472527472527730e+01
5.506010928961748618e+01,5.739526411657558924e+01,5.375956284153005527e+01,5.591985428051001605e+01,5.464116575591985026e+01,5.429143897996356571e+01
5.504710144927535964e+01,5.743115942028985899e+01,5.377173913043478137e+01,5.591304347826087451e+01,5.462318840579710155e+01,5.432246376811594502e+01
5.503063063063062543e+01,5.748108108108107928e+01,5.375135135135135300e+01,5.593153153153153312e+01,5.458378378378378670e+01,5.433873873873874061e+01
5.509677419354838435e+01,5.754838709677419217e+01,5.379211469534050138e+01,5.591756272401433847e+01,5.458422939068100277e+01,5.437275985663082878e+01
5.508377896613190927e+01,5.763279857397504458e+01,5.380748663101604734e+01,5.594295900178253333e+01,5.453832442067736253e+01,5.442067736185383353e+01
5.505673758865248146e+01,5.766312056737589131e+01,5.382624113475177552e+01,5.597872340425531945e+01,5.456737588652482174e+01,5.445035460992907872e+01
5.502998236331569615e+01,5.768253968253967656e+01,5.382716049382715795e+01,5.600705467372134194e+01,5.459964726631393006e+01,5.451851851851851904e+01
5.502456140350876979e+01,5.771929824561403422e+01,5.384210526315789735e+01,5.604210526315789309e+01,5.462456140350877121e+01,5.458947368421052460e+01
5.500872600349040198e+01,5.774171029668411848e+01,5.386387434554973908e+01,5.604886561954624824e+01,5.466317626527050777e+01,5.462827225130889985e+01
5.502083333333333570e+01,5.777083333333333570e+01,5.384722222222222143e+01,5.612152777777777857e+01,5.468750000000000000e+01,5.465277777777777857e+01
5.501554404145077370e+01,5.778238341968911840e+01,5.382728842832469951e+01,5.614853195164076283e+01,5.468739205526770064e+01,5.465284974093263770e+01
5.501718213058418883e+01,5.781786941580755723e+01,5.380412371134021043e+01,5.616151202749141191e+01,5.471477663230240296e+01,5.467010309278350633e+01
5.500170940170940526e+01,5.785982905982906033e+01,5.377435897435897516e+01,5.618803418803418737e+01,5.472478632478632221e+01,5.470085470085469836e+01
5.504421768707483409e+01,5.787755102040816269e+01,5.376870748299320013e+01,5.624149659863945772e+01,5.472789115646258296e+01,5.474149659863945772e+01
5.508629441624365342e+01,5.789170896785110187e+01,5.371573604060913709e+01,5.628087986463620496e+01,5.474111675126903975e+01,5.478849407783418002e+01
5.507744107744107254e+01,5.791582491582491343e+01,5.370707070707070585e+01,5.631313131313131493e+01,5.474747474747474740e+01,5.483164983164983397e+01
5.510552763819095645e+01,5.798324958123953365e+01,5.365494137353433501e+01,5.633500837520937665e+01,5.477721943048576492e+01,5.483417085427136328e+01
5.507999999999999829e+01,5.802666666666666373e+01,5.362333333333333485e+01,5.637333333333332774e+01,5.478000000000000114e+01,5.483666666666666600e+01
5.510447761194029681e+01,5.807960199004975266e+01,5.360530679933665255e+01,5.640464344941956654e+01,5.478938640132670201e+01,5.482587064676616961e+01
5.509900990099009732e+01,5.813201320132013450e+01,5.356105610561056096e+01,5.642574257425742701e+01,5.481518151815181739e+01,5.481518151815181739e+01
5.512972085385878529e+01,5.821346469622331909e+01,5.355665024630542348e+01,5.644663382594416845e+01,5.486699507389162989e+01,5.482430213464696322e+01
5.514705882352941302e+01,5.823529411764705799e+01,5.355555555555555713e+01,5.647712418300653781e+01,5.488888888888888573e+01,5.483986928104575043e+01
5.516097560975609326e+01,5.827642276422763956e+01,5.355772357723576960e+01,5.649756097560975832e+01,5.491382113821138233e+01,5.484878048780487347e+01
5.516828478964401228e+01,5.828155339805825008e+01,5.353721682847896091e+01,5.649514563106796317e+01,5.494174757281553667e+01,5.487702265372168853e+01
5.517230273752012693e+01,5.826731078904992245e+01,5.354267310789050072e+01,5.650563607085346263e+01,5.497906602254428066e+01,5.493719806763284907e+01
5.521474358974359120e+01,5.830128205128205110e+01,5.351923076923076650e+01,5.657051282051281760e+01,5.495833333333332860e+01,5.497115384615384670e+01
5.527272727272727337e+01,5.835087719298245901e+01,5.351834130781499255e+01,5.660925039872407893e+01,5.498245614035087669e+01,5.498245614035087669e+01
5.529523809523809774e+01,5.841269841269841123e+01,5.355873015873015675e+01,5.670476190476190226e+01,5.494285714285714306e+01,5.500952380952380594e+01
5.529857819905213745e+01,5.848025276461296329e+01,5.354502369668246331e+01,5.676777251184834228e+01,5.492259083728278313e+01,5.502685624012638499e+01
5.524528301886792292e+01,5.855031446540880324e+01,5.357232704402515822e+01,5.684591194968553651e+01,5.491194968553458722e+01,5.504716981132075659e+01
5.525195618153364308e+01,5.863223787167449075e+01,5.357433489827855766e+01,5.692957746478873560e+01,5.493270735524256310e+01,5.507355242566509901e+01
5.528037383177570518e+01,5.869781931464174818e+01,5.357632398753894165e+01,5.699688473520249232e+01,5.496573208722741555e+01,5.509968847352024568e+01
5.528992248062016301e+01,5.875658914728681737e+01,5.356899224806201687e+01,5.707286821705426405e+01,5.496434108527131457e+01,5.512868217054263908e+01
5.530864197530863891e+01,5.883333333333332860e+01,5.357098765432098730e+01,5.715123456790123413e+01,5.497530864197530320e+01,5.514814814814814525e+01
5.535176651305683748e+01,5.890937019969278055e+01,5.353609831029185528e+01,5.723502304147465480e+01,5.495545314900153500e+01,5.517050691244239857e+01
5.541284403669725123e+01,5.897859327217125269e+01,5.350458715596329995e+01,5.731804281345565499e+01,5.496636085626911239e+01,5.521712538226299927e+01
5.540943683409436460e+01,5.903196347031963853e+01,5.348858447488584744e+01,5.740030441400304539e+01,5.496499238964992173e+01,5.524809741248097339e+01
5.539696969696969120e+01,5.908787878787878611e+01,5.345757575757576063e+01,5.746060606060606091e+01,5.497272727272728332e+01,5.522121212121211897e+01
5.539969834087480649e+01,5.914630467571642924e+01,5.344193061840120862e+01,5.753846153846154010e+01,5.496229260935142946e+01,5.526696832579185070e+01
5.539339339339338864e+01,5.920120120120120077e+01,5.346246246246246159e+01,5.758258258258258167e+01,5.500300300300300194e+01,5.528228228228228147e+01
5.542600896860986381e+01,5.924364723467862603e+01,5.345590433482810511e+01,5.760239162929746470e+01,5.499551569506726878e+01,5.534828101644244924e+01
5.547916666666667140e+01,5.928869047619047450e+01,5.346428571428571530e+01,5.759821428571428470e+01,5.500297619047618980e+01,5.536309523809524080e+01
5.548740740740741018e+01,5.932148148148147726e+01,5.348148148148148096e+01,5.760888888888888459e+01,5.500148148148147698e+01,5.536888888888888971e+01
5.548082595870206291e+01,5.937168141592920279e+01,5.345132743362832173e+01,5.765486725663716783e+01,5.501474926253687414e+01,5.543067846607669225e+01
5.551541850220264251e+01,5.940381791483113005e+01,5.347723935389133487e+01,5.769162995594713550e+01,5.501321585903082934e+01,5.548017621145374534e+01
5.552631578947368496e+01,5.945906432748537895e+01,5.349707602339181278e+01,5.772514619883040865e+01,5.501461988304093609e+01,5.552923976608187218e+01
5.556622998544396097e+01,5.945560407569141148e+01,5.353129548762736789e+01,5.774672489082968951e+01,5.499272197962154252e+01,5.554585152838426865e+01
5.560579710144927645e+01,5.950144927536231876e+01,5.355652173913043868e+01,5.777391304347825951e+01,5.498550724637681242e+01,5.559420289855072639e+01
5.566233766233766289e+01,5.955266955266954909e+01,5.356998556998556893e+01,5.776334776334775967e+01,5.501587301587301937e+01,5.563924963924964118e+01
5.569540229885057414e+01,5.960919540229884461e+01,5.355459770114942586e+01,5.779597701149425149e+01,5.502298850574712930e+01,5.568678160919539977e+01
5.574535050071530407e+01,5.962231759656651775e+01,5.358226037195994707e+01,5.781974248927038929e+01,5.504721030042918528e+01,5.571101573676681085e+01
5.578347578347578661e+01,5.965527065527065531e+01,5.360113960113960019e+01,5.781481481481481666e+01,5.506267806267806009e+01,5.576068376068376153e+01
5.580709219858155734e+01,5.969361702127659441e+01,5.367092198581560325e+01,5.783829787234042641e+01,5.508936170212766115e+01,5.580709219858155734e+01
5.585875706214689274e+01,5.972598870056496878e+01,5.369491525423728717e+01,5.784745762711863648e+01,5.510451977401130108e+01,5.583898305084746028e+01
5.587341772151898311e+01,5.975808720112517847e+01,5.370182841068916701e+01,5.786497890295358104e+01,5.511392405063291022e+01,5.586216596343178509e+01
5.590756302521008081e+01,5.977871148459384187e+01,5.370868347338935678e+01,5.786834733893557114e+01,5.512324929971988752e+01,5.589915966386554658e+01
5.593863319386331767e+01,5.982705718270571538e+01,5.371269177126917782e+01,5.786331938633193772e+01,5.513807531380753346e+01,5.592468619246862005e+01
5.596666666666666146e+01,5.988055555555555287e+01,5.375277777777777999e+01,5.783888888888888857e+01,5.514999999999999858e+01,5.596944444444444144e+01
5.599723374827109268e+01,5.991701244813278038e+01,5.375933609958506310e+01,5.781466113416320951e+01,5.514799446749654521e+01,5.600276625172890732e+01
5.601928374655647502e+01,5.994765840220385655e+01,5.378512396694215170e+01,5.780165289256198236e+01,5.515151515151514872e+01,5.606060606060606233e+01
5.604115226337448519e+01,5.995610425240055008e+01,5.381618655692729902e+01,5.781618655692729902e+01,5.514128943758573342e+01,5.611522633744856137e+01
5.604098360655737565e+01,5.997814207650273488e+01,5.383333333333333570e+01,5.780601092896174720e+01,5.516393442622950971e+01,5.611748633879781067e+01
5.604353741496598929e+01,5.997823129251700891e+01,5.384217687074829684e+01,5.777142857142857224e+01,5.514829931972789012e+01,5.613605442176870497e+01
5.605691056910568904e+01,5.997018970189702003e+01,5.383739837398373851e+01,5.779945799457994582e+01,5.515718157181571968e+01,5.616260162601626149e+01
5.607017543859649322e+01,5.996761133603239102e+01,5.381646423751686825e+01,5.781646423751686825e+01,5.516059379217274028e+01,5.618623481781376228e+01
5.605376344086021589e+01,5.997311827956989561e+01,5.378225806451612812e+01,5.782258064516129537e+01,5.516129032258064768e+01,5.620430107526882324e+01
5.605890227576974638e+01,5.997054886211512326e+01,5.376439089692101447e+01,5.782864792503346507e+01,5.516733601070950499e+01,5.621419009370816866e+01
5.604266666666666907e+01,5.995466666666666811e+01,5.375200000000000244e+01,5.785066666666666890e+01,5.517866666666666475e+01,5.621066666666666123e+01
5.603187250996015933e+01,5.995484727755643917e+01,5.374236387782205071e+01,5.786719787516600633e+01,5.518459495351925881e+01,5.623638778220451684e+01
5.598941798941798709e+01,5.996825396825396837e+01,5.370899470899470884e+01,5.789947089947089864e+01,5.517724867724867721e+01,5.625925925925925952e+01
5.599209486166007821e+01,6.001317523056653158e+01,5.370750988142292925e+01,5.791567852437417230e+01,5.518050065876153099e+01,5.627140974967061737e+01
5.599737532808399010e+01,6.001837270341208352e+01,5.374015748031496287e+01,5.795013123359580476e+01,5.516535433070865935e+01,5.627821522309711355e+01
5.601045751633986924e+01,6.005751633986928084e+01,5.372810457516339966e+01,5.797647058823529420e+01,5.513202614379085276e+01,5.631111111111111001e+01
5.606510416666667140e+01,6.009895833333333570e+01,5.372395833333333570e+01,5.798437500000000000e+01,5.511718750000000000e+01,5.632031250000000000e+01
5.611673151750972721e+01,6.013229571984435751e+01,5.370168612191958601e+01,5.799221789883268485e+01,5.511543450064850447e+01,5.634241245136186649e+01
5.613953488372093403e+01,6.015762273901808754e+01,5.369509043927649117e+01,5.801291989664082394e+01,5.507493540051679304e+01,5.639276485788114002e+01
5.614414414414414267e+01,6.017245817245817108e+01,5.370141570141569787e+01,5.804890604890605488e+01,5.508622908622908909e+01,5.642728442728442673e+01
5.617692307692307452e+01,6.015641025641026118e+01,5.368205128205128318e+01,5.808205128205128176e+01,5.511282051282051242e+01,5.646923076923076934e+01
5.618901660280970134e+01,6.017369093231162225e+01,5.368326947637292790e+01,5.812005108556832766e+01,5.512899106002554817e+01,5.648531289910600606e+01
5.621882951653943650e+01,6.015012722646310550e+01,5.365648854961831660e+01,5.815521628498728290e+01,5.512722646310432140e+01,5.652417302798981780e+01
5.624588086185044489e+01,6.012927756653992617e+01,5.366286438529783709e+01,5.816223067173637418e+01,5.511533586818757868e+01,5.657034220532319324e+01
5.625757575757575779e+01,6.012878787878788245e+01,5.363888888888889284e+01,5.817676767676767469e+01,5.513888888888888573e+01,5.660606060606060197e+01
5.625157232704402333e+01,6.012830188679244969e+01,5.363773584905661096e+01,5.818867924528301927e+01,5.514968553459119960e+01,5.663647798742138662e+01
5.626065162907268302e+01,6.009523809523809490e+01,5.364160401002506262e+01,5.816040100250626921e+01,5.516040100250626210e+01,5.665413533834585991e+01
5.629712858926342278e+01,6.010486891385767905e+01,5.365293383270911676e+01,5.818476903870162431e+01,5.517353308364544517e+01,5.668664169787765417e+01
5.632089552238805652e+01,6.012189054726368198e+01,5.366169154228855831e+01,5.816666666666666430e+01,5.520895522388059362e+01,5.670646766169154063e+01
5.635439900867410046e+01,6.011400247831474530e+01,5.364312267657992095e+01,5.818587360594796110e+01,5.523667905824039792e+01,5.673853779429987298e+01
5.639753086419753458e+01,6.011604938271604937e+01,5.365185185185185190e+01,5.822222222222222143e+01,5.527407407407407902e+01,5.676790123456790127e+01
5.642066420664206561e+01,6.010086100861008163e+01,5.363837638376383410e+01,5.828044280442804848e+01,5.530381303813038585e+01,5.677982779827798510e+01
5.644362745098039369e+01,6.006127450980392268e+01,5.361764705882352899e+01,5.832352941176471006e+01,5.534068627450980671e+01,5.679656862745098067e+01
5.646886446886447430e+01,6.001953601953601947e+01,5.363125763125763257e+01,5.835653235653236237e+01,5.537240537240536753e+01,5.683516483516483930e+01
5.649148418491483881e+01,6.000729927007299125e+01,5.364720194647201623e+01,5.838442822384428155e+01,5.538929440389294001e+01,5.686861313868612910e+01
5.653090909090909122e+01,5.997333333333333627e+01,5.363636363636364024e+01,5.841696969696969433e+01,5.539151515151515071e+01,5.689939393939393852e+01
5.655072463768115654e+01,5.996618357487923134e+01,5.360628019323671367e+01,5.844685990338164316e+01,5.543478260869565588e+01,5.691787439613526800e+01
5.655114320096269154e+01,5.994945848375451192e+01,5.359085439229843928e+01,5.846450060168471907e+01,5.546570397111913309e+01,5.697232250300842082e+01
5.656834532374100633e+01,5.997601918465228010e+01,5.356834532374100633e+01,5.849880095923261791e+01,5.549880095923261081e+01,5.698561151079136522e+01
5.657108721624850745e+01,6.000000000000000000e+01,5.356033452807646711e+01,5.852329749103942902e+01,5.551493428912783656e+01,5.700597371565113747e+01
5.660238095238095468e+01,6.001190476190475920e+01,5.355238095238095042e+01,5.854047619047619122e+01,5.555714285714285694e+01,5.703809523809523796e+01
5.660023724792407762e+01,6.002135231316725594e+01,5.355871886120996095e+01,5.858125741399762632e+01,5.558244365361802863e+01,5.707710557532621465e+01
5.659810874704491823e+01,6.004018912529550533e+01,5.358628841607565363e+01,5.861938534278959878e+01,5.558628841607565363e+01,5.710401891252955409e+01
5.661484098939929765e+01,6.006595995288574841e+01,5.360188457008244711e+01,5.865724381625441453e+01,5.563250883392225887e+01,5.713074204946996559e+01
5.665492957746479163e+01,6.009154929577464799e+01,5.361737089201877637e+01,5.868309859154929597e+01,5.564319248826291187e+01,5.712910798122065614e+01
5.666198830409356901e+01,6.010994152046783512e+01,5.361637426900584558e+01,5.871111111111110858e+01,5.570058479532163886e+01,5.714152046783625849e+01
5.666666666666666430e+01,6.011421911421911091e+01,5.361305361305361572e+01,5.874358974358974450e+01,5.572960372960373121e+01,5.714918414918415124e+01
5.665969802555167689e+01,6.012078977932636548e+01,5.360743321718931753e+01,5.879907084785133975e+01,5.578164924506388189e+01,5.715679442508710650e+01
5.668287037037036669e+01,6.014814814814815236e+01,5.360879629629629761e+01,5.879861111111110716e+01,5.582175925925925952e+01,5.713657407407408328e+01
5.668973471741637837e+01,6.015455594002306583e+01,5.361937716262975329e+01,5.881660899653979158e+01,5.586620530565167542e+01,5.714417531718569876e+01
5.668275862068965409e+01,6.016321839080459455e+01,5.365747126436781400e+01,5.885517241379310605e+01,5.590574712643678623e+01,5.717011494252874115e+01
5.669415807560137210e+01,6.018785796105383668e+01,5.367926689576174226e+01,5.890950744558991659e+01,5.594501718213058439e+01,5.716609392898052988e+01
5.671917808219178170e+01,6.021004566210045539e+01,5.370091324200913618e+01,5.894292237442922300e+01,5.596575342465753522e+01,5.720776255707762203e+01
5.670534698521046124e+01,6.022070534698521271e+01,5.370648464163822666e+01,5.896700796359499464e+01,5.599317406143345011e+01,5.722866894197952092e+01
5.673922902494331311e+01,6.023356009070294448e+01,5.374149659863945772e+01,5.898639455782313235e+01,5.602721088435374241e+01,5.723356009070294448e+01
5.675028248587570801e+01,6.023728813559321793e+01,5.376271186440678207e+01,5.898079096045197645e+01,5.604519774011299660e+01,5.723615819209040012e+01
5.676801801801801872e+01,6.023198198198198128e+01,5.379729729729729826e+01,5.899774774774774500e+01,5.606081081081081408e+01,5.721396396396396256e+01
5.679685746352413389e+01,6.021773288439955252e+01,5.382940516273849596e+01,5.899663299663299654e+01,5.608754208754208292e+01,5.719865319865319719e+01
5.679418344519015704e+01,6.020581655480984296e+01,5.384787472035794309e+01,5.901789709172259535e+01,5.612527964205816744e+01,5.718344519015661120e+01
5.681382385730211837e+01,6.021181716833890363e+01,5.388182831661092109e+01,5.903678929765886352e+01,5.614938684503901811e+01,5.721293199554068565e+01
5.681555555555555515e+01,6.022222222222222143e+01,5.391777777777777203e+01,5.905333333333333456e+01,5.616444444444444173e+01,5.721555555555555372e+01
5.683277962347730039e+01,6.021483942414175061e+01,5.396677740863787420e+01,5.904540420819490976e+01,5.618161683277962481e+01,5.722480620155038622e+01
5.683222958057395147e+01,6.019867549668874318e+01,5.398675496688741759e+01,5.903532008830021738e+01,5.618984547461368351e+01,5.722516556291390799e+01
5.684268426842685074e+01,6.018261826182617824e+01,5.401760176017601367e+01,5.905170517051704593e+01,5.620462046204620776e+01,5.722772277227722526e+01
5.684868421052631504e+01,6.018201754385965074e+01,5.402850877192982182e+01,5.903508771929824661e+01,5.624342105263158231e+01,5.723464912280702066e+01
5.684590163934426243e+01,6.019672131147540739e+01,5.404371584699453024e+01,5.905573770491803032e+01,5.629071038251365877e+01,5.725901639344262151e+01
5.686274509803921262e+01,6.021786492374727828e+01,5.405882352941176805e+01,5.904575163398693149e+01,5.634640522875816515e+01,5.726361655773420267e+01
5.688816503800217106e+01,6.024321389793702508e+01,5.406080347448425272e+01,5.904668838219326688e+01,5.637133550488599099e+01,5.727252985884906877e+01
5.690259740259740795e+01,6.026623376623376771e+01,5.408225108225109068e+01,5.905627705627705382e+01,5.639393939393939803e+01,5.727705627705627478e+01
5.693851132686084071e+01,6.030636461704423112e+01,5.412944983818770339e+01,5.904638619201725902e+01,5.638403451995684890e+01,5.728155339805825719e+01
5.694623655913978411e+01,6.035053763440860308e+01,5.413333333333333286e+01,5.903010752688172147e+01,5.640215053763441233e+01,5.731397849462365457e+01
5.694319399785637614e+01,6.034297963558413613e+01,5.412861736334404839e+01,5.902036441586280802e+01,5.639442658092175975e+01,5.732690246516612831e+01
5.696153846153846700e+01,6.036111111111110716e+01,5.414743589743589780e+01,5.900427350427349893e+01,5.639743589743589780e+01,5.733119658119657913e+01
5.698189563365282595e+01,6.037486687965920851e+01,5.417039403620872662e+01,5.899680511182108944e+01,5.639829605963791437e+01,5.735250266240682038e+01
5.702123142250530918e+01,6.038641188959660155e+01,5.416985138004245925e+01,5.899150743099787775e+01,5.642038216560509056e+01,5.735244161358811255e+01
5.706455026455026314e+01,6.039576719576719910e+01,5.415449735449735158e+01,5.899047619047619406e+01,5.644444444444444997e+01,5.736296296296296759e+01
5.706118143459914904e+01,6.041561181434599348e+01,5.415611814345991348e+01,5.901898734177215289e+01,5.645569620253164800e+01,5.736075949367089066e+01
5.708307045215562425e+01,6.041219768664563361e+01,5.416824395373291168e+01,5.903049421661408758e+01,5.649001051524710704e+01,5.738590956887487238e+01
5.711949685534591481e+01,6.041928721174004124e+01,5.416561844863731778e+01,5.901048218029350068e+01,5.651362683438155443e+01,5.741299790356394084e+01
5.713688610240334498e+01,6.041588296760710364e+01,5.416509926854754298e+01,5.899686520376175736e+01,5.649947753396028816e+01,5.743991640543364241e+01
5.716458333333333286e+01,6.043958333333333854e+01,5.415416666666666146e+01,5.898541666666666572e+01,5.650833333333333286e+01,5.746041666666666714e+01
5.718587746625129853e+01,6.044859813084111977e+01,5.415160955347871408e+01,5.898026998961578471e+01,5.654620976116302700e+01,5.747248182762201196e+01
5.720082815734989623e+01,6.044306418219461818e+01,5.415734989648033348e+01,5.896480331262939956e+01,5.656728778467908825e+01,5.750103519668737562e+01
5.721155830753353655e+01,6.044375644994840258e+01,5.418369453044375206e+01,5.896800825593395246e+01,5.659442724458204310e+01,5.753560371517028216e+01
5.725102880658436533e+01,6.044032921810698866e+01,5.421399176954732724e+01,5.896707818930040901e+01,5.659670781893004232e+01,5.754115226337448519e+01
5.728615384615383732e+01,6.045538461538461661e+01,5.424000000000000199e+01,5.896820512820512761e+01,5.660923076923076991e+01,5.753846153846154010e+01
5.731901840490797184e+01,6.047648261758691035e+01,5.426584867075664675e+01,5.895501022494887167e+01,5.662167689161554307e+01,5.754805725971370123e+01
5.734760448521916487e+01,6.049541284403669295e+01,5.428542303771661892e+01,5.897043832823649012e+01,5.662793068297655452e+01,5.756574923547400857e+01
5.740243902439024737e+01,6.049390243902438868e+01,5.430284552845528623e+01,5.897560975609756184e+01,5.663211382113821202e+01,5.759146341463414842e+01
5.742249240121580556e+01,6.050050658561296757e+01,5.432624113475177552e+01,5.898682877406281477e+01,5.669098277608915737e+01,5.762512664640323834e+01
5.745454545454545325e+01,6.049898989898989754e+01,5.435555555555555429e+01,5.900202020202019781e+01,5.673333333333333428e+01,5.764848484848484844e+01
5.749446122860020125e+01,6.048539778449143967e+01,5.437462235649546471e+01,5.900906344410876159e+01,5.677945619335347516e+01,5.767371601208458998e+01
5.750803212851405988e+01,6.046787148594377470e+01,5.439759036144578630e+01,5.900000000000000000e+01,5.682730923694779079e+01,5.769678714859437463e+01
5.753953953953953970e+01,6.043843843843843899e+01,5.440240240240240155e+01,5.897897897897897934e+01,5.688688688688689155e+01,5.772572572572573080e+01
5.757684630738523168e+01,6.040518962075848464e+01,5.441317365269460993e+01,5.896806387225549173e+01,5.693413173652694326e+01,5.774451097804391253e+01
5.759004975124378234e+01,6.039999999999999858e+01,5.440199004975124097e+01,5.895721393034826008e+01,5.698109452736318303e+01,5.778507462686567209e+01
5.761507936507936023e+01,6.039087301587301226e+01,5.438293650793650613e+01,5.896626984126984183e+01,5.703174603174603163e+01,5.779960317460317754e+01
5.763402571711176847e+01,6.037784371909000924e+01,5.437586547972304629e+01,5.898318496538081490e+01,5.707616221562808789e+01,5.781800197823937282e+01
5.762524654832347437e+01,6.038264299802761315e+01,5.437278106508875908e+01,5.897041420118343069e+01,5.710059171597632854e+01,5.784812623274161325e+01
5.763225172074729841e+01,6.038938053097345460e+01,5.440314650934119811e+01,5.898918387413962705e+01,5.713470993117010721e+01,5.787217305801376455e+01
5.765098039215686754e+01,6.039411764705882746e+01,5.439411764705882746e+01,5.901764705882352757e+01,5.714117647058823479e+01,5.789607843137255117e+01
5.765982404692081786e+01,6.039100684261974550e+01,5.438123167155425364e+01,5.904789833822091794e+01,5.717302052785923649e+01,5.790615835777126108e+01
5.767056530214424726e+01,6.042690058479532667e+01,5.438011695906433118e+01,5.910136452241715688e+01,5.722417153996101291e+01,5.792787524366471530e+01
5.766375121477162224e+01,6.044897959183673208e+01,5.440427599611273024e+01,5.914091350826044646e+01,5.723809523809524080e+01,5.794557823129251517e+01
5.766860465116279499e+01,6.045930232558139039e+01,5.440891472868216994e+01,5.916860465116279499e+01,5.723449612403101128e+01,5.796899224806201545e+01
5.767149758454106490e+01,6.046183574879226796e+01,5.442512077294686179e+01,5.917681159420290271e+01,5.725024154589372216e+01,5.799033816425121302e+01
5.766473988439306453e+01,6.046820809248554696e+01,5.443159922928709449e+01,5.918882466281309718e+01,5.726782273603082984e+01,5.799229287090558671e+01
5.765802113352545888e+01,6.048030739673391309e+01,5.444188280499519550e+01,5.920845341018251418e+01,5.727569644572526641e+01,5.802113352545629255e+01
5.765134099616858521e+01,6.047701149425287781e+01,5.441954022988505812e+01,5.921839080459770344e+01,5.729501915708812021e+01,5.804406130268200315e+01
5.764469914040114418e+01,6.046036294173829617e+01,5.443170964660936306e+01,5.924546322827124811e+01,5.732760267430754197e+01,5.807258834765998046e+01
5.762857142857142634e+01,6.047238095238095212e+01,5.444380952380952010e+01,5.928380952380952351e+01,5.734095238095238045e+01,5.809904761904761727e+01
5.764482431149097863e+01,6.046723646723646794e+01,5.444444444444444287e+01,5.930294396961063796e+01,5.736752136752136977e+01,5.811585944919278290e+01
5.764962121212121104e+01,6.048484848484847731e+01,5.443939393939393767e+01,5.933333333333333570e+01,5.739015151515152269e+01,5.810606060606060908e+01
5.765816808309725872e+01,6.050236071765816348e+01,5.441926345609064697e+01,5.935033050047213976e+01,5.742776203966005966e+01,5.814542020774315034e+01
5.768549905838041525e+01,6.051035781544256054e+01,5.441619585687381999e+01,5.935781544256119702e+01,5.748210922787194477e+01,5.815819209039548099e+01
5.769389671361502536e+01,6.052957746478872991e+01,5.441877934272300621e+01,5.937464788732394538e+01,5.751361502347418053e+01,5.817652582159624330e+01
5.771348314606741781e+01,6.055805243445692554e+01,5.442509363295880576e+01,5.937640449438202239e+01,5.757116104868914164e+01,5.819101123595505243e+01
5.772735760971055186e+01,6.057329598506069601e+01,5.444631185807656237e+01,5.936134453781512832e+01,5.759663865546218631e+01,5.820168067226890685e+01
5.773743016759776481e+01,6.058100558659217683e+01,5.444878957169459710e+01,5.936871508379888240e+01,5.762756052141526908e+01,5.820484171322159739e+01
5.773630454967501890e+01,6.062024141132776123e+01,5.446610956360260047e+01,5.937604456824512056e+01,5.766016713091921986e+01,5.821355617455895981e+01
5.774259259259259380e+01,6.063518518518518619e+01,5.447222222222222143e+01,5.939074074074073906e+01,5.770000000000000284e+01,5.822407407407407476e+01
5.777100646352724311e+01,6.065373961218836740e+01,5.449676823638042578e+01,5.940904893813480925e+01,5.773591874422898940e+01,5.824192059095106089e+01
5.779558011049723376e+01,6.066482504604051940e+01,5.452302025782688588e+01,5.943646408839779127e+01,5.776611418047882296e+01,5.823756906077348106e+01
5.780532598714416537e+01,6.068319559228650206e+01,5.453443526170798350e+01,5.946556473829200939e+01,5.780348943985308097e+01,5.826997245179064322e+01
5.781501831501831390e+01,6.069413919413919700e+01,5.452380952380952550e+01,5.949816849816849640e+01,5.783516483516483930e+01,5.826556776556776640e+01
5.781917808219178312e+01,6.071050228310502206e+01,5.452237442922374555e+01,5.949406392694064039e+01,5.785753424657534083e+01,5.824474885844748684e+01
5.780327868852459261e+01,6.073588342440801569e+01,5.454098360655737565e+01,5.951366120218579425e+01,5.788888888888889284e+01,5.821675774134790515e+01
5.780563124432334376e+01,6.078110808356039740e+01,5.453224341507719686e+01,5.951680290644868165e+01,5.793097184377838715e+01,5.819981834695730782e+01
5.782971014492753881e+01,6.079891304347825809e+01,5.454891304347825809e+01,5.951449275362318758e+01,5.794021739130435122e+01,5.819927536231884346e+01
5.783197831978319670e+01,6.080758807588075854e+01,5.456910569105691167e+01,5.954652213188798271e+01,5.795483288166214919e+01,5.820596205962058889e+01
5.782702702702702879e+01,6.082522522522522479e+01,5.456936936936936888e+01,5.958018018018017870e+01,5.795675675675675365e+01,5.818018018018018012e+01
5.784905660377358316e+01,6.083737646001797117e+01,5.456064690026954622e+01,5.958670260557052956e+01,5.798562443845462155e+01,5.818508535489667821e+01
5.784767025089605852e+01,6.084767025089605852e+01,5.456451612903225623e+01,5.963082437275985370e+01,5.800179211469534124e+01,5.818817204301075208e+01
5.784807864164432090e+01,6.086505808757819125e+01,5.459159964253797881e+01,5.963896336014298072e+01,5.801072386058981323e+01,5.818409294012511168e+01
5.783244206773618146e+01,6.089126559714794951e+01,5.460427807486630769e+01,5.965240641711229586e+01,5.802673796791443550e+01,5.817647058823529704e+01
5.783466666666667066e+01,6.090133333333333354e+01,5.461511111111111205e+01,5.968711111111111478e+01,5.803911111111111154e+01,5.819733333333333292e+01
5.782092198581560183e+01,6.090602836879431692e+01,5.463652482269503707e+01,5.970567375886524530e+01,5.803014184397163433e+01,5.819503546099290503e+01
5.780371352785145689e+01,6.093545534924844986e+01,5.464190981432361127e+01,5.971883289124669147e+01,5.800530503978779961e+01,5.819982316534041189e+01
5.782892416225749344e+01,6.095943562610229094e+01,5.464021164021163912e+01,5.972839506172839208e+01,5.796472663139329740e+01,5.821340388007054401e+01
5.783817062445030643e+01,6.096921723834652340e+01,5.464028144239225782e+01,5.973087071240105672e+01,5.795954265611257483e+01,5.820756376429199719e+01
5.784035087719298218e+01,6.096666666666666856e+01,5.465438596491228651e+01,5.975087719298245759e+01,5.796140350877193015e+01,5.821754385964912615e+01
5.784426946631671029e+01,6.097987751531059075e+01,5.465441819772528476e+01,5.976202974628171205e+01,5.798600174978128052e+01,5.824146981627296782e+01
5.786561954624782089e+01,6.098952879581152331e+01,5.467190226876090975e+01,5.978534031413612837e+01,5.800698080279232016e+01,5.826876090750436532e+01
5.787119234116623545e+01,6.100435161009573903e+01,5.469451697127936995e+01,5.980156657963446065e+01,5.801218450826806361e+01,5.828024369016536355e+01
5.788368055555555713e+01,6.101041666666666430e+01,5.470312500000000000e+01,5.981250000000000000e+01,5.802256944444444287e+01,5.828819444444444997e+01
5.788051948051948159e+01,6.103722943722944194e+01,5.472554112554112749e+01,5.981645021645022098e+01,5.804155844155844335e+01,5.832034632034631727e+01
5.789464594127806407e+01,6.105526770293609218e+01,5.474265975820379992e+01,5.982901554404145372e+01,5.804317789291882690e+01,5.833851468048359123e+01
5.788285960378983930e+01,6.106632213608958182e+01,5.472868217054263340e+01,5.982428940568475184e+01,5.804823428079242120e+01,5.837726098191214419e+01
5.789690721649484573e+01,6.106701030927835205e+01,5.475601374570446467e+01,5.983161512027491113e+01,5.807044673539518698e+01,5.841752577319587658e+01
5.787660668380462425e+01,6.107455012853470322e+01,5.476092544987146482e+01,5.982690659811482448e+01,5.806169665809768787e+01,5.844558697514995771e+01
5.785811965811965507e+01,6.107521367521367495e+01,5.478461538461538538e+01,5.982905982905982967e+01,5.805811965811965791e+01,5.847863247863247693e+01
5.786189258312020911e+01,6.106052855924978928e+01,5.480818414322250476e+01,5.983290707587382684e+01,5.807672634271099810e+01,5.850468883205456194e+01
5.787244897959183731e+01,6.105442176870748483e+01,5.482142857142856940e+01,5.983503401360543705e+01,5.807482993197278631e+01,5.853061224489795933e+01
5.787107718405427903e+01,6.105343511450382010e+01,5.482273112807464344e+01,5.982527565733672503e+01,5.808481764206955233e+01,5.856827820186598643e+01
5.787986463620981681e+01,6.107614213197969377e+01,5.481725888324873353e+01,5.982571912013536064e+01,5.808798646362098594e+01,5.858544839255498715e+01
5.790210970464135443e+01,6.109873417721519218e+01,5.482531645569620338e+01,5.982447257383965677e+01,5.810126582278481067e+01,5.858902953586498086e+01
5.790572390572390304e+01,6.110606060606060908e+01,5.482491582491582705e+01,5.981818181818182012e+01,5.810269360269359851e+01,5.859595959595959869e+01
5.792779177162047688e+01,6.109319899244332674e+01,5.481612090680101090e+01,5.982703610411419248e+01,5.812762384550797634e+01,5.859949622166246996e+01
5.793299832495812041e+01,6.110720268006700451e+01,5.481574539363484178e+01,5.982579564489112300e+01,5.814070351758793720e+01,5.859631490787269570e+01
5.793984962406015171e+01,6.111946532999164816e+01,5.481203007518796966e+01,5.982957393483709296e+01,5.817376775271512201e+01,5.860651629072681601e+01
5.793666666666666742e+01,6.112166666666666970e+01,5.482000000000000028e+01,5.985166666666666657e+01,5.818833333333333258e+01,5.861166666666666458e+01
5.794513715710722579e+01,6.112884455527846939e+01,5.482294264339152079e+01,5.986699916874480465e+01,5.821446384039899868e+01,5.863009143807148860e+01
5.795522388059701768e+01,6.113266998341625680e+01,5.481757877280265490e+01,5.988391376451077974e+01,5.822222222222222143e+01,5.864510779436152887e+01
5.797353184449958974e+01,6.113813068651778337e+01,5.481555004135649511e+01,5.990570719602978045e+01,5.821836228287840953e+01,5.865012406947890611e+01
5.799504950495049371e+01,6.113531353135313395e+01,5.481353135313531766e+01,5.993399339933993275e+01,5.823102310231023182e+01,5.861881188118812247e+01
5.799341563786008180e+01,6.110946502057613117e+01,5.481975308641975175e+01,5.995061728395062062e+01,5.823045267489712273e+01,5.859753086419753032e+01
5.800000000000000000e+01,6.108866995073891815e+01,5.482266009852217081e+01,5.996059113300492527e+01,5.823809523809524080e+01,5.858292282430213760e+01
5.800000000000000000e+01,6.108435708435708023e+01,5.482555282555282616e+01,5.997215397215397559e+01,5.823095823095822965e+01,5.856511056511056523e+01
5.802124183006535674e+01,6.108333333333333570e+01,5.482679738562091387e+01,5.997712418300653781e+01,5.822549019607843235e+01,5.857026143790849204e+01
5.803259983700081648e+01,6.105786471067644783e+01,5.481662591687041441e+01,5.999511002444987895e+01,5.822167889160554211e+01,5.857701711491442609e+01
5.804715447154471519e+01,6.105365853658536679e+01,5.481626016260162970e+01,6.001463414634146432e+01,5.822926829268293147e+01,5.858048780487805374e+01
5.805352798053527863e+01,6.106082725060827698e+01,5.480616382806163500e+01,6.004379562043795460e+01,5.824006488240065238e+01,5.857583130575831376e+01
5.806796116504854410e+01,6.106796116504854410e+01,5.478640776699029402e+01,6.006957928802588498e+01,5.827669902912621325e+01,5.859546925566343134e+01
5.809039548022598609e+01,6.107667473769168964e+01,5.481194511702986460e+01,6.010169491525424235e+01,5.831961259079903215e+01,5.861662631154156600e+01
5.811594202898550776e+01,6.106763285024154442e+01,5.483574879227053600e+01,6.011272141706924543e+01,5.833816425120772919e+01,5.864251207729468263e+01
5.812369477911646243e+01,6.106506024096385232e+01,5.486104417670682665e+01,6.010923694779116744e+01,5.836947791164659094e+01,5.863935742971887777e+01
5.813942307692307310e+01,6.107852564102563520e+01,5.487019230769230660e+01,6.012339743589743790e+01,5.840865384615384670e+01,5.863461538461538680e+01
5.815987210231814686e+01,6.109352517985611541e+01,5.486490807354116583e+01,6.012470023980816336e+01,5.843165467625899367e+01,5.863629096722621625e+01
5.817543859649123306e+01,6.108612440191387805e+01,5.487081339712919004e+01,6.013237639553429403e+01,5.844976076555023781e+01,5.862519936204147086e+01
5.819570405727923657e+01,6.111058074781225002e+01,5.487191726332537911e+01,6.013683373110580987e+01,5.848369132856006303e+01,5.863166268894192967e+01
5.821904761904762182e+01,6.113968253968253919e+01,5.487301587301587347e+01,6.015238095238095184e+01,5.851904761904761898e+01,5.863174603174602595e+01
5.824228028503563337e+01,6.115914489311163749e+01,5.486302454473474910e+01,6.016785431512272453e+01,5.854156769596199439e+01,5.862549485352335665e+01
5.827646129541864184e+01,6.115323854660347536e+01,5.486255924170615828e+01,6.017377567140600547e+01,5.855924170616113855e+01,5.861295418641390143e+01
5.831678486997635957e+01,6.117100078802206298e+01,5.485736800630417775e+01,6.019070133963750635e+01,5.857840819542946775e+01,5.859574468085106247e+01
5.833647798742138235e+01,6.119968553459119676e+01,5.486006289308176065e+01,6.020283018867924341e+01,5.859905660377358316e+01,5.859119496855345943e+01
5.835921568627450995e+01,6.120313725490196077e+01,5.487529411764705856e+01,6.022745098039216316e+01,5.861647058823529477e+01,5.858509803921568704e+01
5.838967136150235149e+01,6.119718309859155170e+01,5.487636932707355442e+01,6.023474178403755985e+01,5.865258215962440858e+01,5.857276995305164746e+01
5.841998438719750197e+01,6.118345042935207090e+01,5.488056206088992894e+01,6.026385636221701958e+01,5.867759562841530396e+01,5.856674473067915443e+01
5.844704049844236238e+01,6.116510903426791401e+01,5.488629283489096622e+01,6.026947040498441766e+01,5.870872274143302150e+01,5.857788161993769194e+01
5.846309246309246532e+01,6.117016317016317117e+01,5.487024087024087038e+01,6.028749028749028582e+01,5.873504273504273954e+01,5.859207459207458868e+01
5.848527131782945787e+01,6.116124031007751682e+01,5.485736434108527249e+01,6.029922480620155056e+01,5.873953488372092835e+01,5.860465116279070230e+01
5.851353441608662109e+01,6.117246713070378661e+01,5.485382830626450357e+01,6.029234338747099997e+01,5.874709976798143884e+01,5.860634184068058516e+01
5.854012345679011986e+01,6.115277777777777857e+01,5.485339506172839208e+01,6.029783950617284205e+01,5.877314814814814525e+01,5.860802469135802539e+01
5.857274826789838329e+01,6.114703618167821730e+01,5.486374133949191645e+01,6.031408775981525139e+01,5.879445727482679018e+01,5.862355658198614350e+01
5.859447004608294662e+01,6.117511520737327402e+01,5.488325652841781732e+01,6.033794162826421115e+01,5.880798771121351365e+01,5.864362519201228707e+01
5.863295019157088461e+01,6.119846743295018854e+01,5.488735632183907853e+01,6.036628352490421179e+01,5.881839080459770486e+01,5.863908045977011341e+01
5.865290519877675735e+01,6.119724770642201861e+01,5.489296636085627057e+01,6.036238532110090915e+01,5.881804281345565499e+01,5.864984709480122405e+01
5.868954996186117512e+01,6.119145690312738139e+01,5.489855072463767982e+01,6.036308161708619480e+01,5.881922196796338653e+01,5.865446224256292851e+01
5.871841704718416821e+01,6.121156773211568236e+01,5.491933028919330440e+01,6.037595129375951331e+01,5.882191780821917604e+01,5.866362252663622456e+01
5.875170842824601181e+01,6.123158694001518398e+01,5.493242217160212704e+01,6.037205770690965068e+01,5.882915717539863465e+01,5.866059225512528030e+01
5.876969696969697310e+01,6.123787878787878469e+01,5.495000000000000284e+01,6.037575757575757507e+01,5.884545454545454390e+01,5.867272727272727195e+01
5.879365079365079083e+01,6.125472411186697030e+01,5.495540438397581795e+01,6.039606953892668173e+01,5.884958427815571014e+01,5.868027210884353906e+01
5.880693815987933704e+01,6.126244343891402622e+01,5.495927601809954410e+01,6.041628959276017952e+01,5.886726998491703711e+01,5.870135746606334948e+01
5.883671933784800245e+01,6.125658389766741863e+01,5.497065462753950271e+01,6.043942814145974296e+01,5.888939051918735856e+01,5.871030850263355916e+01
5.887387387387386894e+01,6.126426426426426275e+01,5.497597597597597741e+01,6.044594594594594383e+01,5.891291291291291543e+01,5.873873873873873919e+01
5.891835205992509117e+01,6.124494382022471939e+01,5.497827715355805367e+01,6.044044943820225058e+01,5.891535580524344340e+01,5.874756554307116119e+01
5.895964125560538349e+01,6.122720478325859261e+01,5.497010463378176581e+01,6.044693572496262846e+01,5.891629297458894143e+01,5.875037369207772997e+01
5.899478001491424095e+01,6.123340790454884086e+01,5.496495152870991774e+01,6.043847874720357538e+01,5.893959731543624514e+01,5.875764354958985791e+01
5.901339285714285410e+01,6.121428571428571530e+01,5.497619047619048160e+01,6.044196428571428470e+01,5.896279761904762040e+01,5.877529761904762040e+01
5.904825538233110649e+01,6.121603563474387499e+01,5.497698589458055096e+01,6.044543429844097915e+01,5.898440979955456243e+01,5.879138827023014358e+01
5.907407407407408328e+01,6.121185185185184707e+01,5.498962962962962564e+01,6.045185185185184906e+01,5.899111111111110972e+01,5.880592592592592638e+01
5.910125646711012593e+01,6.119881744271988566e+01,5.499186991869918728e+01,6.045084996304508707e+01,5.899630450849963381e+01,5.881596452328159330e+01
5.913421828908554545e+01,6.119764011799409786e+01,5.499852507374631472e+01,6.046755162241888115e+01,5.899262536873156648e+01,5.884070796460176922e+01
5.916261957321560061e+01,6.119205298013245198e+01,5.500367917586460464e+01,6.047240618101545095e+01,5.899337748344370880e+01,5.885356880058866835e+01
5.919383259911894868e+01,6.118502202643171728e+01,5.501027900146842597e+01,6.047283406754772273e+01,5.898531571218795477e+01,5.885609397944200083e+01
5.921758241758241326e+01,6.118095238095237676e+01,5.500219780219779864e+01,6.046153846153845990e+01,5.899194139194139552e+01,5.887179487179486870e+01
5.923538011695906391e+01,6.120760233918128534e+01,5.500146198830409361e+01,6.044298245614034926e+01,5.899415204678362556e+01,5.886111111111110716e+01
5.925309992706053919e+01,6.120787746170678645e+01,5.499781181619255932e+01,6.042888402625820277e+01,5.901094091903720340e+01,5.886797957695112871e+01
5.926637554585153111e+01,6.121397379912663439e+01,5.498689956331877227e+01,6.042358078602619997e+01,5.902620087336244126e+01,5.887627365356622988e+01
5.926797385620915293e+01,6.122440087145969301e+01,5.498620188816267529e+01,6.042411038489469632e+01,5.903848946986202151e+01,5.888307915758896627e+01
5.928985507246377296e+01,6.122463768115942173e+01,5.499565217391303662e+01,6.043188405797101126e+01,5.905507246376811281e+01,5.890289855072464320e+01
5.930585683297179855e+01,6.124078091106290600e+01,5.499638467100506034e+01,6.044251626898047647e+01,5.907447577729573140e+01,5.891395516992046311e+01
5.932034632034631727e+01,6.125685425685426111e+01,5.499422799422799812e+01,6.044444444444444287e+01,5.909812409812410294e+01,5.893795093795093720e+01
5.935493160547156322e+01,6.125845932325413656e+01,5.499928005759539218e+01,6.046220302375810007e+01,5.910151187904968140e+01,5.894744420446364330e+01
5.937931034482758719e+01,6.125862068965517437e+01,5.501580459770114828e+01,6.045977011494252906e+01,5.911350574712643891e+01,5.896839080459770344e+01
5.940358422939068106e+01,6.126164874551971451e+01,5.501935483870967403e+01,6.046738351254480648e+01,5.914121863799282863e+01,5.898207885304659470e+01
5.942489270386266043e+01,6.127753934191702712e+01,5.503576537911301614e+01,6.047067238912732279e+01,5.914878397711016333e+01,5.898283261802574629e+01
5.943183440399714357e+01,6.129478943611705688e+01,5.505353319057815753e+01,6.046823697359029381e+01,5.916488222698072974e+01,5.899357601713062138e+01
5.945868945868945588e+01,6.130484330484330258e+01,5.505555555555555713e+01,6.049145299145299504e+01,5.918233618233617932e+01,5.899287749287749705e+01
5.947547974413646443e+01,6.132622601279317820e+01,5.506041222459132456e+01,6.050461975835110451e+01,5.919545131485430289e+01,5.901208244491827060e+01
5.949078014184397745e+01,6.134468085106383484e+01,5.505957446808510269e+01,6.051489361702127923e+01,5.920992907801418426e+01,5.902553191489361950e+01
5.950035385704175184e+01,6.135739561217268090e+01,5.507289455060156058e+01,6.053220099079970851e+01,5.922292993630573221e+01,5.904741684359518672e+01
5.950706214689265039e+01,6.138418079096044977e+01,5.505508474576271283e+01,6.055225988700564699e+01,5.924576271186440835e+01,5.905084745762712117e+01
5.952783650458069076e+01,6.140380549682875255e+01,5.505708245243128829e+01,6.055109231853418095e+01,5.926145172656800497e+01,5.904439746300211311e+01
5.955977496483825462e+01,6.142194092827003971e+01,5.505344585091420839e+01,6.055696202531645866e+01,5.927988748241912731e+01,5.904781997187060227e+01
5.957894736842105488e+01,6.143157894736842195e+01,5.507508771929824576e+01,6.057824561403508312e+01,5.929824561403508909e+01,5.904842105263157492e+01
5.960504201680672764e+01,6.143977591036414765e+01,5.507142857142856940e+01,6.058403361344537785e+01,5.931232492997198591e+01,5.905322128851540953e+01
5.961844863731656119e+01,6.144374563242487852e+01,5.508595387840670554e+01,6.059259259259259522e+01,5.933752620545073597e+01,5.905380852550663917e+01
5.963737796373779787e+01,6.145467224546722207e+01,5.510599721059972467e+01,6.060669456066945315e+01,5.932357043235704452e+01,5.905718270571826878e+01
5.964370215727209512e+01,6.145441892832289454e+01,5.512595685455810468e+01,6.062073764787751884e+01,5.933054975643702278e+01,5.904940848990953128e+01
5.965972222222222143e+01,6.146666666666666146e+01,5.514027777777778283e+01,6.063750000000000284e+01,5.931111111111111001e+01,5.906666666666666998e+01
5.966597366597366658e+01,6.145945945945945965e+01,5.514345114345114496e+01,6.065696465696465367e+01,5.930284130284130129e+01,5.907830907830906852e+01
5.966528354080221419e+01,6.147717842323650927e+01,5.513969571230982325e+01,6.066390041493775698e+01,5.929875518672199064e+01,5.908990318118949148e+01
5.967149758454105779e+01,6.149758454106279970e+01,5.512767425810903887e+01,6.068184955141477133e+01,5.930710835058660990e+01,5.910006901311249550e+01
5.966804407713498648e+01,6.150550964187328162e+01,5.512258953168043973e+01,6.069834710743801764e+01,5.933195592286501352e+01,5.911432506887052085e+01
5.968109965635738945e+01,6.152164948453607707e+01,5.510790378006873169e+01,6.070652920962199772e+01,5.933058419243985782e+01,5.913676975945016778e+01
5.969410150891632583e+01,6.155281207133058530e+01,5.511385459533607900e+01,6.071330589849107895e+01,5.933744855967078280e+01,5.915775034293552892e+01
5.970841889117043166e+01,6.157837097878165622e+01,5.511019849418206462e+01,6.071594798083504685e+01,5.933880903490759806e+01,5.918959616700889370e+01
5.971038251366120164e+01,6.158743169398906758e+01,5.510382513661202353e+01,6.072404371584698879e+01,5.933333333333333570e+01,5.919945355191256908e+01
5.971779141104294553e+01,6.160327198364007728e+01,5.510293115201091041e+01,6.072665303340150444e+01,5.931970006816632690e+01,5.922972051806407734e+01
5.972108843537414913e+01,6.162176870748299251e+01,5.509523809523809490e+01,6.072925170068027256e+01,5.931020408163264790e+01,5.924761904761904674e+01
5.973930753564155083e+01,6.164562118126272594e+01,5.508214528173795088e+01,6.072505091649694720e+01,5.931296673455533153e+01,5.927902240325865790e+01
5.977100271002709775e+01,6.164905149051490696e+01,5.508672086720866901e+01,6.071951219512195053e+01,5.929810298102980681e+01,5.927913279132791757e+01
5.977822853279242565e+01,6.165787694388099993e+01,5.509668695064232935e+01,6.070182555780932887e+01,5.929411764705882604e+01,5.929682217714672277e+01
5.977732793522267229e+01,6.168690958164642524e+01,5.510121457489879049e+01,6.068825910931174406e+01,5.927935222672064697e+01,5.930229419703103844e+01
5.977643097643098002e+01,6.169023569023568854e+01,5.510303030303030170e+01,6.069629629629629619e+01,5.925925925925925952e+01,5.931717171717171766e+01
5.978763440860215184e+01,6.169354838709677580e+01,5.510752688172043179e+01,6.070161290322580783e+01,5.923521505376344010e+01,5.932392473118279952e+01
5.979208584842387353e+01,6.168343393695506194e+01,5.512273641851106731e+01,6.068410462776660097e+01,5.922602280348759507e+01,5.932260228034876093e+01
5.979518072289156549e+01,6.167871485943774701e+01,5.513386880856760541e+01,6.067469879518071707e+01,5.921954484605087288e+01,5.932931726907630576e+01
5.982498329993320141e+01,6.168737474949899990e+01,5.514228456913826903e+01,6.066666666666667140e+01,5.921576486305944798e+01,5.935203740814963425e+01
5.983599999999999852e+01,6.170266666666666566e+01,5.515066666666666606e+01,6.068266666666666964e+01,5.921733333333333604e+01,5.937066666666666492e+01
5.985894876912841056e+01,6.171390552228875492e+01,5.516566866267464775e+01,6.067997338656021356e+01,5.923752495009981089e+01,5.938789088489686918e+01
