ave_fitness	ave_genome_length	ave_tree_depth	ave_tree_nodes	ave_used_codons	best_fitness	gen	invalids	max_genome_length	max_tree_depth	max_tree_nodes	max_used_codons	min_genome_length	min_tree_depth	min_tree_nodes	min_used_codons	runtime_error	time_adjust	time_taken	total_inds	total_time	unique_inds	unused_search	
-inf	33.715	9.5	30.79	22.635	-4.772121575322978	0	0	75	10	72	50	13	9	11	9	0	0	80.12700486183167	200	80.12700486183167	186	7.0	
-inf	36.805	9.892307692307693	27.93846153846154	20.49230769230769	-4.772121575322978	1	135	97	14.0	70.0	49.0	3	9.0	11.0	9.0	0	0	0.843127965927124	400	80.97013282775879	235	41.25	
-inf	33.055	9.961538461538462	24.41025641025641	17.923076923076923	-4.543061583975982	2	257	97	14.0	70.0	49.0	1	9.0	11.0	9.0	0	0	0.8319540023803711	600	81.80208683013916	278	53.66666666666667	
-inf	30.255	10.181818181818182	24.90909090909091	18.262626262626263	-4.431526530440732	3	358	86	15.0	71.0	49.0	6	9.0	11.0	9.0	0	0	0.7063848972320557	800	82.50847172737122	338	57.75	
-inf	28.875	10.15625	24.1640625	17.734375	-4.431526530440732	4	430	78	14.0	71.0	48.0	2	9.0	11.0	9.0	0	0	0.9135501384735107	1000	83.42202186584473	417	58.300000000000004	
-inf	33.64	10.347826086956522	26.3768115942029	19.27536231884058	-4.25940869156444	5	492	73	14.0	63.0	47.0	5	9.0	11.0	9.0	0	0	1.1923577785491943	1200	84.61437964439392	509	57.58333333333333	
-inf	39.45	10.333333333333334	25.244897959183675	18.510204081632654	-4.25940869156444	6	545	83	15.0	75.0	52.0	7	9.0	11.0	9.0	0	0	1.370558261871338	1400	85.98493790626526	620	55.714285714285715	
-inf	45.37	10.47239263803681	27.171779141104295	19.8159509202454	-4.25940869156444	7	582	97	15.0	75.0	52.0	8	9.0	11.0	9.0	0	0	1.8400228023529053	1600	87.82496070861816	745	53.4375	
-inf	46.28	10.557575757575757	28.0	20.303030303030305	-4.25940869156444	8	617	90	15.0	83.0	56.0	9	9.0	11.0	9.0	0	0	1.904567003250122	1800	89.72952771186829	859	52.27777777777778	
-inf	46.165	10.535294117647059	27.341176470588234	19.905882352941177	-4.1168468302026	9	647	92	16.0	100.0	67.0	14	9.0	11.0	9.0	0	0	1.6174750328063965	2000	91.34700274467468	966	51.7	
-inf	45.685	10.575757575757576	27.812121212121212	20.145454545454545	-3.7999767956288	10	682	92	15.0	84.0	57.0	12	9.0	11.0	9.0	0	0	1.7365601062774658	2200	93.08356285095215	1076	51.09090909090909	
-inf	44.185	10.457831325301205	26.53012048192771	19.265060240963855	-3.7999767956288	11	716	99	13.0	79.0	54.0	16	9.0	11.0	9.0	0	0	2.022449016571045	2400	95.1060118675232	1202	49.916666666666664	
-inf	44.33	10.25	25.203488372093023	18.348837209302324	-3.7999767956288	12	744	102	14.0	79.0	54.0	14	9.0	11.0	9.0	0	0	1.6496350765228271	2600	96.75564694404602	1323	49.11538461538461	
-inf	46.03	10.497076023391813	27.321637426900583	19.801169590643276	-3.7999767956288	13	773	97	14.0	75.0	52.0	19	9.0	11.0	9.0	0	0	1.9507169723510742	2800	98.7063639163971	1457	47.964285714285715	
-inf	44.12	10.39877300613497	26.012269938650306	18.96319018404908	-3.6372475569815976	14	810	95	15.0	79.0	54.0	8	9.0	11.0	9.0	0	0	1.6909899711608887	3000	100.39735388755798	1576	47.46666666666667	
-inf	45.545	10.425287356321839	26.850574712643677	19.46551724137931	-3.6372475569815976	15	836	87	15.0	79.0	54.0	9	9.0	11.0	9.0	0	0	3.03572678565979	3200	103.43308067321777	1697	46.96875	
-inf	44.67	10.272189349112425	24.816568047337277	18.153846153846153	-3.6372475569815976	16	867	105	14.0	65.0	45.0	12	9.0	11.0	9.0	0	0	3.2552640438079834	3400	106.68834471702576	1819	46.5	
-inf	45.745	10.395061728395062	26.771604938271604	19.48148148148148	-3.6372475569815976	17	905	119	13.0	76.0	54.0	9	9.0	11.0	9.0	0	0	4.634148120880127	3600	111.32249283790588	1936	46.22222222222222	
-inf	42.965	10.494186046511627	27.377906976744185	19.912790697674417	-3.6372475569815976	18	933	122	14.0	83.0	56.0	11	9.0	11.0	9.0	0	0	2.583681106567383	3800	113.90617394447327	2046	46.15789473684211	
-inf	42.175	10.329411764705883	25.311764705882354	18.55294117647059	-3.6372475569815976	19	963	89	13.0	69.0	49.0	11	9.0	11.0	9.0	0	0	2.0950279235839844	4000	116.00120186805725	2166	45.85	
-inf	41.335	10.30232558139535	25.151162790697676	18.424418604651162	-3.6372475569815976	20	991	84	15.0	78.0	54.0	10	9.0	11.0	9.0	0	0	2.6040871143341064	4200	118.60528898239136	2283	45.64285714285714	
-inf	39.815	10.325301204819278	25.283132530120483	18.566265060240966	-3.6372475569815976	21	1025	88	12.0	53.0	37.0	10	9.0	11.0	9.0	0	0	4.904087781906128	4400	123.50937676429749	2403	45.38636363636363	
-inf	35.205	10.347826086956522	25.267080745341616	18.52173913043478	-3.6372475569815976	22	1064	96	13.0	49.0	36.0	10	9.0	11.0	9.0	0	0	4.746556997299194	4600	128.25593376159668	2513	45.369565217391305	
-inf	34.39	10.147058823529411	23.96470588235294	17.58823529411765	-3.634765554479096	23	1094	75	13.0	48.0	34.0	10	9.0	11.0	9.0	0	0	3.093179941177368	4800	131.34911370277405	2632	45.166666666666664	
-inf	34.03	10.229813664596273	24.546583850931675	18.006211180124225	-3.634765554479096	24	1133	74	13.0	52.0	37.0	5	9.0	11.0	9.0	0	0	2.5246269702911377	5000	133.87374067306519	2733	45.34	
-inf	34.19	10.298780487804878	24.682926829268293	18.170731707317074	-3.5979767217231116	25	1169	70	13.0	53.0	37.0	14	9.0	11.0	9.0	0	0	1.9639370441436768	5200	135.83767771720886	2833	45.51923076923077	
-inf	30.1	10.364779874213836	25.51572327044025	18.67924528301887	-3.5979767217231116	26	1210	72	13.0	55.0	40.0	2	9.0	11.0	9.0	0	0	2.784999132156372	5400	138.62267684936523	2933	45.68518518518518	
-inf	31.265	10.408536585365853	26.079268292682926	19.158536585365855	-3.4676873815665785	27	1246	68	13.0	76.0	56.0	10	9.0	11.0	9.0	0	0	1.4640650749206543	5600	140.0867419242859	3032	45.857142857142854	
-inf	31.305	10.429447852760736	25.165644171779142	18.58282208588957	-3.4676873815665785	28	1283	67	13.0	58.0	43.0	4	9.0	11.0	9.0	0	0	3.397033929824829	5800	143.48377585411072	3133	45.98275862068966	
-inf	31.165	10.099378881987578	22.782608695652176	16.8944099378882	-3.4676873815665785	29	1322	65	12.0	40.0	29.0	3	9.0	11.0	9.0	0	0	1.3551089763641357	6000	144.83888483047485	3224	46.266666666666666	
-inf	32.275	10.27710843373494	24.632530120481928	18.120481927710845	-3.4676873815665785	30	1356	62	12.0	60.0	45.0	13	9.0	11.0	9.0	0	0	1.8618171215057373	6200	146.7007019519806	3324	46.38709677419355	
-inf	32.04	10.272727272727273	24.176136363636363	17.795454545454547	-3.4676873815665785	31	1380	62	13.0	67.0	46.0	6	9.0	11.0	9.0	0	0	1.5750536918640137	6400	148.2757556438446	3437	46.29687500000001	
-inf	31.105	10.273255813953488	24.174418604651162	17.819767441860463	-3.4676873815665785	32	1408	72	12.0	42.0	30.0	8	9.0	11.0	9.0	0	0	2.0006730556488037	6600	150.2764286994934	3550	46.21212121212122	
-inf	31.54	10.26875	23.85625	17.6	-3.4676873815665785	33	1448	86	13.0	58.0	40.0	10	9.0	11.0	9.0	0	0	1.615807056427002	6800	151.8922357559204	3647	46.36764705882352	
-inf	35.295	10.213836477987421	23.41509433962264	17.32075471698113	-3.4676873815665785	34	1489	95	12.0	54.0	40.0	9	9.0	11.0	9.0	0	0	1.7380211353302002	7000	153.6302568912506	3748	46.457142857142856	
-inf	36.445	10.299363057324841	24.719745222929937	18.18471337579618	-3.4676873815665785	35	1532	94	15.0	69.0	48.0	8	9.0	11.0	9.0	0	0	1.7212741374969482	7200	155.35153102874756	3850	46.52777777777778	
-inf	35.915	10.29192546583851	24.217391304347824	17.888198757763973	-3.4676873815665785	36	1571	86	15.0	75.0	52.0	10	9.0	11.0	9.0	0	0	1.7597076892852783	7400	157.11123871803284	3953	46.58108108108108	
-inf	36.065	10.195266272189349	23.63905325443787	17.526627218934912	-3.4676873815665785	37	1602	78	12.0	50.0	37.0	10	9.0	11.0	9.0	0	0	2.0408341884613037	7600	159.15207290649414	4067	46.48684210526316	
-inf	35.845	10.28834355828221	24.503067484662576	18.067484662576685	-3.4676873815665785	38	1639	77	13.0	64.0	47.0	8	9.0	11.0	9.0	0	0	1.4882519245147705	7800	160.6403248310089	4165	46.6025641025641	
-inf	36.945	10.261904761904763	24.410714285714285	17.952380952380953	-3.4676873815665785	39	1671	91	13.0	76.0	55.0	5	9.0	11.0	9.0	0	0	1.7504539489746094	8000	162.39077877998352	4268	46.650000000000006	
-inf	36.165	10.125714285714286	22.994285714285713	16.97714285714286	-3.4676873815665785	40	1696	84	12.0	52.0	37.0	7	9.0	11.0	9.0	0	0	1.5545709133148193	8200	163.94534969329834	4363	46.792682926829265	
-inf	35.85	10.125786163522013	22.144654088050313	16.50314465408805	-3.4676873815665785	41	1737	90	12.0	42.0	30.0	10	9.0	11.0	9.0	0	0	1.5159351825714111	8400	165.46128487586975	4443	47.10714285714286	
-inf	35.32	10.08187134502924	22.216374269005847	16.473684210526315	-3.4676873815665785	42	1766	93	13.0	56.0	39.0	9	9.0	11.0	9.0	0	0	1.5654771327972412	8600	167.026762008667	4536	47.25581395348837	
-inf	35.97	10.160714285714286	22.976190476190474	16.976190476190474	-3.4676873815665785	43	1798	73	12.0	44.0	33.0	9	9.0	11.0	9.0	0	0	2.383342742919922	8800	169.4101047515869	4636	47.31818181818181	
-inf	37.36	10.30722891566265	24.897590361445783	18.259036144578314	-3.4676873815665785	44	1832	84	14.0	61.0	43.0	6	9.0	11.0	9.0	0	0	2.1233460903167725	9000	171.5334508419037	4736	47.37777777777777	
-inf	36.055	10.341317365269461	24.850299401197606	18.251497005988025	-3.4676873815665785	45	1865	84	14.0	66.0	46.0	10	9.0	11.0	9.0	0	0	1.7685871124267578	9200	173.30203795433044	4830	47.5	
-inf	36.905	10.170454545454545	23.53409090909091	17.369318181818183	-3.4676873815665785	46	1889	88	13.0	54.0	38.0	6	9.0	11.0	9.0	0	0	1.6088907718658447	9400	174.9109287261963	4928	47.57446808510638	
-inf	38.09	10.22289156626506	24.066265060240966	17.740963855421686	-3.4676873815665785	47	1923	79	14.0	73.0	55.0	13	9.0	11.0	9.0	0	0	2.0031309127807617	9600	176.91405963897705	5020	47.70833333333333	
-inf	38.08	10.310344827586206	24.735632183908045	18.235632183908045	-3.4676873815665785	48	1949	86	13.0	59.0	44.0	10	9.0	11.0	9.0	0	0	2.1312220096588135	9800	179.04528164863586	5128	47.673469387755105	
-inf	37.895	10.19277108433735	23.728915662650603	17.53614457831325	-3.4676873815665785	49	1983	92	13.0	63.0	47.0	13	9.0	11.0	9.0	0	0	1.833385944366455	10000	180.87866759300232	5221	47.79	
-inf	38.025	10.14723926380368	23.39877300613497	17.380368098159508	-3.4676873815665785	50	2020	100	15.0	113.0	83.0	9	9.0	11.0	9.0	0	0	1.5402171611785889	10200	182.4188847541809	5317	47.872549019607845	
-inf	37.1	10.153846153846153	23.390532544378697	17.27810650887574	-3.4676873815665785	51	2051	77	13.0	49.0	37.0	8	9.0	11.0	9.0	0	0	1.5552430152893066	10400	183.97412776947021	5408	48.0	
-inf	38.19	10.220238095238095	23.851190476190474	17.654761904761905	-3.4676873815665785	52	2083	90	13.0	67.0	49.0	11	9.0	11.0	9.0	0	0	1.9928770065307617	10600	185.96700477600098	5504	48.075471698113205	
-inf	36.78	10.148809523809524	23.541666666666668	17.31547619047619	-3.4676873815665785	53	2115	83	12.0	47.0	34.0	10	9.0	11.0	9.0	0	0	2.0138590335845947	10800	187.98086380958557	5612	48.03703703703703	
-inf	36.435	10.090909090909092	23.133333333333333	17.078787878787878	-3.4676873815665785	54	2150	74	12.0	41.0	30.0	11	9.0	11.0	9.0	0	0	1.345961093902588	11000	189.32682490348816	5698	48.199999999999996	
-inf	35.11	10.195121951219512	23.603658536585368	17.408536585365855	-3.4676873815665785	55	2186	82	13.0	43.0	32.0	4	9.0	11.0	9.0	0	0	1.7110209465026855	11200	191.03784584999084	5784	48.357142857142854	
-inf	33.13	10.166666666666666	23.625	17.357142857142858	-3.4676873815665785	56	2218	74	12.0	40.0	29.0	9	9.0	11.0	9.0	0	0	1.6006770133972168	11400	192.63852286338806	5879	48.429824561403514	
-inf	34.055	10.107784431137725	22.82634730538922	16.892215568862277	-3.4676873815665785	57	2251	74	13.0	47.0	34.0	10	9.0	11.0	9.0	0	0	1.9211759567260742	11600	194.55969882011414	5981	48.4396551724138	
-inf	34.785	10.041420118343195	22.106508875739646	16.366863905325445	-3.4676873815665785	58	2282	77	12.0	48.0	33.0	8	9.0	11.0	9.0	0	0	1.8172049522399902	11800	196.37690377235413	6077	48.5	
-inf	34.575	10.048780487804878	22.45731707317073	16.682926829268293	-3.4676873815665785	59	2318	90	13.0	48.0	35.0	11	9.0	11.0	9.0	0	0	2.7966270446777344	12000	199.17353081703186	6165	48.62499999999999	
-inf	33.72	10.072289156626505	22.69277108433735	16.795180722891565	-3.4676873815665785	60	2352	80	12.0	43.0	31.0	7	9.0	11.0	9.0	0	0	2.4140961170196533	12200	201.5876269340515	6260	48.68852459016394	
-inf	34.395	10.094117647058823	23.470588235294116	17.32941176470588	-3.4676873815665785	61	2382	63	12.0	66.0	50.0	5	9.0	11.0	9.0	0	0	2.7150938510894775	12400	204.302720785141	6354	48.75806451612903	
-inf	36.36	10.138728323699421	23.61849710982659	17.398843930635838	-3.4676873815665785	62	2409	68	13.0	54.0	39.0	14	9.0	11.0	9.0	0	0	2.2743749618530273	12600	206.57709574699402	6452	48.79365079365079	
-inf	37.22	10.221556886227544	23.898203592814372	17.676646706586826	-3.4676873815665785	63	2442	74	14.0	59.0	42.0	9	9.0	11.0	9.0	0	0	1.9285142421722412	12800	208.50560998916626	6543	48.88281249999999	
-inf	36.44	10.148809523809524	23.511904761904763	17.327380952380953	-3.4676873815665785	64	2474	74	12.0	50.0	37.0	12	9.0	11.0	9.0	0	0	2.2975480556488037	13000	210.80315804481506	6633	48.97692307692307	
-inf	37.95	10.066666666666666	22.703030303030303	16.812121212121212	-3.4676873815665785	65	2509	72	13.0	81.0	61.0	8	9.0	11.0	9.0	0	0	1.6963846683502197	13200	212.49954271316528	6733	48.992424242424235	
-inf	37.875	10.023952095808383	22.48502994011976	16.634730538922156	-3.4676873815665785	66	2542	82	12.0	49.0	36.0	8	9.0	11.0	9.0	0	0	2.2222609519958496	13400	214.72180366516113	6828	49.04477611940299	
-inf	36.15	10.070512820512821	22.576923076923077	16.73076923076923	-3.4676873815665785	67	2586	77	12.0	43.0	32.0	8	9.0	11.0	9.0	0	0	1.982574224472046	13600	216.70437788963318	6909	49.1985294117647	
-inf	36.12	10.07361963190184	22.809815950920246	16.901840490797547	-3.4676873815665785	68	2623	81	13.0	58.0	43.0	6	9.0	11.0	9.0	0	0	2.7363619804382324	13800	219.4407398700714	6996	49.30434782608696	
-inf	35.25	10.132183908045977	23.522988505747126	17.310344827586206	-3.4676873815665785	69	2649	79	14.0	64.0	45.0	12	9.0	11.0	9.0	0	0	1.746027946472168	14000	221.18676781654358	7085	49.39285714285714	
-inf	36.475	10.186813186813186	24.214285714285715	17.78021978021978	-3.4676873815665785	70	2667	76	13.0	71.0	53.0	9	9.0	11.0	9.0	0	0	2.1338701248168945	14200	223.32063794136047	7177	49.45774647887325	
-inf	35.245	10.130952380952381	23.398809523809526	17.24404761904762	-3.4676873815665785	71	2699	73	12.0	55.0	40.0	10	9.0	11.0	9.0	0	0	1.3041667938232422	14400	224.62480473518372	7261	49.576388888888886	
-inf	36.035	10.132947976878613	23.196531791907514	17.161849710982658	-3.4676873815665785	72	2726	69	13.0	54.0	38.0	14	9.0	11.0	9.0	0	0	1.316087007522583	14600	225.9408917427063	7352	49.64383561643836	
-inf	35.11	10.248484848484848	24.35151515151515	17.90909090909091	-3.42226926109051	73	2761	72	13.0	54.0	38.0	9	9.0	11.0	9.0	0	0	1.5146710872650146	14800	227.4555628299713	7441	49.72297297297297	
-inf	34.57	10.096045197740112	22.548022598870055	16.694915254237287	-3.42226926109051	74	2784	72	12.0	44.0	32.0	10	9.0	11.0	9.0	0	0	1.8946850299835205	15000	229.35024785995483	7533	49.78	
-inf	35.73	10.073170731707316	22.664634146341463	16.817073170731707	-3.42226926109051	75	2820	78	12.0	43.0	33.0	9	9.0	11.0	9.0	0	0	1.499598741531372	15200	230.8498466014862	7612	49.921052631578945	
-inf	37.355	10.282485875706215	24.774011299435028	18.214689265536723	-3.42226926109051	76	2843	88	14.0	66.0	46.0	12	9.0	11.0	9.0	0	0	2.2954952716827393	15400	233.14534187316895	7711	49.92857142857143	
-inf	37.455	10.325714285714286	24.885714285714286	18.274285714285714	-3.42226926109051	77	2868	93	13.0	63.0	44.0	15	9.0	11.0	9.0	0	0	1.8085830211639404	15600	234.95392489433289	7812	49.92307692307693	
-inf	38.445	10.307692307692308	25.118343195266274	18.579881656804734	-3.42226926109051	78	2899	99	14.0	66.0	46.0	11	9.0	11.0	9.0	0	0	1.8772668838500977	15800	236.83119177818298	7900	50.0	
-inf	37.135	10.352601156069364	25.433526011560694	18.751445086705203	-3.42226926109051	79	2926	85	15.0	73.0	51.0	12	9.0	11.0	9.0	0	0	2.0939700603485107	16000	238.9251618385315	7995	50.03125	
-inf	34.87	10.120481927710843	22.94578313253012	17.03012048192771	-3.42226926109051	80	2960	73	12.0	57.0	44.0	11	9.0	11.0	9.0	0	0	1.5539960861206055	16200	240.4791579246521	8086	50.08641975308642	
-inf	35.79	10.14792899408284	22.94674556213018	16.928994082840237	-3.42226926109051	81	2991	71	12.0	39.0	28.0	5	9.0	11.0	9.0	0	0	1.7587428092956543	16400	242.23790073394775	8180	50.1219512195122	
-inf	38.175	10.202380952380953	23.392857142857142	17.24404761904762	-3.42226926109051	82	3023	73	12.0	46.0	34.0	13	9.0	11.0	9.0	0	0	1.7415080070495605	16600	243.97940874099731	8275	50.15060240963856	
-inf	36.395	10.13855421686747	23.246987951807228	17.156626506024097	-3.42226926109051	83	3057	85	13.0	54.0	41.0	9	9.0	11.0	9.0	0	0	1.6260759830474854	16800	245.6054847240448	8369	50.18452380952381	
-inf	33.875	10.21264367816092	23.95402298850575	17.57471264367816	-3.42226926109051	84	3083	79	12.0	51.0	38.0	8	9.0	11.0	9.0	0	0	1.945350170135498	17000	247.5508348941803	8461	50.22941176470589	
-inf	34.94	10.16	23.537142857142857	17.337142857142858	-3.42226926109051	85	3108	81	12.0	44.0	31.0	10	9.0	11.0	9.0	0	0	1.9781129360198975	17200	249.5289478302002	8558	50.24418604651163	
-inf	35.835	10.24712643678161	23.735632183908045	17.551724137931036	-3.42226926109051	86	3134	78	12.0	51.0	39.0	13	9.0	11.0	9.0	0	0	1.7834088802337646	17400	251.31235671043396	8660	50.229885057471265	
-inf	34.43	10.316455696202532	24.860759493670887	18.335443037974684	-3.42226926109051	87	3176	75	13.0	54.0	38.0	12	9.0	11.0	9.0	0	0	1.3844799995422363	17600	252.6968367099762	8745	50.3125	
-inf	36.21	10.288235294117648	24.86470588235294	18.270588235294117	-3.42226926109051	88	3206	71	12.0	64.0	47.0	7	9.0	11.0	9.0	0	0	3.217689275741577	17800	255.91452598571777	8838	50.348314606741575	
-inf	37.84	10.06060606060606	23.545454545454547	17.363636363636363	-3.42226926109051	89	3241	78	13.0	63.0	47.0	8	9.0	11.0	9.0	0	0	2.9638326168060303	18000	258.8783586025238	8943	50.31666666666666	
-inf	39.845	10.052631578947368	23.228070175438596	17.169590643274855	-3.42226926109051	90	3270	92	13.0	86.0	63.0	9	9.0	11.0	9.0	0	0	1.850992202758789	18200	260.7293508052826	9036	50.35164835164835	
-inf	38.855	10.098265895953757	23.028901734104046	16.98843930635838	-3.42226926109051	91	3297	94	13.0	60.0	43.0	11	9.0	11.0	9.0	0	0	2.306074857711792	18400	263.0354256629944	9135	50.35326086956522	
-inf	35.295	10.146341463414634	23.347560975609756	17.25609756097561	-3.42226926109051	92	3333	91	12.0	49.0	35.0	11	9.0	11.0	9.0	0	0	1.9575753211975098	18600	264.9930009841919	9222	50.41935483870968	
-inf	36.075	10.203592814371257	23.91616766467066	17.652694610778443	-3.42226926109051	93	3366	67	13.0	60.0	45.0	8	9.0	11.0	9.0	0	0	1.4791059494018555	18800	266.47210693359375	9325	50.398936170212764	
-inf	35.32	10.091954022988507	22.56896551724138	16.7183908045977	-3.42226926109051	94	3392	71	12.0	48.0	35.0	13	9.0	11.0	9.0	0	0	1.83921480178833	19000	268.3113217353821	9422	50.410526315789475	
-inf	36.345	10.079268292682928	22.3109756097561	16.53048780487805	-3.42226926109051	95	3428	73	12.0	62.0	44.0	6	9.0	11.0	9.0	0	0	2.0948750972747803	19200	270.40619683265686	9523	50.40104166666667	
-inf	36.06	10.0875	22.20625	16.46875	-3.42226926109051	96	3468	82	13.0	55.0	38.0	14	9.0	11.0	9.0	0	0	2.049938917160034	19400	272.4561357498169	9616	50.43298969072165	
-inf	37.28	10.151685393258427	22.54494382022472	16.713483146067414	-3.42226926109051	97	3490	82	14.0	82.0	59.0	12	9.0	11.0	9.0	0	0	1.9290001392364502	19600	274.38513588905334	9715	50.433673469387756	
-inf	36.32	10.070063694267516	22.414012738853504	16.636942675159236	-3.42226926109051	98	3533	86	12.0	97.0	69.0	9	9.0	11.0	9.0	0	0	1.7100789546966553	19800	276.09521484375	9804	50.484848484848484	
-inf	38.36	10.037267080745341	22.53416149068323	16.633540372670808	-3.42226926109051	99	3572	108	14.0	97.0	69.0	8	9.0	11.0	9.0	0	0	1.2792689800262451	20000	277.37448382377625	9887	50.565	
-inf	38.135	10.085889570552148	23.355828220858896	17.25153374233129	-3.42226926109051	100	3609	124	14.0	98.0	72.0	12	9.0	11.0	9.0	0	0	2.1908681392669678	20200	279.5653519630432	9981	50.58910891089109	
-inf	39.88	10.144508670520231	24.115606936416185	17.728323699421967	-3.42226926109051	101	3636	124	13.0	67.0	47.0	9	9.0	11.0	9.0	0	0	2.3996269702911377	20400	281.96497893333435	10082	50.57843137254902	
-inf	37.635	10.240963855421686	24.987951807228917	18.343373493975903	-3.42226926109051	102	3670	83	13.0	67.0	47.0	8	9.0	11.0	9.0	0	0	1.3767828941345215	20600	283.3417618274689	10166	50.650485436893206	
-inf	37.845	10.325581395348838	24.825581395348838	18.25	-3.42226926109051	103	3698	83	14.0	87.0	61.0	8	9.0	11.0	9.0	0	0	1.8442552089691162	20800	285.186017036438	10259	50.67788461538461	
-inf	36.255	10.2875	24.36875	18.0	-3.42226926109051	104	3738	87	13.0	54.0	41.0	6	9.0	11.0	9.0	0	0	1.6373908519744873	21000	286.8234078884125	10348	50.72380952380953	
-inf	37.085	10.181286549707602	23.64327485380117	17.461988304093566	-3.42226926109051	105	3767	88	13.0	81.0	59.0	6	9.0	11.0	9.0	0	0	2.272922992706299	21200	289.0963308811188	10441	50.75	
-inf	35.305	10.136363636363637	23.068181818181817	17.079545454545453	-3.42226926109051	106	3791	85	13.0	64.0	47.0	10	9.0	11.0	9.0	0	0	1.82142972946167	21400	290.91776061058044	10536	50.76635514018692	
-inf	38.345	10.215116279069768	23.313953488372093	17.27906976744186	-3.42226926109051	107	3819	83	14.0	65.0	45.0	3	9.0	11.0	9.0	0	0	2.6995081901550293	21600	293.6172688007355	10626	50.80555555555556	
-inf	39.05	10.175757575757576	22.933333333333334	17.01818181818182	-3.42226926109051	108	3854	81	13.0	60.0	43.0	16	9.0	11.0	9.0	0	0	2.345766067504883	21800	295.96303486824036	10709	50.87614678899083	
-inf	38.835	10.324022346368714	24.787709497206706	18.256983240223462	-3.42226926109051	109	3875	75	14.0	64.0	45.0	12	9.0	11.0	9.0	0	0	2.028885841369629	22000	297.99192070961	10799	50.913636363636364	
-inf	37.54	10.238636363636363	24.301136363636363	17.880681818181817	-3.42226926109051	110	3899	83	14.0	75.0	54.0	14	9.0	11.0	9.0	0	0	1.7566101551055908	22200	299.7485308647156	10893	50.932432432432435	
-inf	35.59	10.109826589595375	22.826589595375722	16.90751445086705	-3.42226926109051	111	3926	100	14.0	70.0	52.0	13	9.0	11.0	9.0	0	0	2.1126978397369385	22400	301.8612287044525	10981	50.97767857142857	
-inf	34.775	10.10828025477707	23.101910828025478	17.076433121019107	-3.42226926109051	112	3969	70	12.0	46.0	35.0	8	9.0	11.0	9.0	0	0	1.7499990463256836	22600	303.6112277507782	11064	51.04424778761062	
-inf	35.43	10.09142857142857	23.228571428571428	17.205714285714286	-3.42226926109051	113	3994	71	14.0	63.0	44.0	13	9.0	11.0	9.0	0	0	2.5071921348571777	22800	306.1184198856354	11157	51.065789473684205	
-inf	35.28	10.034883720930232	22.46511627906977	16.674418604651162	-3.42226926109051	114	4022	74	14.0	68.0	52.0	9	9.0	11.0	9.0	0	0	0.8241539001464844	23000	306.94257378578186	11230	51.17391304347826	
-inf	34.48	10.132530120481928	23.210843373493976	17.186746987951807	-3.42226926109051	115	4056	87	14.0	68.0	52.0	3	9.0	11.0	9.0	0	0	1.7723078727722168	23200	308.7148816585541	11317	51.2198275862069	
-inf	34.455	10.08641975308642	23.339506172839506	17.19753086419753	-3.42226926109051	116	4094	92	12.0	49.0	35.0	6	9.0	11.0	9.0	0	0	1.7208712100982666	23400	310.43575286865234	11407	51.25213675213675	
-inf	34.94	10.171597633136095	24.023668639053255	17.692307692307693	-3.42226926109051	117	4125	67	14.0	76.0	55.0	11	9.0	11.0	9.0	0	0	1.996194839477539	23600	312.4319477081299	11494	51.29661016949152	
-inf	35.175	10.147727272727273	23.585227272727273	17.426136363636363	-3.42226926109051	118	4149	80	14.0	76.0	55.0	4	9.0	11.0	9.0	0	0	2.4087510108947754	23800	314.84069871902466	11569	51.390756302521005	
-inf	37.34	10.142011834319527	23.284023668639055	17.118343195266274	-3.42226926109051	119	4180	79	13.0	49.0	35.0	8	9.0	11.0	9.0	0	0	2.306920051574707	24000	317.14761877059937	11650	51.458333333333336	
-inf	37.45	10.11046511627907	23.180232558139537	17.098837209302324	-3.42226926109051	120	4208	80	13.0	69.0	51.0	13	9.0	11.0	9.0	0	0	1.9488110542297363	24200	319.0964298248291	11743	51.47520661157024	
-inf	36.7	10.220930232558139	24.27906976744186	17.877906976744185	-3.42226926109051	121	4236	81	13.0	58.0	42.0	16	9.0	11.0	9.0	0	0	2.4285709857940674	24400	321.52500081062317	11835	51.49590163934426	
-inf	34.425	10.120481927710843	23.59036144578313	17.427710843373493	-3.42226926109051	122	4270	88	13.0	72.0	52.0	8	9.0	11.0	9.0	0	0	1.939467191696167	24600	323.46446800231934	11908	51.59349593495935	
-inf	34.475	10.052023121387283	22.53179190751445	16.728323699421967	-3.42226926109051	123	4297	76	13.0	49.0	35.0	11	9.0	11.0	9.0	0	0	3.03629469871521	24800	326.50076270103455	11979	51.69758064516129	
-inf	35.895	10.248587570621469	24.242937853107346	17.93220338983051	-3.42226926109051	124	4320	65	13.0	51.0	36.0	15	9.0	11.0	9.0	0	0	3.4722580909729004	25000	329.97302079200745	12084	51.664	
-inf	36.0	10.26923076923077	24.763736263736263	18.181318681318682	-3.42226926109051	125	4338	61	14.0	69.0	49.0	16	9.0	11.0	9.0	0	0	2.596977949142456	25200	332.5699987411499	12179	51.670634920634924	
-inf	35.4	10.24	24.588571428571427	18.062857142857144	-3.42226926109051	126	4363	62	12.0	53.0	38.0	12	9.0	11.0	9.0	0	0	2.893228054046631	25400	335.46322679519653	12267	51.70472440944882	
-inf	32.985	10.251497005988025	24.568862275449103	18.065868263473053	-3.42226926109051	127	4396	61	12.0	54.0	39.0	11	9.0	11.0	9.0	0	0	3.1455860137939453	25600	338.6088128089905	12349	51.76171875	
-inf	33.61	10.185185185185185	23.833333333333332	17.574074074074073	-3.42226926109051	128	4434	66	13.0	50.0	37.0	6	9.0	11.0	9.0	0	0	1.7008559703826904	25800	340.30966877937317	12419	51.86434108527132	
-inf	33.875	10.201183431952662	24.011834319526628	17.72189349112426	-3.42226926109051	129	4465	68	13.0	51.0	37.0	12	9.0	11.0	9.0	0	0	3.063822031021118	26000	343.3734908103943	12517	51.85769230769231	
-inf	34.425	10.177914110429448	23.42331288343558	17.282208588957054	-3.42226926109051	130	4502	72	16.0	92.0	63.0	5	9.0	11.0	9.0	0	0	3.1641008853912354	26200	346.5375916957855	12600	51.908396946564885	
-inf	34.605	10.32716049382716	24.08641975308642	17.765432098765434	-3.42226926109051	131	4540	76	13.0	49.0	35.0	10	9.0	11.0	9.0	0	0	2.3028621673583984	26400	348.8404538631439	12685	51.95075757575758	
-inf	37.555	10.294117647058824	24.03529411764706	17.741176470588236	-3.42226926109051	132	4570	86	14.0	59.0	42.0	2	9.0	11.0	9.0	0	0	2.142751932144165	26600	350.9832057952881	12773	51.98120300751879	
-inf	38.37	10.426900584795321	25.736842105263158	18.970760233918128	-3.42226926109051	133	4599	86	14.0	70.0	50.0	10	9.0	11.0	9.0	0	0	2.8134000301361084	26800	353.7966058254242	12857	52.026119402985074	
-inf	37.615	10.375	25.416666666666668	18.68452380952381	-3.42226926109051	134	4631	76	14.0	70.0	48.0	9	9.0	11.0	9.0	0	0	1.7652199268341064	27000	355.5618257522583	12957	52.01111111111111	
-inf	37.51	10.377245508982035	25.508982035928145	18.766467065868262	-3.42226926109051	135	4664	83	14.0	63.0	44.0	4	9.0	11.0	9.0	0	0	2.347666025161743	27200	357.90949177742004	13044	52.044117647058826	
-inf	39.04	10.421052631578947	26.05263157894737	19.204678362573098	-3.42226926109051	136	4693	87	14.0	63.0	44.0	6	9.0	11.0	9.0	0	0	5.699371099472046	27400	363.6088628768921	13140	52.043795620437955	
-inf	39.535	10.353293413173652	25.580838323353294	18.838323353293415	-3.42226926109051	137	4726	99	13.0	62.0	46.0	12	9.0	11.0	9.0	0	0	2.2581849098205566	27600	365.86704778671265	13222	52.094202898550726	
-inf	43.89	10.50909090909091	27.884848484848487	20.46060606060606	-3.42226926109051	138	4761	101	14.0	74.0	53.0	9	9.0	11.0	9.0	0	0	2.794581174850464	27800	368.6616289615631	13327	52.06115107913669	
-inf	44.165	10.54913294797688	27.46820809248555	20.15606936416185	-3.42226926109051	139	4788	110	13.0	72.0	52.0	16	9.0	11.0	9.0	0	0	2.348611831665039	28000	371.01024079322815	13424	52.05714285714286	
-inf	47.595	10.402234636871508	26.1731843575419	19.201117318435752	-3.42226926109051	140	4809	116	14.0	72.0	52.0	5	9.0	11.0	9.0	0	0	1.9163899421691895	28200	372.92663073539734	13531	52.0177304964539	
-inf	42.23	10.319767441860465	24.587209302325583	18.151162790697676	-3.42226926109051	141	4837	112	16.0	99.0	71.0	14	9.0	11.0	9.0	0	0	2.633466958999634	28400	375.560097694397	13621	52.0387323943662	
-inf	41.295	10.272727272727273	24.630681818181817	18.130681818181817	-3.42226926109051	142	4861	105	14.0	64.0	46.0	9	9.0	11.0	9.0	0	0	3.5989291667938232	28600	379.1590268611908	13729	51.9965034965035	
-inf	39.815	10.232954545454545	24.267045454545453	17.9375	-3.42226926109051	143	4885	90	14.0	81.0	57.0	17	9.0	11.0	9.0	0	0	2.5280609130859375	28800	381.68708777427673	13828	51.986111111111114	
-inf	38.445	10.195530726256983	24.46927374301676	18.06145251396648	-3.42226926109051	144	4906	83	13.0	64.0	46.0	12	9.0	11.0	9.0	0	0	3.5545010566711426	29000	385.2415888309479	13912	52.02758620689655	
-inf	37.395	10.202380952380953	24.00595238095238	17.714285714285715	-3.42226926109051	145	4938	76	13.0	64.0	46.0	11	9.0	11.0	9.0	0	0	4.043734073638916	29200	389.2853229045868	14006	52.034246575342465	
-inf	36.74	10.089285714285714	23.345238095238095	17.196428571428573	-3.42226926109051	146	4970	76	12.0	58.0	43.0	11	9.0	11.0	9.0	0	0	2.7243058681488037	29400	392.0096287727356	14100	52.04081632653062	
-inf	37.555	10.141104294478527	23.650306748466257	17.43558282208589	-3.42226926109051	147	5007	82	13.0	71.0	54.0	10	9.0	11.0	9.0	0	0	2.0400540828704834	29600	394.0496828556061	14185	52.0777027027027	
-inf	36.345	10.166666666666666	24.011494252873565	17.649425287356323	-3.42226926109051	148	5033	92	13.0	59.0	41.0	12	9.0	11.0	9.0	0	0	2.8535149097442627	29800	396.90319776535034	14270	52.11409395973155	
-inf	37.1	10.274390243902438	24.652439024390244	18.109756097560975	-3.42226926109051	149	5069	84	13.0	51.0	36.0	3	9.0	11.0	9.0	0	0	2.5334300994873047	30000	399.43662786483765	14357	52.14333333333334	
-inf	35.425	10.125748502994012	23.305389221556887	17.18562874251497	-3.42226926109051	150	5102	76	13.0	55.0	38.0	11	9.0	11.0	9.0	0	0	1.7766480445861816	30200	401.2132759094238	14444	52.17218543046357	
-inf	35.0	10.074712643678161	23.103448275862068	17.051724137931036	-3.42226926109051	151	5128	67	12.0	50.0	34.0	5	9.0	11.0	9.0	0	0	2.0908918380737305	30400	403.30416774749756	14534	52.19078947368421	
-inf	35.76	10.2874251497006	24.568862275449103	18.101796407185628	-3.42226926109051	152	5161	82	14.0	74.0	55.0	12	9.0	11.0	9.0	0	0	1.3367910385131836	30600	404.64095878601074	14612	52.248366013071895	
-inf	36.02	10.375	25.339285714285715	18.642857142857142	-3.42226926109051	153	5193	82	13.0	60.0	41.0	8	9.0	11.0	9.0	0	0	2.7485201358795166	30800	407.38947892189026	14702	52.26623376623377	
-inf	35.31	10.205714285714286	23.771428571428572	17.582857142857144	-3.42226926109051	154	5218	80	13.0	49.0	35.0	8	9.0	11.0	9.0	0	0	2.5485949516296387	31000	409.9380738735199	14795	52.274193548387096	
-inf	34.895	10.224137931034482	23.54022988505747	17.43103448275862	-3.42226926109051	155	5244	92	13.0	44.0	32.0	13	9.0	11.0	9.0	0	0	2.737618923187256	31200	412.67569279670715	14886	52.28846153846154	
-inf	34.705	10.254437869822485	24.437869822485208	18.047337278106507	-3.42226926109051	156	5275	66	14.0	63.0	44.0	13	9.0	11.0	9.0	0	0	2.117130994796753	31400	414.7928237915039	14973	52.31528662420382	
-inf	35.35	10.222222222222221	23.77777777777778	17.537037037037038	-3.42226926109051	157	5313	61	13.0	56.0	39.0	13	9.0	11.0	9.0	0	0	1.7499239444732666	31600	416.5427477359772	15060	52.34177215189874	
-inf	35.39	10.323529411764707	23.99411764705882	17.758823529411764	-3.42226926109051	158	5343	62	13.0	58.0	42.0	10	9.0	11.0	9.0	0	0	2.4206039905548096	31800	418.963351726532	15152	52.35220125786164	
-inf	36.905	10.31791907514451	24.057803468208093	17.820809248554912	-3.42226926109051	159	5370	70	13.0	54.0	38.0	12	9.0	11.0	9.0	0	0	2.194545269012451	32000	421.15789699554443	15254	52.331250000000004	
-inf	35.16	10.30232558139535	24.662790697674417	18.186046511627907	-3.42226926109051	160	5398	71	14.0	66.0	48.0	6	9.0	11.0	9.0	0	0	1.503777027130127	32200	422.66167402267456	15337	52.369565217391305	
-inf	35.05	10.294797687861271	24.485549132947977	18.01156069364162	-3.42226926109051	161	5425	77	14.0	61.0	42.0	7	9.0	11.0	9.0	0	0	1.9617197513580322	32400	424.6233937740326	15429	52.37962962962963	
-inf	34.17	10.23391812865497	23.473684210526315	17.34502923976608	-3.42226926109051	162	5454	68	12.0	53.0	39.0	14	9.0	11.0	9.0	0	0	2.2799830436706543	32600	426.90337681770325	15521	52.38957055214724	
-inf	33.98	10.15028901734104	22.976878612716764	17.023121387283236	-3.42226926109051	163	5481	70	12.0	74.0	54.0	10	9.0	11.0	9.0	0	0	2.1809639930725098	32800	429.08434081077576	15614	52.396341463414636	
-inf	34.59	10.19774011299435	23.016949152542374	17.073446327683616	-3.42226926109051	164	5504	73	13.0	51.0	36.0	13	9.0	11.0	9.0	0	0	1.9404199123382568	33000	431.024760723114	15703	52.415151515151514	
-inf	34.225	10.279761904761905	23.928571428571427	17.720238095238095	-3.42226926109051	165	5536	70	13.0	56.0	41.0	7	9.0	11.0	9.0	0	0	1.2838990688323975	33200	432.3086597919464	15776	52.48192771084337	
-inf	33.455	10.029940119760479	22.2874251497006	16.526946107784433	-3.42226926109051	166	5569	76	12.0	55.0	40.0	6	9.0	11.0	9.0	0	0	1.593351125717163	33400	433.9020109176636	15860	52.51497005988024	
-inf	34.12	10.151898734177216	23.246835443037973	17.234177215189874	-3.42226926109051	167	5611	87	13.0	56.0	42.0	3	9.0	11.0	9.0	0	0	1.626114845275879	33600	435.52812576293945	15946	52.541666666666664	
-inf	37.435	10.144654088050315	24.358490566037737	17.962264150943398	-3.42226926109051	168	5652	93	14.0	68.0	47.0	2	9.0	11.0	9.0	0	0	2.2764759063720703	33800	437.8046016693115	16036	52.55621301775148	
-inf	37.655	10.212121212121213	24.842424242424244	18.303030303030305	-3.42226926109051	169	5687	87	14.0	68.0	47.0	12	9.0	11.0	9.0	0	0	1.8178491592407227	34000	439.62245082855225	16135	52.544117647058826	
-inf	39.19	10.267441860465116	25.063953488372093	18.482558139534884	-3.42226926109051	170	5715	71	13.0	75.0	53.0	4	9.0	11.0	9.0	0	0	1.484036922454834	34200	441.1064877510071	16234	52.53216374269006	
-inf	38.175	10.313953488372093	26.186046511627907	19.21511627906977	-3.42226926109051	171	5743	83	14.0	75.0	53.0	7	9.0	11.0	9.0	0	0	1.5619900226593018	34400	442.6684777736664	16333	52.520348837209305	
-inf	39.24	10.302857142857142	24.85142857142857	18.268571428571427	-3.42226926109051	172	5768	71	13.0	61.0	45.0	11	9.0	11.0	9.0	0	0	2.135140895843506	34600	444.8036186695099	16433	52.505780346820806	
-inf	40.05	10.410714285714286	25.86904761904762	18.958333333333332	-3.42226926109051	173	5800	76	12.0	46.0	32.0	13	9.0	11.0	9.0	0	0	1.2742700576782227	34800	446.0778887271881	16507	52.56609195402299	
-inf	38.635	10.43956043956044	25.873626373626372	18.956043956043956	-3.42226926109051	174	5818	81	15.0	69.0	49.0	13	9.0	11.0	9.0	0	0	1.5923941135406494	35000	447.67028284072876	16606	52.55428571428571	
-inf	37.06	10.333333333333334	25.053571428571427	18.398809523809526	-3.42226926109051	175	5850	81	13.0	58.0	40.0	11	9.0	11.0	9.0	0	0	1.6481571197509766	35200	449.31843996047974	16681	52.61079545454545	
-inf	38.285	10.278409090909092	24.795454545454547	18.238636363636363	-3.42226926109051	176	5874	76	13.0	56.0	42.0	15	9.0	11.0	9.0	0	0	2.272592782974243	35400	451.591032743454	16787	52.57909604519774	
-inf	39.475	10.38953488372093	25.313953488372093	18.63953488372093	-3.42226926109051	177	5902	77	14.0	82.0	58.0	11	9.0	11.0	9.0	0	0	2.0838918685913086	35600	453.6749246120453	16871	52.609550561797754	
-inf	39.64	10.36875	24.475	18.025	-3.42226926109051	178	5942	80	12.0	48.0	33.0	15	9.0	11.0	9.0	0	0	3.3936362266540527	35800	457.06856083869934	16962	52.62011173184358	
-inf	37.965	10.284023668639053	25.13609467455621	18.485207100591715	-3.42226926109051	179	5973	78	12.0	67.0	46.0	13	9.0	11.0	9.0	0	0	2.1609420776367188	36000	459.22950291633606	17054	52.62777777777778	
-inf	41.09	10.450292397660819	26.380116959064328	19.333333333333332	-3.42226926109051	180	6002	86	17.0	97.0	67.0	13	9.0	11.0	9.0	0	0	1.6802151203155518	36200	460.9097180366516	17148	52.629834254143645	
-inf	40.36	10.149425287356323	23.982758620689655	17.649425287356323	-3.42226926109051	181	6028	89	14.0	85.0	60.0	15	9.0	11.0	9.0	0	0	2.682985782623291	36400	463.5927038192749	17224	52.681318681318686	
-inf	41.71	10.209039548022599	24.44632768361582	18.01129943502825	-3.42226926109051	182	6051	91	14.0	74.0	53.0	11	9.0	11.0	9.0	0	0	2.665415048599243	36600	466.25811886787415	17323	52.669398907103826	
-inf	42.535	10.089285714285714	22.720238095238095	16.851190476190474	-3.42226926109051	183	6083	100	14.0	65.0	45.0	8	9.0	11.0	9.0	0	0	1.9545538425445557	36800	468.2126727104187	17400	52.71739130434783	
-inf	40.81	10.22289156626506	24.07831325301205	17.759036144578314	-3.42226926109051	184	6117	90	14.0	95.0	69.0	8	9.0	11.0	9.0	0	0	1.941025972366333	37000	470.15369868278503	17477	52.76486486486486	
-inf	39.59	10.273743016759777	24.12849162011173	17.776536312849164	-3.42226926109051	185	6138	90	14.0	61.0	42.0	13	9.0	11.0	9.0	0	0	2.4641740322113037	37200	472.61787271499634	17563	52.78763440860215	
-inf	39.27	10.391812865497077	25.497076023391813	18.64327485380117	-3.42226926109051	186	6167	101	14.0	61.0	42.0	8	9.0	11.0	9.0	0	0	1.603327989578247	37400	474.2212007045746	17647	52.81550802139037	
-inf	39.3	10.444444444444445	25.07777777777778	18.433333333333334	-3.42226926109051	187	6187	87	14.0	61.0	42.0	11	9.0	11.0	9.0	0	0	1.5400910377502441	37600	475.76129174232483	17731	52.84308510638298	
-inf	39.68	10.377245508982035	24.904191616766468	18.35928143712575	-3.42226926109051	188	6220	98	14.0	64.0	45.0	7	9.0	11.0	9.0	0	0	1.3221659660339355	37800	477.08345770835876	17800	52.91005291005291	
-inf	39.01	10.512048192771084	26.30722891566265	19.325301204819276	-3.42226926109051	189	6254	98	13.0	70.0	50.0	7	9.0	11.0	9.0	0	0	1.6125879287719727	38000	478.69604563713074	17892	52.915789473684214	
-inf	43.495	10.517857142857142	26.857142857142858	19.68452380952381	-3.42226926109051	190	6286	104	15.0	102.0	73.0	5	9.0	11.0	9.0	0	0	2.1684300899505615	38200	480.8644757270813	17987	52.91361256544503	
-inf	40.56	10.409356725146198	25.29824561403509	18.573099415204677	-3.42226926109051	191	6315	106	15.0	80.0	56.0	14	9.0	11.0	9.0	0	0	1.7085299491882324	38400	482.57300567626953	18064	52.958333333333336	
-inf	39.85	10.291428571428572	24.222857142857144	17.834285714285713	-3.42226926109051	192	6340	113	13.0	73.0	51.0	10	9.0	11.0	9.0	0	0	1.4194841384887695	38600	483.9924898147583	18150	52.979274611398964	
-inf	40.185	10.23391812865497	24.029239766081872	17.748538011695906	-3.42226926109051	193	6369	100	13.0	77.0	55.0	10	9.0	11.0	9.0	0	0	1.4818899631500244	38800	485.4743797779083	18228	53.02061855670103	
-inf	41.17	10.210227272727273	24.625	18.198863636363637	-3.42226926109051	194	6393	108	15.0	67.0	49.0	15	9.0	11.0	9.0	0	0	1.9694020748138428	39000	487.44378185272217	18313	53.04358974358974	
-inf	43.865	10.293785310734464	24.80225988700565	18.259887005649716	-3.42226926109051	195	6416	108	15.0	69.0	49.0	5	9.0	11.0	9.0	0	0	2.4719250202178955	39200	489.91570687294006	18392	53.08163265306122	
-inf	46.86	10.423529411764706	26.529411764705884	19.49411764705882	-3.42226926109051	196	6446	128	16.0	81.0	56.0	5	9.0	11.0	9.0	0	0	3.133063793182373	39400	493.04877066612244	18467	53.129441624365484	
-inf	47.79	10.576923076923077	27.021978021978022	19.802197802197803	-3.42226926109051	197	6464	128	16.0	87.0	60.0	10	9.0	11.0	9.0	0	0	4.680643081665039	39600	497.7294137477875	18552	53.15151515151515	
-inf	44.945	10.531791907514451	26.583815028901736	19.479768786127167	-3.42226926109051	198	6491	119	16.0	81.0	56.0	10	9.0	11.0	9.0	0	0	2.732659101486206	39800	500.4620728492737	18637	53.17336683417086	
-inf	44.335	10.482954545454545	26.59090909090909	19.482954545454547	-3.42226926109051	199	6515	133	16.0	111.0	83.0	8	9.0	11.0	9.0	0	0	1.372305154800415	40000	501.8343780040741	18725	53.1875	
-inf	44.525	10.35593220338983	24.74576271186441	18.1864406779661	-3.42226926109051	200	6538	146	16.0	95.0	68.0	10	9.0	11.0	9.0	0	0	3.0349550247192383	40200	504.86933302879333	18814	53.199004975124375	
-inf	43.855	10.418604651162791	25.47093023255814	18.738372093023255	-3.42226926109051	201	6566	147	12.0	58.0	45.0	4	9.0	11.0	9.0	0	0	2.5199029445648193	40400	507.38923597335815	18907	53.20049504950495	
-inf	43.505	10.291428571428572	24.17142857142857	17.942857142857143	-3.42226926109051	202	6591	133	15.0	73.0	55.0	15	9.0	11.0	9.0	0	0	2.8681609630584717	40600	510.2573969364166	18990	53.22660098522167	
-inf	41.795	10.283132530120483	24.512048192771083	18.156626506024097	-3.42226926109051	203	6625	135	13.0	88.0	65.0	8	9.0	11.0	9.0	0	0	2.0650699138641357	40800	512.3224668502808	19066	53.26960784313726	
-inf	40.86	10.337349397590362	24.981927710843372	18.50602409638554	-3.42226926109051	204	6659	96	14.0	84.0	61.0	9	9.0	11.0	9.0	0	0	2.5879759788513184	41000	514.9104428291321	19154	53.28292682926829	
-inf	41.525	10.354285714285714	24.86857142857143	18.34857142857143	-3.42226926109051	205	6684	102	13.0	49.0	35.0	10	9.0	11.0	9.0	0	0	2.2492871284484863	41200	517.1597299575806	19240	53.300970873786405	
-inf	38.515	10.213872832369942	23.982658959537574	17.739884393063583	-3.42226926109051	206	6711	99	13.0	62.0	47.0	9	9.0	11.0	9.0	0	0	2.309103012084961	41400	519.4688329696655	19327	53.31642512077295	
-inf	36.685	10.212903225806452	23.980645161290322	17.729032258064517	-3.42226926109051	207	6756	99	12.0	41.0	30.0	10	9.0	11.0	9.0	0	0	1.639685869216919	41600	521.1085188388824	19409	53.34375	
-inf	35.235	10.24705882352941	24.25294117647059	17.847058823529412	-3.42226926109051	208	6786	96	13.0	53.0	37.0	12	9.0	11.0	9.0	0	0	1.8046541213989258	41800	522.9131729602814	19492	53.36842105263158	
-inf	36.36	10.252808988764045	24.685393258426966	18.185393258426966	-3.42226926109051	209	6808	78	14.0	71.0	51.0	8	9.0	11.0	9.0	0	0	1.8072819709777832	42000	524.7204549312592	19573	53.39761904761905	
-inf	37.04	10.25	24.38095238095238	17.964285714285715	-3.42226926109051	210	6840	90	13.0	54.0	40.0	10	9.0	11.0	9.0	0	0	1.8975160121917725	42200	526.6179709434509	19651	53.43364928909953	
-inf	34.99	10.374193548387098	25.72258064516129	19.006451612903227	-3.42226926109051	211	6885	77	13.0	69.0	49.0	9	9.0	11.0	9.0	0	0	1.4528489112854004	42400	528.0708198547363	19726	53.47641509433962	
-inf	35.41	10.41358024691358	26.703703703703702	19.666666666666668	-3.42226926109051	212	6923	77	15.0	87.0	64.0	4	9.0	11.0	9.0	0	0	1.687053918838501	42600	529.7578737735748	19808	53.502347417840376	
-inf	34.53	10.241176470588234	25.205882352941178	18.529411764705884	-3.42226926109051	213	6953	77	13.0	71.0	49.0	6	9.0	11.0	9.0	0	0	1.8484959602355957	42800	531.6063697338104	19886	53.53738317757009	
-inf	36.36	10.367816091954023	25.522988505747126	18.804597701149426	-3.42226926109051	214	6979	75	13.0	69.0	49.0	7	9.0	11.0	9.0	0	0	1.9932560920715332	43000	533.599625825882	19983	53.52790697674419	
-inf	35.77	10.329192546583851	25.018633540372672	18.47826086956522	-3.42226926109051	215	7018	74	14.0	75.0	57.0	12	9.0	11.0	9.0	0	0	2.0281989574432373	43200	535.6278247833252	20062	53.56018518518518	
-inf	35.11	10.242774566473988	24.271676300578033	17.936416184971097	-3.42226926109051	216	7045	69	13.0	66.0	51.0	11	9.0	11.0	9.0	0	0	2.5160319805145264	43400	538.1438567638397	20144	53.585253456221196	
-inf	35.175	10.3875	25.08125	18.53125	-3.42226926109051	217	7085	73	13.0	62.0	45.0	10	9.0	11.0	9.0	0	0	2.1122171878814697	43600	540.2560739517212	20212	53.642201834862384	
-inf	33.965	10.3	24.570588235294117	18.229411764705883	-3.42226926109051	218	7115	68	12.0	62.0	45.0	15	9.0	11.0	9.0	0	0	1.6748459339141846	43800	541.9309198856354	20289	53.678082191780824	
-inf	33.53	10.289017341040463	24.728323699421967	18.30057803468208	-3.42226926109051	219	7142	69	12.0	62.0	47.0	13	9.0	11.0	9.0	0	0	1.7477078437805176	44000	543.6786277294159	20364	53.71818181818182	
-inf	33.535	10.178571428571429	23.375	17.291666666666668	-3.42226926109051	220	7174	67	13.0	53.0	38.0	15	9.0	11.0	9.0	0	0	1.3152399063110352	44200	544.9938676357269	20438	53.76018099547512	
-inf	32.245	10.124223602484472	22.84472049689441	16.93167701863354	-3.42226926109051	221	7213	57	12.0	44.0	32.0	10	9.0	11.0	9.0	0	0	1.5021111965179443	44400	546.4959788322449	20522	53.77927927927928	
-inf	33.075	10.182857142857143	23.14857142857143	17.12	-3.42226926109051	222	7238	70	12.0	51.0	36.0	4	9.0	11.0	9.0	0	0	1.8421909809112549	44600	548.3381698131561	20607	53.79596412556054	
-inf	34.41	10.217877094972067	23.329608938547487	17.268156424581004	-3.42226926109051	223	7259	69	13.0	49.0	36.0	13	9.0	11.0	9.0	0	0	1.7035119533538818	44800	550.04168176651	20683	53.83258928571429	
-inf	33.05	10.240963855421686	23.80722891566265	17.572289156626507	-3.42226926109051	224	7293	65	13.0	49.0	36.0	9	9.0	11.0	9.0	0	0	1.794114112854004	45000	551.835795879364	20757	53.873333333333335	
-inf	33.325	10.074712643678161	22.557471264367816	16.729885057471265	-3.42226926109051	225	7319	65	14.0	77.0	57.0	11	9.0	11.0	9.0	0	0	1.5351018905639648	45200	553.370897769928	20838	53.89823008849557	
-inf	33.775	10.24698795180723	23.69277108433735	17.548192771084338	-3.42226926109051	226	7353	75	13.0	54.0	38.0	8	9.0	11.0	9.0	0	0	2.0735549926757812	45400	555.4444527626038	20914	53.93392070484582	
-inf	33.81	10.221590909090908	23.744318181818183	17.59659090909091	-3.42226926109051	227	7377	66	13.0	47.0	34.0	9	9.0	11.0	9.0	0	0	0.9070091247558594	45600	556.3514618873596	20979	53.99342105263158	
-inf	32.565	10.263473053892216	24.017964071856287	17.748502994011975	-3.42226926109051	228	7410	66	13.0	52.0	39.0	13	9.0	11.0	9.0	0	0	2.5307130813598633	45800	558.8821749687195	21057	54.02401746724891	
-inf	33.445	10.3121387283237	24.601156069364162	18.115606936416185	-3.42226926109051	229	7437	75	13.0	56.0	39.0	12	9.0	11.0	9.0	0	0	2.460188865661621	46000	561.3423638343811	21142	54.03913043478261	
-inf	34.515	10.146892655367232	22.96045197740113	17.016949152542374	-3.42226926109051	230	7460	64	13.0	54.0	38.0	1	9.0	11.0	9.0	0	0	2.15971302986145	46200	563.5020768642426	21225	54.05844155844156	
-inf	34.77	10.1437125748503	22.91616766467066	17.035928143712574	-3.42226926109051	231	7493	74	14.0	58.0	44.0	7	9.0	11.0	9.0	0	0	1.603078842163086	46400	565.1051557064056	21308	54.07758620689655	
-inf	36.575	10.2625	24.3375	18.08125	-3.42226926109051	232	7533	85	13.0	61.0	46.0	7	9.0	11.0	9.0	0	0	2.29221510887146	46600	567.3973708152771	21380	54.12017167381975	
-inf	35.08	10.442424242424243	25.33939393939394	18.721212121212123	-3.42226926109051	233	7568	84	13.0	64.0	47.0	3	9.0	11.0	9.0	0	0	2.765509843826294	46800	570.1628806591034	21465	54.13461538461539	
-inf	35.57	10.403508771929825	24.058479532163744	17.789473684210527	-3.42226926109051	234	7597	85	14.0	66.0	46.0	10	9.0	11.0	9.0	0	0	1.8919379711151123	47000	572.0548186302185	21557	54.13404255319149	
-inf	34.135	10.261904761904763	23.666666666666668	17.49404761904762	-3.42226926109051	235	7629	83	14.0	66.0	46.0	9	9.0	11.0	9.0	0	0	1.7692370414733887	47200	573.8240556716919	21642	54.148305084745765	
-inf	34.285	10.375757575757575	24.806060606060605	18.24848484848485	-3.42226926109051	236	7664	83	14.0	66.0	46.0	7	9.0	11.0	9.0	0	0	1.6394240856170654	47400	575.463479757309	21722	54.17299578059072	
-inf	33.06	10.149700598802395	23.167664670658684	17.161676646706585	-3.42226926109051	237	7697	83	13.0	49.0	36.0	13	9.0	11.0	9.0	0	0	1.617192268371582	47600	577.0806720256805	21793	54.21638655462185	
-inf	33.895	10.149068322981366	23.1055900621118	17.03105590062112	-3.42226926109051	238	7736	83	13.0	51.0	36.0	8	9.0	11.0	9.0	0	0	1.977038860321045	47800	579.0577108860016	21855	54.27824267782427	
-inf	35.285	10.1301775147929	23.940828402366865	17.597633136094675	-3.42226926109051	239	7767	91	12.0	50.0	38.0	14	9.0	11.0	9.0	0	0	1.4920408725738525	48000	580.5497517585754	21935	54.302083333333336	
-inf	34.175	10.284883720930232	25.08139534883721	18.430232558139537	-3.42226926109051	240	7795	91	13.0	55.0	40.0	8	9.0	11.0	9.0	0	0	1.5747601985931396	48200	582.1245119571686	22015	54.32572614107884	
-inf	34.785	10.165714285714285	23.337142857142858	17.291428571428572	-3.42226926109051	241	7820	101	12.0	67.0	50.0	12	9.0	11.0	9.0	0	0	2.6471569538116455	48400	584.7716689109802	22094	54.35123966942149	
-inf	36.15	10.233532934131736	23.820359281437124	17.652694610778443	-3.42226926109051	242	7853	92	13.0	59.0	42.0	10	9.0	11.0	9.0	0	0	1.2531800270080566	48600	586.0248489379883	22171	54.38065843621399	
-inf	37.93	10.23728813559322	23.615819209039547	17.51412429378531	-3.42226926109051	243	7876	96	14.0	63.0	44.0	13	9.0	11.0	9.0	0	0	1.9633619785308838	48800	587.9882109165192	22252	54.40163934426229	
-inf	36.595	10.272727272727273	23.721212121212123	17.55151515151515	-3.42226926109051	244	7911	106	14.0	63.0	44.0	10	9.0	11.0	9.0	0	0	1.7374298572540283	49000	589.7256407737732	22324	54.44081632653061	
-inf	36.555	10.234285714285715	23.537142857142857	17.388571428571428	-3.42226926109051	245	7936	95	13.0	49.0	35.0	4	9.0	11.0	9.0	0	0	1.578366994857788	49200	591.304007768631	22417	54.4369918699187	
-inf	38.0	10.310344827586206	24.25287356321839	17.885057471264368	-3.42226926109051	246	7962	95	15.0	77.0	53.0	6	9.0	11.0	9.0	0	0	2.2292580604553223	49400	593.5332658290863	22507	54.43927125506073	
-inf	38.19	10.248520710059172	24.02958579881657	17.75147928994083	-3.42226926109051	247	7993	97	14.0	77.0	55.0	9	9.0	11.0	9.0	0	0	1.5867760181427002	49600	595.120041847229	22584	54.46774193548387	
-inf	38.275	10.208092485549132	24.08670520231214	17.797687861271676	-3.42226926109051	248	8020	81	13.0	75.0	53.0	14	9.0	11.0	9.0	0	0	1.6999859809875488	49800	596.8200278282166	22671	54.475903614457835	
-inf	40.165	10.277777777777779	24.61111111111111	18.2	-3.42226926109051	249	8040	92	14.0	75.0	55.0	14	9.0	11.0	9.0	0	0	1.471034049987793	50000	598.2910618782043	22737	54.526	
-inf	40.47	10.3	24.605882352941176	18.235294117647058	-3.42226926109051	250	8070	103	15.0	77.0	56.0	9	9.0	11.0	9.0	0	0	1.114759922027588	50200	599.4058218002319	22813	54.55577689243028	
-inf	37.895	10.343023255813954	24.91860465116279	18.46511627906977	-3.42226926109051	251	8098	99	12.0	49.0	36.0	8	9.0	11.0	9.0	0	0	1.266855001449585	50400	600.6726768016815	22894	54.57539682539683	
-inf	35.0	10.37012987012987	24.948051948051948	18.357142857142858	-3.42226926109051	252	8144	87	13.0	48.0	33.0	8	9.0	11.0	9.0	0	0	1.3570060729980469	50600	602.0296828746796	22969	54.60671936758894	
-inf	34.575	10.385542168674698	24.783132530120483	18.216867469879517	-3.42226926109051	253	8178	94	13.0	47.0	33.0	9	9.0	11.0	9.0	0	0	1.5159149169921875	50800	603.5455977916718	23044	54.63779527559055	
-inf	34.16	10.266272189349113	23.467455621301774	17.414201183431953	-3.42226926109051	254	8209	85	13.0	47.0	33.0	10	9.0	11.0	9.0	0	0	1.2545909881591797	51000	604.8001887798309	23114	54.67843137254902	
-inf	33.515	10.274285714285714	24.285714285714285	17.942857142857143	-3.42226926109051	255	8234	83	14.0	59.0	41.0	12	9.0	11.0	9.0	0	0	2.0011179447174072	51200	606.8013067245483	23182	54.72265625	
-inf	34.0	10.226744186046512	24.22093023255814	17.959302325581394	-3.42226926109051	256	8262	84	13.0	56.0	39.0	13	9.0	11.0	9.0	0	0	2.5195751190185547	51400	609.3208818435669	23248	54.77042801556421	
-inf	32.99	10.24712643678161	23.844827586206897	17.64367816091954	-3.42226926109051	257	8288	74	13.0	56.0	39.0	10	9.0	11.0	9.0	0	0	2.2001490592956543	51600	611.5210309028625	23323	54.80038759689923	
-inf	33.985	10.329479768786127	24.815028901734102	18.294797687861273	-3.42226926109051	258	8315	80	13.0	62.0	47.0	5	9.0	11.0	9.0	0	0	1.7245690822601318	51800	613.2455999851227	23397	54.83204633204633	
-inf	34.61	10.181818181818182	23.757575757575758	17.490909090909092	-3.42226926109051	259	8350	83	13.0	58.0	40.0	4	9.0	11.0	9.0	0	0	1.779991865158081	52000	615.0255918502808	23465	54.875	
-inf	34.89	10.275449101796408	24.94610778443114	18.317365269461078	-3.42226926109051	260	8383	97	13.0	72.0	54.0	10	9.0	11.0	9.0	0	0	1.9206759929656982	52200	616.9462678432465	23551	54.88314176245211	
-inf	35.425	10.063583815028903	23.01156069364162	17.017341040462426	-3.42226926109051	261	8410	99	13.0	61.0	43.0	7	9.0	11.0	9.0	0	0	1.7194960117340088	52400	618.6657638549805	23630	54.904580152671755	
-inf	34.785	10.229411764705882	24.123529411764707	17.841176470588234	-3.42226926109051	262	8440	63	14.0	65.0	45.0	10	9.0	11.0	9.0	0	0	1.7525579929351807	52600	620.4183218479156	23719	54.90684410646388	
-inf	36.155	10.24223602484472	24.229813664596275	17.950310559006212	-3.42226926109051	263	8479	66	13.0	46.0	35.0	3	9.0	11.0	9.0	0	0	1.271327018737793	52800	621.6896488666534	23795	54.93371212121212	
-inf	37.405	10.235294117647058	23.723529411764705	17.58235294117647	-3.42226926109051	264	8509	70	13.0	51.0	38.0	6	9.0	11.0	9.0	0	0	1.1882071495056152	53000	622.8778560161591	23873	54.9566037735849	
-inf	37.955	10.09356725146199	22.859649122807017	16.970760233918128	-3.42226926109051	265	8538	84	14.0	75.0	57.0	11	9.0	11.0	9.0	0	0	1.49885892868042	53200	624.3767149448395	23963	54.95676691729323	
-inf	37.88	10.144578313253012	23.349397590361445	17.27710843373494	-3.42226926109051	266	8572	93	13.0	57.0	41.0	3	9.0	11.0	9.0	0	0	1.0938658714294434	53400	625.4705808162689	24024	55.01123595505618	
-inf	37.09	10.170588235294117	23.852941176470587	17.594117647058823	-3.42226926109051	267	8602	86	13.0	52.0	37.0	8	9.0	11.0	9.0	0	0	1.6324219703674316	53600	627.1030027866364	24108	55.02238805970149	
-inf	38.66	10.242774566473988	24.658959537572255	18.13294797687861	-3.42226926109051	268	8629	85	13.0	100.0	72.0	11	9.0	11.0	9.0	0	0	1.5302462577819824	53800	628.6332490444183	24197	55.02416356877323	
-inf	40.155	10.221518987341772	23.740506329113924	17.5126582278481	-3.42226926109051	269	8671	92	13.0	46.0	32.0	11	9.0	11.0	9.0	0	0	1.6503996849060059	54000	630.2836487293243	24276	55.044444444444444	
-inf	39.78	10.217877094972067	23.39664804469274	17.29608938547486	-3.42226926109051	270	8692	95	13.0	58.0	43.0	16	9.0	11.0	9.0	0	0	1.490098237991333	54200	631.7737469673157	24365	55.04612546125461	
-inf	39.495	10.350574712643677	24.103448275862068	17.82183908045977	-3.42226926109051	271	8718	76	13.0	58.0	40.0	10	9.0	11.0	9.0	0	0	2.2100939750671387	54400	633.9838409423828	24464	55.029411764705884	
-inf	38.84	10.45086705202312	25.22543352601156	18.612716763005782	-3.42226926109051	272	8745	90	14.0	64.0	45.0	12	9.0	11.0	9.0	0	0	1.7748937606811523	54600	635.758734703064	24556	55.02564102564102	
-inf	37.015	10.398843930635838	24.76300578034682	18.31791907514451	-3.42226926109051	273	8772	90	14.0	78.0	56.0	13	9.0	11.0	9.0	0	0	1.6436700820922852	54800	637.4024047851562	24634	55.04744525547445	
-inf	36.46	10.373563218390805	24.49425287356322	18.20689655172414	-3.42226926109051	274	8798	122	14.0	59.0	42.0	5	9.0	11.0	9.0	0	0	1.6727499961853027	55000	639.0751547813416	24723	55.04909090909091	
-inf	37.285	10.31764705882353	24.376470588235293	18.0	-3.42226926109051	275	8828	122	14.0	59.0	42.0	8	9.0	11.0	9.0	0	0	1.7771668434143066	55200	640.8523216247559	24813	55.04891304347826	
-inf	36.11	10.331288343558283	24.29447852760736	17.926380368098158	-3.42226926109051	276	8865	136	14.0	59.0	42.0	8	9.0	11.0	9.0	0	0	1.6111271381378174	55400	642.4634487628937	24878	55.09386281588448	
-inf	35.89	10.240963855421686	24.126506024096386	17.77710843373494	-3.42226926109051	277	8899	127	14.0	64.0	45.0	7	9.0	11.0	9.0	0	0	1.1799070835113525	55600	643.643355846405	24955	55.11690647482014	
-inf	34.98	10.31547619047619	24.535714285714285	18.125	-3.42226926109051	278	8931	128	14.0	64.0	45.0	4	9.0	11.0	9.0	0	0	1.9246490001678467	55800	645.5680048465729	25033	55.13799283154122	
-inf	35.76	10.323529411764707	24.841176470588234	18.311764705882354	-3.42226926109051	279	8961	124	14.0	68.0	49.0	6	9.0	11.0	9.0	0	0	2.0436229705810547	56000	647.6116278171539	25115	55.15178571428571	
-inf	35.715	10.214723926380367	23.742331288343557	17.57668711656442	-3.42226926109051	280	8998	92	13.0	64.0	48.0	4	9.0	11.0	9.0	0	0	0.988663911819458	56200	648.6002917289734	25182	55.19217081850534	
-inf	36.805	10.335227272727273	24.994318181818183	18.329545454545453	-3.42226926109051	281	9022	77	14.0	67.0	46.0	13	9.0	11.0	9.0	0	0	2.6139631271362305	56400	651.2142548561096	25262	55.209219858156025	
-inf	35.61	10.331428571428571	25.142857142857142	18.497142857142858	-3.42226926109051	282	9047	77	14.0	65.0	48.0	10	9.0	11.0	9.0	0	0	1.7319540977478027	56600	652.9462089538574	25348	55.21554770318021	
-inf	35.075	10.283236994219653	24.99421965317919	18.410404624277458	-3.42226926109051	283	9074	77	12.0	77.0	58.0	13	9.0	11.0	9.0	0	0	1.5060176849365234	56800	654.452226638794	25426	55.23591549295775	
-inf	35.06	10.368421052631579	25.239766081871345	18.608187134502923	-3.42226926109051	284	9103	88	13.0	75.0	55.0	12	9.0	11.0	9.0	0	0	1.8880441188812256	57000	656.3402707576752	25508	55.24912280701754	
-inf	34.475	10.378698224852071	25.01775147928994	18.45562130177515	-3.42226926109051	285	9134	79	13.0	49.0	34.0	6	9.0	11.0	9.0	0	0	1.740983009338379	57200	658.0812537670135	25593	55.25699300699301	
-inf	34.25	10.354651162790697	24.732558139534884	18.25581395348837	-3.42226926109051	286	9162	76	12.0	51.0	37.0	8	9.0	11.0	9.0	0	0	1.398993968963623	57400	659.4802477359772	25660	55.296167247386755	
-inf	35.195	10.119760479041917	23.221556886227546	17.161676646706585	-3.42226926109051	287	9195	74	15.0	87.0	60.0	9	9.0	11.0	9.0	0	0	1.3980541229248047	57600	660.878301858902	25730	55.329861111111114	
-inf	35.26	10.211428571428572	24.822857142857142	18.234285714285715	-3.42226926109051	288	9220	76	15.0	87.0	60.0	13	9.0	11.0	9.0	0	0	1.5893499851226807	57800	662.4676518440247	25813	55.34083044982699	
-inf	35.44	10.329411764705883	24.94705882352941	18.294117647058822	-3.42226926109051	289	9250	79	15.0	87.0	60.0	8	9.0	11.0	9.0	0	0	2.807435989379883	58000	665.2750878334045	25913	55.32241379310345	
-inf	34.855	10.194117647058823	23.17058823529412	17.1	-3.42226926109051	290	9280	77	12.0	42.0	30.0	9	9.0	11.0	9.0	0	0	2.0860979557037354	58200	667.3611857891083	25989	55.345360824742265	
-inf	36.355	10.274285714285714	24.005714285714287	17.714285714285715	-3.42226926109051	291	9305	82	13.0	65.0	45.0	9	9.0	11.0	9.0	0	0	2.096100091934204	58400	669.4572858810425	26082	55.339041095890416	
-inf	37.175	10.182857142857143	23.382857142857144	17.257142857142856	-3.42226926109051	292	9330	86	14.0	63.0	43.0	4	9.0	11.0	9.0	0	0	1.6165590286254883	58600	671.073844909668	26163	55.35324232081911	
-inf	35.965	10.35672514619883	24.391812865497077	18.017543859649123	-3.42226926109051	293	9359	75	13.0	51.0	36.0	6	9.0	11.0	9.0	0	0	1.767754077911377	58800	672.8415989875793	26251	55.35544217687075	
-inf	36.105	10.261363636363637	23.676136363636363	17.454545454545453	-3.42226926109051	294	9383	64	13.0	52.0	39.0	12	9.0	11.0	9.0	0	0	1.8954448699951172	59000	674.7370438575745	26349	55.340677966101694	
-inf	37.555	10.353293413173652	25.131736526946106	18.4251497005988	-3.42226926109051	295	9416	69	13.0	62.0	42.0	15	9.0	11.0	9.0	0	0	1.8717899322509766	59200	676.6088337898254	26438	55.34121621621622	
-inf	37.0	10.340782122905027	25.558659217877096	18.731843575418996	-3.42226926109051	296	9437	76	13.0	62.0	42.0	12	9.0	11.0	9.0	0	0	2.0118141174316406	59400	678.6206479072571	26547	55.3080808080808	
-inf	37.21	10.319277108433734	25.686746987951807	18.85542168674699	-3.42226926109051	297	9471	82	15.0	74.0	52.0	10	9.0	11.0	9.0	0	0	2.438001871109009	59600	681.0586497783661	26647	55.29026845637584	
-inf	37.8	10.402298850574713	25.775862068965516	18.850574712643677	-3.42226926109051	298	9497	72	14.0	67.0	46.0	12	9.0	11.0	9.0	0	0	1.8529248237609863	59800	682.9115746021271	26738	55.2876254180602	
-inf	36.24	10.518072289156626	26.271084337349397	19.228915662650603	-3.42226926109051	299	9531	66	14.0	67.0	46.0	12	9.0	11.0	9.0	0	0	1.5631382465362549	60000	684.4747128486633	26827	55.288333333333334	
-inf	36.88	10.325443786982248	25.17751479289941	18.40828402366864	-3.42226926109051	300	9562	82	14.0	67.0	46.0	7	9.0	11.0	9.0	0	0	1.891951084136963	60200	686.3666639328003	26910	55.29900332225914	
-inf	37.13	10.189655172413794	24.04597701149425	17.701149425287355	-3.42226926109051	301	9588	81	14.0	67.0	48.0	6	9.0	11.0	9.0	0	0	1.613661766052246	60400	687.9803256988525	26983	55.32615894039735	
-inf	37.035	10.289772727272727	24.75	18.102272727272727	-3.42226926109051	302	9612	76	14.0	67.0	46.0	5	9.0	11.0	9.0	0	0	1.3000781536102295	60600	689.2804038524628	27071	55.32838283828383	
-inf	36.61	10.308641975308642	24.95679012345679	18.253086419753085	-3.42226926109051	303	9650	76	13.0	64.0	47.0	4	9.0	11.0	9.0	0	0	1.5682508945465088	60800	690.8486547470093	27161	55.327302631578945	
-inf	36.095	10.259036144578314	23.759036144578314	17.512048192771083	-3.42226926109051	304	9684	76	13.0	55.0	40.0	11	9.0	11.0	9.0	0	0	1.803354024887085	61000	692.6520087718964	27240	55.34426229508197	
-inf	33.855	10.218181818181819	23.545454545454547	17.35757575757576	-3.42226926109051	305	9719	67	14.0	72.0	50.0	8	9.0	11.0	9.0	0	0	1.890571117401123	61200	694.5425798892975	27319	55.361111111111114	
-inf	34.04	10.225	23.6375	17.4	-3.42226926109051	306	9759	73	14.0	62.0	46.0	13	9.0	11.0	9.0	0	0	1.150843858718872	61400	695.6934237480164	27390	55.39087947882736	
-inf	34.57	10.30939226519337	24.281767955801104	17.85635359116022	-3.42226926109051	307	9778	69	14.0	57.0	40.0	9	9.0	11.0	9.0	0	0	1.6763489246368408	61600	697.3697726726532	27475	55.39772727272727	
-inf	35.405	10.444444444444445	26.415204678362574	19.327485380116958	-3.42226926109051	308	9807	74	15.0	75.0	54.0	15	9.0	11.0	9.0	0	0	2.239014148712158	61800	699.6087868213654	27559	55.40614886731392	
-inf	33.735	10.259887005649718	24.45762711864407	18.0	-3.42226926109051	309	9830	75	15.0	73.0	51.0	14	9.0	11.0	9.0	0	0	1.5497589111328125	62000	701.1585457324982	27637	55.424193548387095	
-inf	33.8	10.385542168674698	25.132530120481928	18.427710843373493	-3.42226926109051	310	9864	74	13.0	65.0	45.0	7	9.0	11.0	9.0	0	0	1.0848469734191895	62200	702.2433927059174	27719	55.435691318327976	
-inf	34.91	10.416184971098266	25.91907514450867	19.046242774566473	-3.42226926109051	311	9891	64	14.0	73.0	51.0	14	9.0	11.0	9.0	0	0	2.143692970275879	62400	704.3870856761932	27804	55.44230769230769	
-inf	36.155	10.190751445086706	23.86127167630058	17.664739884393065	-3.42226926109051	312	9918	71	13.0	54.0	38.0	11	9.0	11.0	9.0	0	0	1.5755209922790527	62600	705.9626066684723	27880	55.46325878594249	
-inf	36.23	10.183431952662723	23.940828402366865	17.68639053254438	-3.42226926109051	313	9949	68	13.0	50.0	37.0	12	9.0	11.0	9.0	0	0	2.0858209133148193	62800	708.0484275817871	27953	55.488853503184714	
-inf	36.45	10.217647058823529	24.394117647058824	18.023529411764706	-3.42226926109051	314	9979	67	13.0	54.0	41.0	11	9.0	11.0	9.0	0	0	1.339038372039795	63000	709.3874659538269	28024	55.51746031746031	
-inf	36.565	10.203703703703704	23.944444444444443	17.691358024691358	-3.42226926109051	315	10017	69	13.0	63.0	46.0	16	9.0	11.0	9.0	0	0	1.7872047424316406	63200	711.1746706962585	28092	55.550632911392405	
-inf	35.465	10.272189349112425	24.130177514792898	17.83431952662722	-3.42226926109051	316	10048	75	13.0	56.0	40.0	14	9.0	11.0	9.0	0	0	1.5375549793243408	63400	712.7122256755829	28157	55.58832807570978	
-inf	36.3	10.211428571428572	23.702857142857145	17.525714285714287	-3.42226926109051	317	10073	75	14.0	71.0	54.0	10	9.0	11.0	9.0	0	0	6.664980173110962	63600	719.3772058486938	28236	55.60377358490566	
-inf	35.415	10.140350877192983	23.72514619883041	17.461988304093566	-3.42226926109051	318	10102	73	13.0	50.0	38.0	9	9.0	11.0	9.0	0	0	2.483543872833252	63800	721.8607497215271	28312	55.623824451410655	
-inf	34.795	10.262569832402235	24.692737430167597	18.273743016759777	-3.42226926109051	319	10123	57	13.0	59.0	43.0	9	9.0	11.0	9.0	0	0	2.1797921657562256	64000	724.0405418872833	28386	55.646875	
-inf	33.755	10.345238095238095	24.541666666666668	18.148809523809526	-3.42226926109051	320	10155	70	13.0	51.0	38.0	13	9.0	11.0	9.0	0	0	3.2141129970550537	64200	727.2546548843384	28462	55.666666666666664	
-inf	35.0	10.258620689655173	24.50574712643678	18.114942528735632	-3.42226926109051	321	10181	79	13.0	63.0	44.0	14	9.0	11.0	9.0	0	0	2.370483875274658	64400	729.625138759613	28530	55.69875776397515	
-inf	36.16	10.25609756097561	23.975609756097562	17.73780487804878	-3.42226926109051	322	10217	76	12.0	55.0	39.0	15	9.0	11.0	9.0	0	0	1.6280829906463623	64600	731.2532217502594	28604	55.72136222910217	
-inf	35.75	10.35031847133758	24.78343949044586	18.248407643312103	-3.42226926109051	323	10260	81	13.0	86.0	62.0	7	9.0	11.0	9.0	0	0	1.9608168601989746	64800	733.2140386104584	28667	55.760802469135804	
-inf	36.9	10.203389830508474	23.531073446327685	17.423728813559322	-3.42226926109051	324	10283	107	12.0	79.0	58.0	8	9.0	11.0	9.0	0	0	3.338743209838867	65000	736.5527818202972	28748	55.77230769230769	
-inf	35.87	10.18562874251497	23.676646706586826	17.45508982035928	-3.42226926109051	325	10316	74	13.0	49.0	35.0	4	9.0	11.0	9.0	0	0	2.009453058242798	65200	738.56223487854	28830	55.782208588957054	
-inf	36.47	10.182320441988951	23.331491712707184	17.215469613259668	-3.42226926109051	326	10335	70	14.0	55.0	39.0	12	9.0	11.0	9.0	0	0	1.9709198474884033	65400	740.5331547260284	28923	55.77522935779817	
-inf	38.22	10.220338983050848	23.581920903954803	17.3954802259887	-3.42226926109051	327	10358	79	14.0	75.0	54.0	15	9.0	11.0	9.0	0	0	3.561702251434326	65600	744.0948569774628	29014	55.771341463414636	
-inf	39.07	10.152046783625732	23.304093567251464	17.198830409356724	-3.42226926109051	328	10387	91	13.0	76.0	55.0	10	9.0	11.0	9.0	0	0	3.589608907699585	65800	747.6844658851624	29101	55.77355623100304	
-inf	39.24	10.195402298850574	24.20689655172414	17.948275862068964	-3.42226926109051	329	10413	91	13.0	76.0	55.0	8	9.0	11.0	9.0	0	0	3.1753079891204834	66000	750.8597738742828	29192	55.769696969696966	
-inf	40.275	10.248484848484848	25.327272727272728	18.703030303030303	-3.42226926109051	330	10448	101	13.0	92.0	65.0	11	9.0	11.0	9.0	0	0	1.8385868072509766	66200	752.6983606815338	29275	55.77794561933535	
-inf	37.79	10.25	24.8875	18.4625	-3.42226926109051	331	10488	124	13.0	95.0	68.0	7	9.0	11.0	9.0	0	0	5.212176084518433	66400	757.9105367660522	29359	55.78463855421687	
-inf	39.555	10.279761904761905	24.773809523809526	18.261904761904763	-3.42226926109051	332	10520	108	13.0	95.0	68.0	13	9.0	11.0	9.0	0	0	2.5157570838928223	66600	760.4262938499451	29439	55.7972972972973	
-inf	39.77	10.277777777777779	24.316666666666666	17.983333333333334	-3.42226926109051	333	10540	102	14.0	81.0	61.0	15	9.0	11.0	9.0	0	0	1.3861629962921143	66800	761.8124568462372	29516	55.81437125748503	
-inf	38.095	10.305882352941177	24.511764705882353	18.070588235294117	-3.42226926109051	334	10570	94	14.0	58.0	42.0	9	9.0	11.0	9.0	0	0	1.7081620693206787	67000	763.5206189155579	29585	55.843283582089555	
-inf	36.94	10.293413173652695	25.101796407185628	18.538922155688624	-3.42226926109051	335	10603	108	14.0	94.0	68.0	7	9.0	11.0	9.0	0	0	2.2325236797332764	67200	765.7531425952911	29665	55.85565476190476	
-inf	37.395	10.297619047619047	23.642857142857142	17.56547619047619	-3.42226926109051	336	10635	116	15.0	85.0	63.0	11	9.0	11.0	9.0	0	0	1.6540842056274414	67400	767.4072268009186	29734	55.88427299703264	
-inf	37.445	10.43859649122807	25.31578947368421	18.672514619883042	-3.42226926109051	337	10664	133	15.0	64.0	46.0	5	9.0	11.0	9.0	0	0	2.787734031677246	67600	770.1949608325958	29816	55.89349112426035	
-inf	35.77	10.394117647058824	25.13529411764706	18.529411764705884	-3.42226926109051	338	10694	70	13.0	60.0	44.0	7	9.0	11.0	9.0	0	0	2.0683069229125977	67800	772.2632677555084	29898	55.902654867256636	
-inf	36.955	10.169590643274853	23.116959064327485	17.128654970760234	-3.42226926109051	339	10723	71	12.0	65.0	46.0	11	9.0	11.0	9.0	0	0	1.3473021984100342	68000	773.6105699539185	29970	55.9264705882353	
-inf	38.46	10.193181818181818	23.517045454545453	17.4375	-3.42226926109051	340	10747	68	12.0	56.0	42.0	10	9.0	11.0	9.0	0	0	3.049593925476074	68200	776.6601638793945	30054	55.93255131964809	
-inf	38.19	10.228571428571428	23.617142857142856	17.428571428571427	-3.42226926109051	341	10772	82	14.0	91.0	65.0	15	9.0	11.0	9.0	0	0	1.932107925415039	68400	778.5922718048096	30128	55.953216374269005	
-inf	37.445	10.122699386503067	22.969325153374232	17.05521472392638	-3.42226926109051	342	10809	77	13.0	87.0	64.0	8	9.0	11.0	9.0	0	0	1.5954740047454834	68600	780.187745809555	30196	55.98250728862974	
-inf	36.95	10.017241379310345	21.896551724137932	16.270114942528735	-3.42226926109051	343	10835	85	12.0	40.0	30.0	14	9.0	11.0	9.0	0	0	1.7699439525604248	68800	781.9576897621155	30279	55.989825581395344	
-inf	35.53	10.029239766081872	22.45614035087719	16.625730994152047	-3.42226926109051	344	10864	67	13.0	48.0	35.0	11	9.0	11.0	9.0	0	0	1.8624441623687744	69000	783.8201339244843	30356	56.005797101449275	
-inf	35.82	9.98857142857143	21.89142857142857	16.234285714285715	-3.42226926109051	345	10889	64	12.0	43.0	32.0	9	9.0	11.0	9.0	0	0	2.338066816329956	69200	786.1582007408142	30426	56.03179190751445	
-inf	36.06	10.083333333333334	22.375	16.56547619047619	-3.42226926109051	346	10921	70	12.0	42.0	30.0	17	9.0	11.0	9.0	0	0	1.8828668594360352	69400	788.0410676002502	30489	56.06772334293948	
-inf	34.7	10.091954022988507	22.316091954022987	16.551724137931036	-3.42226926109051	347	10947	65	12.0	45.0	33.0	13	9.0	11.0	9.0	0	0	1.1314942836761475	69600	789.1725618839264	30557	56.09626436781609	
-inf	34.61	10.191358024691358	23.561728395061728	17.38888888888889	-3.42226926109051	348	10985	64	12.0	48.0	35.0	8	9.0	11.0	9.0	0	0	1.5214741230010986	69800	790.6940360069275	30613	56.14183381088825	
-inf	34.885	10.24705882352941	24.205882352941178	17.888235294117646	-3.42226926109051	349	11015	71	12.0	61.0	44.0	15	9.0	11.0	9.0	0	0	1.2739267349243164	70000	791.9679627418518	30681	56.169999999999995	
-inf	34.585	10.277777777777779	24.4	18.022222222222222	-3.42226926109051	350	11035	64	13.0	62.0	44.0	11	9.0	11.0	9.0	0	0	1.4483520984649658	70200	793.4163148403168	30742	56.20797720797721	
-inf	33.22	10.261363636363637	24.443181818181817	18.164772727272727	-3.42226926109051	351	11059	59	13.0	71.0	51.0	9	9.0	11.0	9.0	0	0	1.4257190227508545	70400	794.8420338630676	30817	56.22585227272727	
-inf	34.22	10.397660818713451	26.695906432748536	19.649122807017545	-3.42226926109051	352	11088	72	12.0	68.0	51.0	9	9.0	11.0	9.0	0	0	2.5650179386138916	70600	797.4070518016815	30890	56.24645892351275	
-inf	35.4	10.234567901234568	24.549382716049383	18.22222222222222	-3.42226926109051	353	11126	74	12.0	68.0	51.0	5	9.0	11.0	9.0	0	0	1.332313060760498	70800	798.739364862442	30948	56.28813559322034	
-inf	33.795	10.24705882352941	24.08235294117647	17.847058823529412	-3.42226926109051	354	11156	64	14.0	68.0	47.0	9	9.0	11.0	9.0	0	0	1.4308688640594482	71000	800.1702337265015	31025	56.302816901408455	
-inf	33.325	10.193939393939393	23.26060606060606	17.224242424242423	-3.42226926109051	355	11191	65	12.0	48.0	35.0	9	9.0	11.0	9.0	0	0	2.1345150470733643	71200	802.3047487735748	31100	56.32022471910113	
-inf	34.28	10.147727272727273	23.71590909090909	17.5	-3.42226926109051	356	11215	72	12.0	61.0	44.0	12	9.0	11.0	9.0	0	0	5.239814043045044	71400	807.5445628166199	31184	56.324929971988794	
-inf	35.71	10.16969696969697	23.193939393939395	17.2	-3.42226926109051	357	11250	67	13.0	63.0	45.0	9	9.0	11.0	9.0	0	0	1.331601858139038	71600	808.8761646747589	31258	56.34357541899441	
-inf	32.375	10.192546583850932	23.403726708074533	17.267080745341616	-3.42226926109051	358	11289	55	12.0	46.0	33.0	7	9.0	11.0	9.0	0	0	3.3144500255584717	71800	812.1906147003174	31332	56.362116991643454	
-inf	32.785	10.295180722891565	24.234939759036145	17.825301204819276	-3.42226926109051	359	11323	59	13.0	58.0	43.0	8	9.0	11.0	9.0	0	0	2.8704020977020264	72000	815.0610167980194	31401	56.3875	
-inf	33.81	10.235294117647058	24.264705882352942	17.794117647058822	-3.42226926109051	360	11353	64	13.0	50.0	37.0	10	9.0	11.0	9.0	0	0	3.3562428951263428	72200	818.4172596931458	31464	56.42105263157895	
-inf	36.22	10.294797687861271	24.976878612716764	18.387283236994218	-3.42226926109051	361	11380	64	13.0	74.0	54.0	9	9.0	11.0	9.0	0	0	2.150374174118042	72400	820.5676338672638	31538	56.43922651933701	
-inf	36.565	10.292397660818713	25.17543859649123	18.50877192982456	-3.42226926109051	362	11409	67	14.0	74.0	54.0	10	9.0	11.0	9.0	0	0	3.4293179512023926	72600	823.9969518184662	31611	56.45867768595041	
-inf	38.32	10.283236994219653	24.84971098265896	18.277456647398843	-3.42226926109051	363	11436	78	13.0	56.0	41.0	13	9.0	11.0	9.0	0	0	4.400774002075195	72800	828.3977258205414	31684	56.47802197802198	
-inf	40.955	10.094674556213018	23.940828402366865	17.633136094674555	-3.42226926109051	364	11467	84	13.0	83.0	60.0	15	9.0	11.0	9.0	0	0	3.6529269218444824	73000	832.0506527423859	31757	56.49726027397261	
-inf	40.445	10.2	24.333333333333332	17.96969696969697	-3.42226926109051	365	11502	84	13.0	68.0	49.0	1	9.0	11.0	9.0	0	0	2.5914828777313232	73200	834.6421356201172	31828	56.51912568306011	
-inf	37.885	10.088757396449704	22.63905325443787	16.83431952662722	-3.42226926109051	366	11533	103	12.0	57.0	42.0	10	9.0	11.0	9.0	0	0	2.6925292015075684	73400	837.3346648216248	31895	56.54632152588556	
-inf	36.495	10.216374269005849	24.280701754385966	17.92982456140351	-3.42226926109051	367	11562	93	14.0	86.0	63.0	5	9.0	11.0	9.0	0	0	2.116058826446533	73600	839.4507236480713	31979	56.55027173913044	
-inf	35.98	10.333333333333334	24.93220338983051	18.372881355932204	-3.42226926109051	368	11585	87	14.0	68.0	49.0	10	9.0	11.0	9.0	0	0	3.669152021408081	73800	843.1198756694794	32062	56.55555555555555	
-inf	35.37	10.235632183908047	24.2183908045977	17.82183908045977	-3.42226926109051	369	11611	72	14.0	57.0	40.0	9	9.0	11.0	9.0	0	0	3.2089672088623047	74000	846.3288428783417	32127	56.58513513513513	
-inf	33.565	10.1301775147929	23.331360946745562	17.24852071005917	-3.42226926109051	370	11642	67	14.0	57.0	43.0	4	9.0	11.0	9.0	0	0	2.1248159408569336	74200	848.4536588191986	32190	56.61725067385445	
-inf	33.355	10.282352941176471	24.205882352941178	17.905882352941177	-3.42226926109051	371	11672	75	13.0	49.0	36.0	9	9.0	11.0	9.0	0	0	1.9971439838409424	74400	850.4508028030396	32257	56.64381720430108	
-inf	33.57	10.389221556886227	25.24550898203593	18.5748502994012	-3.42226926109051	372	11705	66	15.0	75.0	52.0	2	9.0	11.0	9.0	0	0	1.9260838031768799	74600	852.3768866062164	32341	56.64745308310992	
-inf	33.94	10.270440251572326	24.842767295597483	18.29559748427673	-3.42226926109051	373	11746	65	14.0	76.0	57.0	8	9.0	11.0	9.0	0	0	2.6882262229919434	74800	855.0651128292084	32405	56.67780748663102	
-inf	32.78	10.33939393939394	24.842424242424244	18.21212121212121	-3.42226926109051	374	11781	67	14.0	61.0	43.0	15	9.0	11.0	9.0	0	0	1.5533270835876465	75000	856.618439912796	32481	56.692	
-inf	33.18	10.178571428571429	24.31547619047619	17.88095238095238	-3.42226926109051	375	11813	59	14.0	61.0	43.0	13	9.0	11.0	9.0	0	0	2.633586883544922	75200	859.2520267963409	32543	56.724734042553195	
-inf	34.155	10.156976744186046	24.00581395348837	17.726744186046513	-3.42226926109051	376	11841	64	14.0	61.0	43.0	8	9.0	11.0	9.0	0	0	3.646947145462036	75400	862.898973941803	32617	56.741379310344826	
-inf	32.785	10.146341463414634	23.963414634146343	17.76829268292683	-3.42226926109051	377	11877	66	13.0	68.0	52.0	10	9.0	11.0	9.0	0	0	2.0414819717407227	75600	864.9404559135437	32688	56.761904761904766	
-inf	33.6	10.189024390243903	23.451219512195124	17.341463414634145	-3.42226926109051	378	11913	61	12.0	46.0	34.0	11	9.0	11.0	9.0	0	0	1.4966909885406494	75800	866.4371469020844	32757	56.784960422163586	
-inf	34.16	10.23121387283237	24.358381502890172	17.895953757225435	-3.42226926109051	379	11940	65	13.0	50.0	37.0	12	9.0	11.0	9.0	0	0	2.135784864425659	76000	868.57293176651	32829	56.803947368421056	
-inf	33.55	10.385474860335195	24.955307262569832	18.35754189944134	-3.42226926109051	380	11961	54	13.0	50.0	37.0	11	9.0	11.0	9.0	0	0	1.7494430541992188	76200	870.3223748207092	32895	56.830708661417326	
-inf	33.505	10.248554913294798	24.07514450867052	17.76878612716763	-3.42226926109051	381	11988	62	14.0	54.0	40.0	7	9.0	11.0	9.0	0	0	3.499795913696289	76400	873.8221707344055	32969	56.846858638743456	
-inf	32.64	10.191616766467066	23.53293413173653	17.431137724550897	-3.42226926109051	382	12021	72	14.0	61.0	43.0	6	9.0	11.0	9.0	0	0	2.013413906097412	76600	875.8355846405029	33037	56.87075718015666	
-inf	33.15	10.18452380952381	24.19047619047619	17.851190476190474	-3.42226926109051	383	12053	77	15.0	73.0	51.0	10	9.0	11.0	9.0	0	0	1.4100501537322998	76800	877.2456347942352	33101	56.89973958333333	
-inf	34.175	10.062857142857142	22.66857142857143	16.8	-3.42226926109051	384	12078	78	15.0	73.0	51.0	13	9.0	11.0	9.0	0	0	1.6639530658721924	77000	878.9095878601074	33159	56.93636363636364	
-inf	35.095	10.118343195266272	23.142011834319526	17.142011834319526	-3.42226926109051	385	12109	78	13.0	54.0	38.0	5	9.0	11.0	9.0	0	0	2.141319990158081	77200	881.0509078502655	33221	56.96761658031088	
-inf	35.355	10.169491525423728	23.401129943502823	17.293785310734464	-3.42226926109051	386	12132	85	13.0	60.0	44.0	9	9.0	11.0	9.0	0	0	2.787763833999634	77400	883.8386716842651	33298	56.979328165374675	
-inf	34.375	10.23391812865497	24.60233918128655	18.140350877192983	-3.42226926109051	387	12161	95	14.0	57.0	41.0	12	9.0	11.0	9.0	0	0	2.9618749618530273	77600	886.8005466461182	33358	57.01288659793814	
-inf	35.16	10.09375	23.1625	17.15	-3.42226926109051	388	12201	85	13.0	52.0	39.0	14	9.0	11.0	9.0	0	0	4.676153182983398	77800	891.4766998291016	33429	57.03213367609254	
-inf	37.27	10.198863636363637	23.72159090909091	17.517045454545453	-3.42226926109051	389	12225	92	14.0	50.0	37.0	13	9.0	11.0	9.0	0	0	2.0449321269989014	78000	893.5216319561005	33510	57.03846153846154	
-inf	38.845	10.242937853107344	24.43502824858757	17.966101694915253	-3.42226926109051	390	12248	104	13.0	64.0	46.0	13	9.0	11.0	9.0	0	0	2.6844229698181152	78200	896.2060549259186	33608	57.0230179028133	
-inf	40.495	10.342391304347826	24.71195652173913	18.195652173913043	-3.42226926109051	391	12264	123	15.0	66.0	48.0	8	9.0	11.0	9.0	0	0	3.3108017444610596	78400	899.5168566703796	33694	57.02295918367347	
-inf	41.875	10.280701754385966	24.292397660818715	17.976608187134502	-3.42226926109051	392	12293	103	16.0	82.0	59.0	14	9.0	11.0	9.0	0	0	2.937617301940918	78600	902.4544739723206	33781	57.021628498727736	
-inf	43.835	10.437869822485206	25.71005917159763	18.893491124260354	-3.42226926109051	393	12324	101	15.0	66.0	48.0	10	9.0	11.0	9.0	0	0	1.9244449138641357	78800	904.3789188861847	33868	57.02030456852792	
-inf	44.29	10.309090909090909	23.945454545454545	17.715151515151515	-3.42226926109051	394	12359	108	14.0	59.0	42.0	5	9.0	11.0	9.0	0	0	2.2193620204925537	79000	906.5982809066772	33942	57.03544303797468	
-inf	46.255	10.154761904761905	22.726190476190474	16.86904761904762	-3.42226926109051	395	12391	105	13.0	60.0	41.0	8	9.0	11.0	9.0	0	0	1.324739933013916	79200	907.9230208396912	34019	57.04671717171717	
-inf	43.62	10.254335260115607	23.820809248554912	17.595375722543352	-3.42226926109051	396	12418	114	16.0	79.0	55.0	4	9.0	11.0	9.0	0	0	1.9601240158081055	79400	909.8831448554993	34093	57.0617128463476	
-inf	45.035	10.220238095238095	23.904761904761905	17.648809523809526	-3.42226926109051	397	12450	113	16.0	84.0	63.0	9	9.0	11.0	9.0	0	0	2.153564929962158	79600	912.0367097854614	34177	57.064070351758794	
-inf	43.065	10.269938650306749	23.975460122699385	17.662576687116566	-3.42226926109051	398	12487	119	13.0	75.0	51.0	10	9.0	11.0	9.0	0	0	2.6305291652679443	79800	914.6672389507294	34243	57.08897243107769	
-inf	47.21	10.261627906976743	23.761627906976745	17.558139534883722	-3.42226926109051	399	12515	124	13.0	56.0	39.0	13	9.0	11.0	9.0	0	0	1.9670708179473877	80000	916.6343097686768	34318	57.1025	
-inf	45.16	10.292134831460674	23.60112359550562	17.46067415730337	-3.42226926109051	400	12537	137	13.0	78.0	54.0	9	9.0	11.0	9.0	0	0	2.0935699939727783	80200	918.7278797626495	34398	57.109725685785534	
-inf	47.26	10.22543352601156	23.121387283236995	17.13872832369942	-3.42226926109051	401	12564	136	12.0	46.0	33.0	14	9.0	11.0	9.0	0	0	1.493156909942627	80400	920.2210366725922	34469	57.12810945273632	
-inf	43.66	10.279329608938548	23.893854748603353	17.77094972067039	-3.42226926109051	402	12585	136	14.0	81.0	56.0	8	9.0	11.0	9.0	0	0	2.781567096710205	80600	923.0026037693024	34544	57.141439205955336	
-inf	44.8	10.282352941176471	23.95294117647059	17.811764705882354	-3.42226926109051	403	12615	136	14.0	107.0	78.0	7	9.0	11.0	9.0	0	0	1.577897071838379	80800	924.5805008411407	34610	57.165841584158414	
-inf	41.385	10.533742331288343	27.208588957055216	20.061349693251532	-3.42226926109051	404	12652	138	14.0	107.0	78.0	10	9.0	11.0	9.0	0	0	1.765355110168457	81000	926.3458559513092	34680	57.18518518518518	
-inf	39.11	10.357575757575757	25.157575757575756	18.612121212121213	-3.42226926109051	405	12687	136	14.0	105.0	77.0	7	9.0	11.0	9.0	0	0	1.289261817932129	81200	927.6351177692413	34753	57.20073891625616	
-inf	38.345	10.396341463414634	25.48170731707317	18.804878048780488	-3.42226926109051	406	12723	122	17.0	122.0	88.0	9	9.0	11.0	9.0	0	0	1.120182991027832	81400	928.7553007602692	34825	57.217444717444714	
-inf	38.93	10.28735632183908	24.298850574712645	18.0	-3.42226926109051	407	12749	125	14.0	60.0	43.0	5	9.0	11.0	9.0	0	0	1.20914888381958	81600	929.9644496440887	34900	57.23039215686275	
-inf	37.315	10.217647058823529	23.86470588235294	17.641176470588235	-3.42226926109051	408	12779	91	14.0	60.0	44.0	10	9.0	11.0	9.0	0	0	1.2823381423950195	81800	931.2467877864838	34960	57.26161369193154	
-inf	37.19	10.337423312883436	25.613496932515336	18.9079754601227	-3.42226926109051	409	12816	84	14.0	66.0	48.0	8	9.0	11.0	9.0	0	0	1.2300589084625244	82000	932.4768466949463	35030	57.28048780487805	
-inf	35.41	10.245714285714286	24.548571428571428	18.13714285714286	-3.42226926109051	410	12841	92	14.0	80.0	61.0	9	9.0	11.0	9.0	0	0	1.395451307296753	82200	933.872298002243	35104	57.29440389294404	
-inf	33.51	10.162790697674419	23.232558139534884	17.22093023255814	-3.42226926109051	411	12869	84	12.0	53.0	39.0	10	9.0	11.0	9.0	0	0	1.1194407939910889	82400	934.9917387962341	35172	57.31553398058252	
-inf	34.345	10.219653179190752	24.08092485549133	17.77456647398844	-3.42226926109051	412	12896	85	13.0	55.0	41.0	7	9.0	11.0	9.0	0	0	1.7473359107971191	82600	936.7390747070312	35251	57.323244552058114	
-inf	35.795	10.182857142857143	23.742857142857144	17.548571428571428	-3.42226926109051	413	12921	95	13.0	58.0	40.0	11	9.0	11.0	9.0	0	0	3.1179471015930176	82800	939.8570218086243	35326	57.33574879227053	
-inf	35.55	10.31578947368421	24.362573099415204	17.970760233918128	-3.42226926109051	414	12950	85	13.0	65.0	48.0	12	9.0	11.0	9.0	0	0	1.8986179828643799	83000	941.7556397914886	35398	57.35180722891566	
-inf	36.875	10.321637426900585	24.707602339181285	18.23391812865497	-3.42226926109051	415	12979	73	13.0	58.0	42.0	8	9.0	11.0	9.0	0	0	1.6736259460449219	83200	943.4292657375336	35484	57.35096153846154	
-inf	35.95	10.303370786516854	24.679775280898877	18.241573033707866	-3.42226926109051	416	13001	71	13.0	70.0	51.0	16	9.0	11.0	9.0	0	0	1.755368947982788	83400	945.1846346855164	35566	57.354916067146284	
-inf	34.5	10.228070175438596	23.584795321637426	17.502923976608187	-3.42226926109051	417	13030	67	14.0	59.0	42.0	8	9.0	11.0	9.0	0	0	3.0050501823425293	83600	948.1896848678589	35643	57.36483253588517	
-inf	35.715	10.247191011235955	23.98314606741573	17.741573033707866	-3.42226926109051	418	13052	66	12.0	51.0	36.0	9	9.0	11.0	9.0	0	0	2.5909907817840576	83800	950.780675649643	35733	57.359188544152744	
-inf	35.735	10.452941176470588	25.376470588235293	18.770588235294117	-3.42226926109051	419	13082	77	13.0	51.0	36.0	6	9.0	11.0	9.0	0	0	2.5656001567840576	84000	953.346275806427	35813	57.36547619047619	
-inf	35.075	10.263157894736842	23.818713450292396	17.60233918128655	-3.42226926109051	420	13111	86	13.0	63.0	46.0	7	9.0	11.0	9.0	0	0	1.4265179634094238	84200	954.7727937698364	35885	57.3812351543943	
-inf	35.675	10.23030303030303	24.048484848484847	17.763636363636362	-3.42226926109051	421	13146	100	13.0	56.0	42.0	8	9.0	11.0	9.0	0	0	1.5151102542877197	84400	956.2879040241241	35961	57.39218009478673	
-inf	36.27	10.257309941520468	23.497076023391813	17.43859649122807	-3.42226926109051	422	13175	93	12.0	40.0	29.0	9	9.0	11.0	9.0	0	0	1.9595487117767334	84600	958.2474527359009	36037	57.403073286052006	
-inf	36.315	10.437125748502995	24.898203592814372	18.395209580838323	-3.42226926109051	423	13208	104	13.0	54.0	41.0	12	9.0	11.0	9.0	0	0	1.3513870239257812	84800	959.5988397598267	36118	57.408018867924525	
-inf	34.69	10.198830409356725	23.12280701754386	17.157894736842106	-3.42226926109051	424	13237	86	13.0	60.0	43.0	11	9.0	11.0	9.0	0	0	1.194227933883667	85000	960.7930676937103	36183	57.43176470588235	
-inf	33.805	10.149425287356323	23.28735632183908	17.270114942528735	-3.42226926109051	425	13263	81	13.0	60.0	43.0	5	9.0	11.0	9.0	0	0	1.1505820751190186	85200	961.9436497688293	36255	57.447183098591545	
-inf	33.835	10.2	23.594285714285714	17.445714285714285	-3.42226926109051	426	13288	83	13.0	60.0	43.0	2	9.0	11.0	9.0	0	0	0.9998271465301514	85400	962.9434769153595	36317	57.47423887587822	
-inf	33.005	10.194285714285714	23.52	17.394285714285715	-3.42226926109051	427	13313	64	14.0	58.0	44.0	10	9.0	11.0	9.0	0	0	1.4467039108276367	85600	964.3901808261871	36386	57.492990654205606	
-inf	33.955	10.335365853658537	24.51829268292683	18.201219512195124	-3.42226926109051	428	13349	76	14.0	74.0	55.0	13	9.0	11.0	9.0	0	0	1.491041898727417	85800	965.8812227249146	36456	57.510489510489506	
-inf	33.615	10.307692307692308	24.23076923076923	17.928994082840237	-3.42226926109051	429	13380	77	13.0	49.0	36.0	5	9.0	11.0	9.0	0	0	1.8868649005889893	86000	967.7680876255035	36538	57.513953488372096	
-inf	35.705	10.267045454545455	24.375	18.102272727272727	-3.42226926109051	430	13404	77	13.0	75.0	56.0	9	9.0	11.0	9.0	0	0	2.1071460247039795	86200	969.8752336502075	36624	57.51276102088167	
-inf	38.11	10.339285714285714	24.25	17.982142857142858	-3.42226926109051	431	13436	74	13.0	75.0	52.0	15	9.0	11.0	9.0	0	0	1.7574172019958496	86400	971.6326508522034	36703	57.51967592592593	
-inf	41.24	10.460606060606061	25.757575757575758	18.975757575757576	-3.42226926109051	432	13471	75	14.0	63.0	44.0	13	9.0	11.0	9.0	0	0	1.4417030811309814	86600	973.0743539333344	36782	57.52655889145497	
-inf	42.03	10.564705882352941	26.647058823529413	19.58823529411765	-3.42226926109051	433	13501	89	14.0	61.0	43.0	14	9.0	11.0	9.0	0	0	1.7550179958343506	86800	974.8293719291687	36868	57.525345622119815	
-inf	41.54	10.1625	23.175	17.225	-3.42226926109051	434	13541	95	13.0	55.0	38.0	4	9.0	11.0	9.0	0	0	1.995370864868164	87000	976.8247427940369	36944	57.53563218390805	
-inf	43.245	10.266666666666667	24.527272727272727	18.1030303030303	-3.42226926109051	435	13576	100	13.0	66.0	48.0	12	9.0	11.0	9.0	0	0	2.0454061031341553	87200	978.870148897171	37021	57.544724770642205	
-inf	41.44	10.333333333333334	24.537037037037038	18.14814814814815	-3.42226926109051	436	13614	109	13.0	55.0	38.0	7	9.0	11.0	9.0	0	0	1.546509027481079	87400	980.4166579246521	37101	57.55034324942792	
-inf	38.58	10.490445859872612	25.726114649681527	19.0	-3.42226926109051	437	13657	104	13.0	75.0	56.0	9	9.0	11.0	9.0	0	0	1.4047489166259766	87600	981.8214068412781	37172	57.5662100456621	
-inf	36.855	10.408045977011493	25.189655172413794	18.649425287356323	-3.42226926109051	438	13683	109	15.0	100.0	72.0	5	9.0	11.0	9.0	0	0	1.5025207996368408	87800	983.3239276409149	37262	57.56036446469248	
-inf	36.45	10.229411764705882	23.347058823529412	17.347058823529412	-3.42226926109051	439	13713	110	13.0	54.0	39.0	6	9.0	11.0	9.0	0	0	2.4254891872406006	88000	985.7494168281555	37336	57.57272727272728	
-inf	36.05	10.358823529411765	25.405882352941177	18.68235294117647	-3.42226926109051	440	13743	113	13.0	103.0	76.0	12	9.0	11.0	9.0	0	0	1.9118061065673828	88200	987.6612229347229	37415	57.57936507936508	
-inf	35.625	10.364161849710984	24.479768786127167	18.09248554913295	-3.42226926109051	441	13770	76	13.0	52.0	37.0	15	9.0	11.0	9.0	0	0	2.234488010406494	88400	989.8957109451294	37492	57.588235294117645	
-inf	35.89	10.292397660818713	24.023391812865498	17.748538011695906	-3.42226926109051	442	13799	71	13.0	51.0	36.0	6	9.0	11.0	9.0	0	0	1.501605749130249	88600	991.3973166942596	37576	57.58916478555305	
-inf	37.805	10.134831460674157	22.94943820224719	17.0	-3.42226926109051	443	13821	79	13.0	60.0	45.0	10	9.0	11.0	9.0	0	0	1.8892769813537598	88800	993.2865936756134	37661	57.58896396396396	
-inf	36.965	10.220930232558139	23.99418604651163	17.651162790697676	-3.42226926109051	444	13849	70	13.0	61.0	45.0	9	9.0	11.0	9.0	0	0	2.0622363090515137	89000	995.3488299846649	37748	57.58651685393259	
-inf	36.57	10.282208588957054	24.613496932515336	18.0920245398773	-3.42226926109051	445	13886	72	15.0	64.0	48.0	5	9.0	11.0	9.0	0	0	3.2857179641723633	89200	998.6345479488373	37829	57.59080717488789	
-inf	37.795	10.160714285714286	23.517857142857142	17.30952380952381	-3.42226926109051	446	13918	77	13.0	57.0	41.0	14	9.0	11.0	9.0	0	0	2.10209584236145	89400	1000.7366437911987	37908	57.59731543624161	
-inf	37.255	10.213414634146341	24.347560975609756	17.914634146341463	-3.42226926109051	447	13954	81	13.0	49.0	37.0	14	9.0	11.0	9.0	0	0	1.5405759811401367	89600	1002.2772197723389	37976	57.61607142857143	
-inf	34.715	10.085714285714285	22.85142857142857	16.86857142857143	-3.42226926109051	448	13979	70	12.0	48.0	37.0	14	9.0	11.0	9.0	0	0	1.3224718570709229	89800	1003.5996916294098	38051	57.62694877505568	
-inf	34.305	10.111801242236025	23.36024844720497	17.161490683229815	-3.42226926109051	449	14018	72	12.0	46.0	34.0	4	9.0	11.0	9.0	0	0	1.6594491004943848	90000	1005.2591407299042	38130	57.63333333333333	
-inf	34.865	10.084848484848484	22.951515151515153	16.933333333333334	-3.42226926109051	450	14053	74	12.0	36.0	26.0	10	9.0	11.0	9.0	0	0	1.793510913848877	90200	1007.052651643753	38205	57.64412416851441	
-inf	35.215	10.101694915254237	22.497175141242938	16.683615819209038	-3.42226926109051	451	14076	74	13.0	51.0	37.0	9	9.0	11.0	9.0	0	0	0.8303370475769043	90400	1007.88298869133	38274	57.66150442477876	
-inf	34.34	10.033333333333333	22.211111111111112	16.41111111111111	-3.42226926109051	452	14096	72	13.0	48.0	35.0	7	9.0	11.0	9.0	0	0	1.4760160446166992	90600	1009.3590047359467	38348	57.673289183222956	
-inf	35.535	10.226744186046512	24.011627906976745	17.651162790697676	-3.42226926109051	453	14124	65	12.0	78.0	55.0	10	9.0	11.0	9.0	0	0	3.597074031829834	90800	1012.9560787677765	38430	57.67621145374449	
-inf	34.265	10.378698224852071	25.05325443786982	18.431952662721894	-3.42226926109051	454	14155	79	13.0	59.0	42.0	10	9.0	11.0	9.0	0	0	2.5429890155792236	91000	1015.4990677833557	38523	57.667032967032966	
-inf	34.735	10.348314606741573	24.865168539325843	18.348314606741575	-3.42226926109051	455	14177	65	15.0	82.0	59.0	7	9.0	11.0	9.0	0	0	1.784588098526001	91200	1017.2836558818817	38607	57.66776315789473	
-inf	34.695	10.298780487804878	24.164634146341463	17.829268292682926	-3.42226926109051	456	14213	66	13.0	47.0	34.0	9	9.0	11.0	9.0	0	0	1.5237669944763184	91400	1018.807422876358	38678	57.68271334792123	
-inf	36.345	10.359550561797754	25.5	18.730337078651687	-3.42226926109051	457	14235	83	15.0	88.0	63.0	7	9.0	11.0	9.0	0	0	1.7326769828796387	91600	1020.5400998592377	38756	57.68995633187773	
-inf	34.845	10.170588235294117	22.96470588235294	17.023529411764706	-3.42226926109051	458	14265	82	13.0	51.0	38.0	14	9.0	11.0	9.0	0	0	1.2914109230041504	91800	1021.8315107822418	38807	57.72657952069717	
-inf	34.79	10.236994219653178	23.84971098265896	17.612716763005782	-3.42226926109051	459	14292	66	12.0	53.0	40.0	13	9.0	11.0	9.0	0	0	1.3381900787353516	92000	1023.1697008609772	38875	57.744565217391305	
-inf	33.43	10.331360946745562	24.5207100591716	18.08284023668639	-3.42226926109051	460	14323	68	13.0	65.0	45.0	11	9.0	11.0	9.0	0	0	1.3966808319091797	92200	1024.5663816928864	38948	57.75704989154013	
-inf	32.54	10.305882352941177	24.6	18.111764705882354	-3.42226926109051	461	14353	64	12.0	51.0	36.0	9	9.0	11.0	9.0	0	0	1.4916763305664062	92400	1026.0580580234528	39014	57.777056277056275	
-inf	32.165	10.327586206896552	24.235632183908045	17.942528735632184	-3.42226926109051	462	14379	55	13.0	57.0	41.0	7	9.0	11.0	9.0	0	0	1.130807638168335	92600	1027.188865661621	39078	57.79913606911447	
-inf	33.85	10.207100591715976	23.952662721893493	17.680473372781066	-3.42226926109051	463	14410	69	12.0	46.0	32.0	11	9.0	11.0	9.0	0	0	1.5089490413665771	92800	1028.6978147029877	39150	57.8125	
-inf	33.18	10.210526315789474	24.046783625730995	17.70175438596491	-3.42226926109051	464	14439	53	12.0	46.0	32.0	9	9.0	11.0	9.0	0	0	2.7343432903289795	93000	1031.4321579933167	39236	57.810752688172045	
-inf	33.37	10.127272727272727	23.054545454545455	17.078787878787878	-3.42226926109051	465	14474	65	12.0	47.0	34.0	9	9.0	11.0	9.0	0	0	1.2609059810638428	93200	1032.6930639743805	39309	57.822961373390555	
-inf	34.62	10.203488372093023	23.802325581395348	17.587209302325583	-3.42226926109051	466	14502	67	13.0	58.0	40.0	11	9.0	11.0	9.0	0	0	1.5190467834472656	93400	1034.2121107578278	39388	57.82869379014989	
-inf	35.145	10.169590643274853	23.42105263157895	17.31578947368421	-3.42226926109051	467	14531	82	13.0	55.0	40.0	8	9.0	11.0	9.0	0	0	1.5338730812072754	93600	1035.745983839035	39467	57.83440170940171	
-inf	36.725	10.203592814371257	23.910179640718564	17.652694610778443	-3.42226926109051	468	14564	82	13.0	49.0	35.0	2	9.0	11.0	9.0	0	0	1.2508418560028076	93800	1036.9968256950378	39540	57.846481876332625	
-inf	37.635	10.317365269461078	25.46706586826347	18.7125748502994	-3.42226926109051	469	14597	88	14.0	94.0	70.0	16	9.0	11.0	9.0	0	0	1.6235783100128174	94000	1038.6204040050507	39618	57.8531914893617	
-inf	39.135	10.157232704402515	24.037735849056602	17.71698113207547	-3.42226926109051	470	14638	88	13.0	55.0	40.0	8	9.0	11.0	9.0	0	0	1.226801872253418	94200	1039.847205877304	39684	57.87261146496815	
-inf	37.72	10.36094674556213	25.532544378698226	18.857988165680474	-3.42226926109051	471	14669	89	13.0	66.0	49.0	7	9.0	11.0	9.0	0	0	1.6043169498443604	94400	1041.4515228271484	39763	57.878177966101696	
-inf	37.45	10.449704142011834	25.485207100591715	18.86390532544379	-3.42226926109051	472	14700	97	14.0	58.0	43.0	7	9.0	11.0	9.0	0	0	1.863002061843872	94600	1043.3145248889923	39841	57.88477801268499	
-inf	37.29	10.38121546961326	25.204419889502763	18.558011049723756	-3.42226926109051	473	14719	103	14.0	67.0	46.0	6	9.0	11.0	9.0	0	0	1.8748829364776611	94800	1045.18940782547	39936	57.87341772151899	
-inf	37.27	10.358381502890174	24.76878612716763	18.265895953757227	-3.42226926109051	474	14746	103	14.0	104.0	78.0	13	9.0	11.0	9.0	0	0	1.801326036453247	95000	1046.9907338619232	40013	57.88105263157895	
-inf	38.205	10.196531791907514	23.479768786127167	17.289017341040463	-3.42226926109051	475	14773	91	13.0	55.0	38.0	12	9.0	11.0	9.0	0	0	0.9822800159454346	95200	1047.9730138778687	40082	57.89705882352941	
-inf	38.675	10.179775280898877	23.8876404494382	17.6123595505618	-3.42226926109051	476	14795	97	13.0	86.0	65.0	9	9.0	11.0	9.0	0	0	1.9445388317108154	95400	1049.9175527095795	40171	57.89203354297694	
-inf	44.73	10.261627906976743	25.069767441860463	18.406976744186046	-3.42226926109051	477	14823	110	15.0	119.0	88.0	11	9.0	11.0	9.0	0	0	1.6160919666290283	95600	1051.5336446762085	40250	57.89748953974895	
-inf	42.3	10.255555555555556	24.266666666666666	17.82777777777778	-3.42226926109051	478	14843	109	14.0	106.0	78.0	19	9.0	11.0	9.0	0	0	1.8552131652832031	95800	1053.3888578414917	40347	57.88413361169103	
-inf	41.735	10.415300546448087	25.530054644808743	18.74863387978142	-3.42226926109051	479	14860	100	14.0	105.0	77.0	6	9.0	11.0	9.0	0	0	1.6374099254608154	96000	1055.0262677669525	40428	57.887499999999996	
-inf	39.1	10.313953488372093	24.197674418604652	17.8546511627907	-3.42226926109051	480	14888	105	14.0	54.0	39.0	11	9.0	11.0	9.0	0	0	1.8396050930023193	96200	1056.8658728599548	40506	57.893970893970895	
-inf	39.205	10.352601156069364	24.84971098265896	18.260115606936417	-3.42226926109051	481	14915	104	13.0	59.0	42.0	12	9.0	11.0	9.0	0	0	1.7295949459075928	96400	1058.5954678058624	40590	57.8941908713693	
-inf	42.19	10.428571428571429	26.177142857142858	19.217142857142857	-3.42226926109051	482	14940	112	14.0	63.0	44.0	16	9.0	11.0	9.0	0	0	1.9808740615844727	96600	1060.576341867447	40669	57.899585921325055	
-inf	42.535	10.357142857142858	25.845238095238095	18.94047619047619	-3.42226926109051	483	14972	116	14.0	63.0	44.0	10	9.0	11.0	9.0	0	0	1.89019775390625	96800	1062.4665396213531	40749	57.90392561983471	
-inf	42.345	10.438202247191011	26.370786516853933	19.40449438202247	-3.42226926109051	484	14994	108	15.0	136.0	100.0	13	9.0	11.0	9.0	0	0	1.646322250366211	97000	1064.1128618717194	40826	57.91134020618557	
-inf	43.085	10.267441860465116	24.122093023255815	17.843023255813954	-3.42226926109051	485	15022	101	13.0	57.0	41.0	12	9.0	11.0	9.0	0	0	3.292160987854004	97200	1067.4050228595734	40905	57.916666666666664	
-inf	42.03	10.104046242774567	23.289017341040463	17.13872832369942	-3.42226926109051	486	15049	122	13.0	63.0	44.0	9	9.0	11.0	9.0	0	0	3.3201749324798584	97400	1070.7251977920532	40975	57.931211498973305	
-inf	46.765	10.220338983050848	24.796610169491526	18.214689265536723	-3.42226926109051	487	15072	125	14.0	99.0	72.0	9	9.0	11.0	9.0	0	0	1.749392032623291	97600	1072.4745898246765	41055	57.93545081967213	
-inf	43.28	10.188888888888888	24.0	17.66111111111111	-3.42226926109051	488	15092	105	14.0	66.0	47.0	11	9.0	11.0	9.0	0	0	2.025304079055786	97800	1074.4998939037323	41123	57.9519427402863	
-inf	44.905	10.214689265536723	24.372881355932204	17.943502824858758	-3.42226926109051	489	15115	111	14.0	67.0	49.0	7	9.0	11.0	9.0	0	0	1.614940881729126	98000	1076.1148347854614	41191	57.96836734693878	
-inf	42.735	10.1875	24.6875	18.204545454545453	-3.42226926109051	490	15139	112	16.0	139.0	103.0	12	9.0	11.0	9.0	0	0	1.570467233657837	98200	1077.6853020191193	41262	57.98167006109979	
-inf	40.455	10.180790960451978	24.536723163841806	17.971751412429377	-3.42226926109051	491	15162	116	14.0	56.0	42.0	10	9.0	11.0	9.0	0	0	1.419041633605957	98400	1079.1043436527252	41339	57.988821138211385	
-inf	41.685	10.105263157894736	23.672514619883042	17.45614035087719	-3.42226926109051	492	15191	114	12.0	64.0	47.0	11	9.0	11.0	9.0	0	0	1.178455114364624	98600	1080.2827987670898	41401	58.01115618661258	
-inf	36.915	10.201183431952662	24.733727810650887	18.189349112426036	-3.42226926109051	493	15222	115	15.0	120.0	87.0	13	9.0	11.0	9.0	0	0	1.5274569988250732	98800	1081.810255765915	41473	58.02327935222672	
-inf	36.135	10.0875	23.475	17.2875	-3.42226926109051	494	15262	100	13.0	56.0	39.0	7	9.0	11.0	9.0	0	0	1.4684500694274902	99000	1083.2787058353424	41537	58.04343434343434	
-inf	37.54	10.06936416184971	22.99421965317919	16.982658959537574	-3.42226926109051	495	15289	90	12.0	50.0	36.0	7	9.0	11.0	9.0	0	0	1.445349931716919	99200	1084.7240557670593	41612	58.052419354838705	
-inf	36.015	10.170588235294117	23.723529411764705	17.523529411764706	-3.42226926109051	496	15319	73	14.0	61.0	43.0	6	9.0	11.0	9.0	0	0	1.6355881690979004	99400	1086.3596439361572	41690	58.058350100603626	
-inf	36.94	10.25	24.982142857142858	18.470238095238095	-3.42226926109051	497	15351	74	13.0	80.0	57.0	12	9.0	11.0	9.0	0	0	1.2173268795013428	99600	1087.5769708156586	41777	58.05522088353413	
-inf	36.885	10.233532934131736	24.077844311377245	17.78443113772455	-3.42226926109051	498	15384	77	13.0	49.0	35.0	8	9.0	11.0	9.0	0	0	2.4093329906463623	99800	1089.986303806305	41865	58.051102204408814	
-inf	39.585	10.202380952380953	24.767857142857142	18.160714285714285	-3.42226926109051	499	15416	87	13.0	54.0	38.0	9	9.0	11.0	9.0	0	0	1.2252659797668457	100000	1091.2115697860718	41938	58.062000000000005	
-inf	38.44	10.32183908045977	25.92528735632184	19.00574712643678	-3.42226926109051	500	15442	96	13.0	67.0	49.0	11	9.0	11.0	9.0	0	0	2.027987003326416	100200	1093.2395567893982	42034	58.0499001996008	
